<?xml version="1.0" encoding="UTF-8" ?>
<ClinicalNarrativeTemporalAnnotation>
<TEXT><![CDATA[
ADMISSION DATE :
01/01/98
DISCHARGE DATE :
01/07/98
DISCHARGE DATE :
01/07/98
HISTORY OF PRESENT ILLNESS :
Mr. Gach is an 80 year old man with aprevious history of coronary artery disease who was transferred from Linghs County Medical Center to Oaksgekesser/ Memorial Hospital because of an apparent infected wound , including the PICC line in his right elbow and positive blood cultures for Staph. aureus associated with fever .
He has a history of myocardial infarctions in 1981 , 1992 and 08/97 with thelast episode complicated by anoxic encephalopathy .
He gradually improved but had recurrent angina requiring cardiac catheterization , demonstrating 90% left main , 95% ostial LAD and 30 to 40% mid-LAD with an occluded RCA .
CABG surgery with two vessel bypass was done on 11/18/97 .
He was then transferred to Linghs County Medical Center .
A PICC line was placed in his left antecubital fossa and on the day of New Years Eve he developed a fever of 102 and became lethargic .
The PICC line site was erythematous .
Blood cultures grew out 4 out of 4 bottles for gram positive cocci , which thereafter proved to be Staph. aureus Methicillin sensitive .
He had no chest pain , shortness of breath or diarrhea .
HOSPITAL COURSE AND TREATMENT :
The patient was treated with intravenous antibiotics .
A lumbar puncture was obtained which showed normal pressure and no cells .
The CSF culture was negative .
A stool assay was taken for Clostridium difficile which was negative .
The patient gradually improved on the current therapy and was quite awake and alert , though still appeared to have some evidence of dementia and disorientation .
He was encouraged to eat and it was decided not to place either a feeding tube or to start TPN .
Dr. Rhalttland was called at Sondi Memorial to update him on the patient &apos;s condition .
He still needs much intensive rehabilitation , encouragement to eat and encouragement to get out of bed to use the bathroom rather than abed pain or a diaper .
He is being transferred to Linghs County Medical Center for further care .
CONDITION :
Stable and improved .
LAKO C. WARM , M.D. STAT
TR :
lv
DD :
01/06/98
TD :
01/06/98 7:41
Pcc :
LAKO C WARM , M.D.
]]></TEXT>
<TAGS>
<EVENT id="E34" start="1" end="10" text="ADMISSION" modality="FACTUAL" polarity="POS" type="OCCURRENCE" />
<EVENT id="E18" start="1008" end="1020" text="erythematous" modality="FACTUAL" polarity="POS" type="PROBLEM" />
<EVENT id="E19" start="1023" end="1037" text="Blood cultures" modality="FACTUAL" polarity="POS" type="TEST" />
<EVENT id="E20" start="1070" end="1089" text="gram positive cocci" modality="FACTUAL" polarity="POS" type="PROBLEM" />
<EVENT id="E21" start="1122" end="1135" text="Staph. aureus" modality="FACTUAL" polarity="POS" type="PROBLEM" />
<EVENT id="E22" start="1136" end="1147" text="Methicillin" modality="FACTUAL" polarity="POS" type="TREATMENT" />
<EVENT id="E23" start="1170" end="1180" text="chest pain" modality="FACTUAL" polarity="NEG" type="PROBLEM" />
<EVENT id="E24" start="1183" end="1202" text="shortness of breath" modality="FACTUAL" polarity="NEG" type="PROBLEM" />
<EVENT id="E25" start="1206" end="1214" text="diarrhea" modality="FACTUAL" polarity="NEG" type="PROBLEM" />
<EVENT id="E26" start="1278" end="1301" text="intravenous antibiotics" modality="FACTUAL" polarity="POS" type="TREATMENT" />
<EVENT id="E27" start="1304" end="1321" text="A lumbar puncture" modality="FACTUAL" polarity="POS" type="TEST" />
<EVENT id="E42" start="1341" end="1347" text="showed" modality="FACTUAL" polarity="POS" type="EVIDENTIAL" />
<EVENT id="E43" start="1348" end="1363" text="normal pressure" modality="FACTUAL" polarity="POS" type="OCCURRENCE" />
<EVENT id="E28" start="1371" end="1376" text="cells" modality="FACTUAL" polarity="NEG" type="PROBLEM" />
<EVENT id="E44" start="1379" end="1394" text="The CSF culture" modality="FACTUAL" polarity="POS" type="TEST" />
<EVENT id="E29" start="1410" end="1423" text="A stool assay" modality="FACTUAL" polarity="POS" type="TEST" />
<EVENT id="E30" start="1438" end="1459" text="Clostridium difficile" modality="FACTUAL" polarity="NEG" type="PROBLEM" />
<EVENT id="E45" start="1493" end="1511" text="gradually improved" modality="FACTUAL" polarity="POS" type="OCCURRENCE" />
<EVENT id="E31" start="1515" end="1534" text="the current therapy" modality="FACTUAL" polarity="POS" type="TREATMENT" />
<EVENT id="E46" start="1543" end="1564" text="quite awake and alert" modality="FACTUAL" polarity="POS" type="OCCURRENCE" />
<EVENT id="E47" start="1614" end="1622" text="dementia" modality="FACTUAL" polarity="POS" type="PROBLEM" />
<EVENT id="E48" start="1627" end="1641" text="disorientation" modality="FACTUAL" polarity="POS" type="PROBLEM" />
<EVENT id="E1" start="165" end="188" text="coronary artery disease" modality="FACTUAL" polarity="POS" type="PROBLEM" />
<EVENT id="E49" start="1651" end="1668" text="encouraged to eat" modality="FACTUAL" polarity="POS" type="TREATMENT" />
<EVENT id="E50" start="1708" end="1722" text="a feeding tube" modality="FACTUAL" polarity="NEG" type="TREATMENT" />
<EVENT id="E51" start="1735" end="1738" text="TPN" modality="FACTUAL" polarity="NEG" type="TREATMENT" />
<EVENT id="E52" start="1849" end="1878" text="much intensive rehabilitation" modality="FACTUAL" polarity="POS" type="TREATMENT" />
<EVENT id="E53" start="1881" end="1901" text="encouragement to eat" modality="FACTUAL" polarity="POS" type="TREATMENT" />
<EVENT id="E54" start="1906" end="1937" text="encouragement to get out of bed" modality="FACTUAL" polarity="POS" type="TREATMENT" />
<EVENT id="E32" start="1970" end="1979" text="abed pain" modality="FACTUAL" polarity="POS" type="TREATMENT" />
<EVENT id="E0" start="197" end="208" text="transferred" modality="FACTUAL" polarity="POS" type="OCCURRENCE" />
<EVENT id="E33" start="1983" end="1991" text="a diaper" modality="FACTUAL" polarity="POS" type="TREATMENT" />
<EVENT id="E55" start="2006" end="2017" text="transferred" modality="FACTUAL" polarity="POS" type="OCCURRENCE" />
<EVENT id="E56" start="2021" end="2049" text="Linghs County Medical Center" modality="FACTUAL" polarity="POS" type="CLINICAL_DEPT" />
<EVENT id="E57" start="2054" end="2066" text="further care" modality="FACTUAL" polarity="POS" type="TREATMENT" />
<EVENT id="E58" start="2081" end="2100" text="Stable and improved" modality="FACTUAL" polarity="POS" type="OCCURRENCE" />
<EVENT id="E37" start="214" end="242" text="Linghs County Medical Center" modality="FACTUAL" polarity="POS" type="CLINICAL_DEPT" />
<EVENT id="E38" start="246" end="277" text="Oaksgekesser/ Memorial Hospital" modality="FACTUAL" polarity="POS" type="CLINICAL_DEPT" />
<EVENT id="E35" start="27" end="36" text="DISCHARGE" modality="FACTUAL" polarity="POS" type="OCCURRENCE" />
<EVENT id="E2" start="289" end="315" text="an apparent infected wound" modality="FACTUAL" polarity="POS" type="PROBLEM" />
<EVENT id="E3" start="328" end="341" text="the PICC line" modality="FACTUAL" polarity="POS" type="TREATMENT" />
<EVENT id="E4" start="365" end="388" text="positive blood cultures" modality="FACTUAL" polarity="POS" type="PROBLEM" />
<EVENT id="E5" start="393" end="406" text="Staph. aureus" modality="FACTUAL" polarity="POS" type="PROBLEM" />
<EVENT id="E6" start="423" end="428" text="fever" modality="FACTUAL" polarity="POS" type="PROBLEM" />
<EVENT id="E7" start="451" end="473" text="myocardial infarctions" modality="FACTUAL" polarity="POS" type="PROBLEM" />
<EVENT id="E39" start="504" end="519" text="thelast episode" modality="FACTUAL" polarity="POS" type="PROBLEM" />
<EVENT id="E36" start="53" end="62" text="DISCHARGE" modality="FACTUAL" polarity="POS" type="OCCURRENCE" />
<EVENT id="E8" start="535" end="556" text="anoxic encephalopathy" modality="FACTUAL" polarity="POS" type="PROBLEM" />
<EVENT id="E40" start="572" end="580" text="improved" modality="FACTUAL" polarity="POS" type="OCCURRENCE" />
<EVENT id="E9" start="589" end="605" text="recurrent angina" modality="FACTUAL" polarity="POS" type="PROBLEM" />
<EVENT id="E10" start="616" end="639" text="cardiac catheterization" modality="FACTUAL" polarity="POS" type="TEST" />
<EVENT id="E59" start="642" end="655" text="demonstrating" modality="FACTUAL" polarity="POS" type="EVIDENTIAL" />
<EVENT id="E11" start="714" end="729" text="an occluded RCA" modality="FACTUAL" polarity="POS" type="PROBLEM" />
<EVENT id="E12" start="732" end="744" text="CABG surgery" modality="FACTUAL" polarity="POS" type="TREATMENT" />
<EVENT id="E13" start="750" end="767" text="two vessel bypass" modality="FACTUAL" polarity="POS" type="TREATMENT" />
<EVENT id="E60" start="803" end="814" text="transferred" modality="FACTUAL" polarity="POS" type="OCCURRENCE" />
<EVENT id="E41" start="818" end="846" text="Linghs County Medical Center" modality="FACTUAL" polarity="POS" type="CLINICAL_DEPT" />
<EVENT id="E14" start="849" end="860" text="A PICC line" modality="FACTUAL" polarity="POS" type="TREATMENT" />
<EVENT id="E15" start="947" end="954" text="a fever" modality="FACTUAL" polarity="POS" type="PROBLEM" />
<EVENT id="E16" start="973" end="982" text="lethargic" modality="FACTUAL" polarity="POS" type="PROBLEM" />
<EVENT id="E17" start="985" end="1003" text="The PICC line site" modality="FACTUAL" polarity="POS" type="TREATMENT" />
<TIMEX3 id="T1" start="18" end="26" text="01/01/98" type="DATE" val="1998-01-01" mod="NA" />
<TIMEX3 id="T2" start="44" end="52" text="01/07/98" type="DATE" val="1998-01-07" mod="NA" />
<TIMEX3 id="T0" start="477" end="481" text="1981" type="DATE" val="1981" mod="NA" />
<TIMEX3 id="T3" start="484" end="488" text="1992" type="DATE" val="1992" mod="NA" />
<TIMEX3 id="T4" start="493" end="498" text="08/97" type="DATE" val="1997-08" mod="NA" />
<TIMEX3 id="T6" start="70" end="78" text="01/07/98" type="DATE" val="1998-01-07" mod="NA" />
<TIMEX3 id="T5" start="780" end="788" text="11/18/97" type="DATE" val="1997-11-18" mod="NA" />
<TIMEX3 id="T7" start="909" end="916" text="the day" type="DATE" val="" mod="NA" />
<TIMEX3 id="T8" start="920" end="933" text="New Years Eve" type="DATE" val="1997-12-31" mod="NA" />
<TLINK id="TL0" fromID="E34" fromText="ADMISSION" toID="T1" toText="01/01/98" type="SIMULTANEOUS" />
<TLINK id="TL1" fromID="E35" fromText="DISCHARGE" toID="E36" toText="DISCHARGE" type="SIMULTANEOUS" />
<TLINK id="TL10" fromID="E2" fromText="an apparent infected wound" toID="E38" toText="Oaksgekesser/ Memorial Hospital" type="BEFORE_OVERLAP" />
<TLINK id="TL11" fromID="E3" fromText="the PICC line" toID="E2" toText="an apparent infected wound" type="OVERLAP" />
<TLINK id="TL12" fromID="E4" fromText="positive blood cultures" toID="E3" toText="the PICC line" type="OVERLAP" />
<TLINK id="TL13" fromID="E5" fromText="Staph. aureus" toID="E4" toText="positive blood cultures" type="SIMULTANEOUS" />
<TLINK id="TL14" fromID="E6" fromText="fever" toID="E5" toText="Staph. aureus" type="OVERLAP" />
<TLINK id="TL15" fromID="E7" fromText="myocardial infarctions" toID="E34" toText="ADMISSION" type="BEFORE" />
<TLINK id="TL16" fromID="E7" fromText="myocardial infarctions" toID="T0" toText="1981" type="SIMULTANEOUS" />
<TLINK id="TL17" fromID="E7" fromText="myocardial infarctions" toID="T3" toText="1992" type="SIMULTANEOUS" />
<TLINK id="TL18" fromID="E7" fromText="myocardial infarctions" toID="T4" toText="08/97" type="SIMULTANEOUS" />
<TLINK id="TL19" fromID="E39" fromText="thelast episode" toID="T4" toText="08/97" type="SIMULTANEOUS" />
<TLINK id="TL2" fromID="E2" fromText="an apparent infected wound" toID="E3" toText="the PICC line" type="OVERLAP" />
<TLINK id="TL20" fromID="E8" fromText="anoxic encephalopathy" toID="E39" toText="thelast episode" type="OVERLAP" />
<TLINK id="TL21" fromID="E40" fromText="improved" toID="E39" toText="thelast episode" type="AFTER" />
<TLINK id="TL22" fromID="E9" fromText="recurrent angina" toID="E40" toText="improved" type="AFTER" />
<TLINK id="TL23" fromID="E9" fromText="recurrent angina" toID="E10" toText="cardiac catheterization" type="BEFORE_OVERLAP" />
<TLINK id="TL24" fromID="E59" fromText="demonstrating" toID="E10" toText="cardiac catheterization" type="SIMULTANEOUS" />
<TLINK id="TL25" fromID="E11" fromText="an occluded RCA" toID="E59" toText="demonstrating" type="BEFORE_OVERLAP" />
<TLINK id="TL26" fromID="T5" fromText="11/18/97" toID="E10" toText="cardiac catheterization" type="AFTER" />
<TLINK id="TL27" fromID="E12" fromText="CABG surgery" toID="E13" toText="two vessel bypass" type="SIMULTANEOUS" />
<TLINK id="TL28" fromID="E13" fromText="two vessel bypass" toID="T5" toText="11/18/97" type="SIMULTANEOUS" />
<TLINK id="TL29" fromID="E60" fromText="transferred" toID="E12" toText="CABG surgery" type="AFTER" />
<TLINK id="TL3" fromID="E3" fromText="the PICC line" toID="E4" toText="positive blood cultures" type="OVERLAP" />
<TLINK id="TL30" fromID="E41" fromText="Linghs County Medical Center" toID="E60" toText="transferred" type="BEGUN_BY" />
<TLINK id="TL31" fromID="E14" fromText="A PICC line" toID="E41" toText="Linghs County Medical Center" type="BEGUN_BY" />
<TLINK id="TL32" fromID="E14" fromText="A PICC line" toID="E17" toText="The PICC line site" type="SIMULTANEOUS" />
<TLINK id="TL33" fromID="E14" fromText="A PICC line" toID="T8" toText="New Years Eve" type="BEFORE_OVERLAP" />
<TLINK id="TL34" fromID="T7" fromText="the day" toID="T8" toText="New Years Eve" type="SIMULTANEOUS" />
<TLINK id="TL35" fromID="E15" fromText="a fever" toID="T7" toText="the day" type="SIMULTANEOUS" />
<TLINK id="TL36" fromID="E16" fromText="lethargic" toID="E15" toText="a fever" type="SIMULTANEOUS" />
<TLINK id="TL37" fromID="E18" fromText="erythematous" toID="E16" toText="lethargic" type="OVERLAP" />
<TLINK id="TL38" fromID="E18" fromText="erythematous" toID="E19" toText="Blood cultures" type="BEFORE_OVERLAP" />
<TLINK id="TL39" fromID="E20" fromText="gram positive cocci" toID="E19" toText="Blood cultures" type="BEFORE_OVERLAP" />
<TLINK id="TL4" fromID="E10" fromText="cardiac catheterization" toID="E11" toText="an occluded RCA" type="OVERLAP" />
<TLINK id="TL40" fromID="E21" fromText="Staph. aureus" toID="E20" toText="gram positive cocci" type="SIMULTANEOUS" />
<TLINK id="TL41" fromID="E21" fromText="Staph. aureus" toID="E22" toText="Methicillin" type="ENDED_BY" />
<TLINK id="TL42" fromID="E23" fromText="chest pain" toID="E18" toText="erythematous" type="OVERLAP" />
<TLINK id="TL43" fromID="E24" fromText="shortness of breath" toID="E23" toText="chest pain" type="OVERLAP" />
<TLINK id="TL44" fromID="E25" fromText="diarrhea" toID="E24" toText="shortness of breath" type="OVERLAP" />
<TLINK id="TL45" fromID="E26" fromText="intravenous antibiotics" toID="E38" toText="Oaksgekesser/ Memorial Hospital" type="DURING" />
<TLINK id="TL46" fromID="E27" fromText="A lumbar puncture" toID="E26" toText="intravenous antibiotics" type="OVERLAP" />
<TLINK id="TL47" fromID="E42" fromText="showed" toID="E27" toText="A lumbar puncture" type="SIMULTANEOUS" />
<TLINK id="TL48" fromID="E43" fromText="normal pressure" toID="E42" toText="showed" type="BEFORE_OVERLAP" />
<TLINK id="TL49" fromID="E28" fromText="cells" toID="E43" toText="normal pressure" type="OVERLAP" />
<TLINK id="TL5" fromID="E35" fromText="DISCHARGE" toID="T2" toText="01/07/98" type="SIMULTANEOUS" />
<TLINK id="TL50" fromID="E44" fromText="The CSF culture" toID="E27" toText="A lumbar puncture" type="OVERLAP" />
<TLINK id="TL51" fromID="E29" fromText="A stool assay" toID="E44" toText="The CSF culture" type="OVERLAP" />
<TLINK id="TL52" fromID="E30" fromText="Clostridium difficile" toID="E29" toText="A stool assay" type="BEFORE_OVERLAP" />
<TLINK id="TL53" fromID="E45" fromText="gradually improved" toID="E29" toText="A stool assay" type="OVERLAP" />
<TLINK id="TL54" fromID="E45" fromText="gradually improved" toID="E31" toText="the current therapy" type="OVERLAP" />
<TLINK id="TL55" fromID="E46" fromText="quite awake and alert" toID="E45" toText="gradually improved" type="OVERLAP" />
<TLINK id="TL56" fromID="E47" fromText="dementia" toID="E46" toText="quite awake and alert" type="OVERLAP" />
<TLINK id="TL57" fromID="E48" fromText="disorientation" toID="E47" toText="dementia" type="OVERLAP" />
<TLINK id="TL58" fromID="E49" fromText="encouraged to eat" toID="E48" toText="disorientation" type="OVERLAP" />
<TLINK id="TL59" fromID="E50" fromText="a feeding tube" toID="E49" toText="encouraged to eat" type="OVERLAP" />
<TLINK id="TL6" fromID="E1" fromText="coronary artery disease" toID="E34" toText="ADMISSION" type="BEFORE" />
<TLINK id="TL60" fromID="E51" fromText="TPN" toID="E50" toText="a feeding tube" type="OVERLAP" />
<TLINK id="TL62" fromID="E53" fromText="encouragement to eat" toID="E52" toText="much intensive rehabilitation" type="OVERLAP" />
<TLINK id="TL63" fromID="E54" fromText="encouragement to get out of bed" toID="E53" toText="encouragement to eat" type="OVERLAP" />
<TLINK id="TL64" fromID="E32" fromText="abed pain" toID="E54" toText="encouragement to get out of bed" type="OVERLAP" />
<TLINK id="TL65" fromID="E33" fromText="a diaper" toID="E32" toText="abed pain" type="OVERLAP" />
<TLINK id="TL66" fromID="E55" fromText="transferred" toID="E35" toText="DISCHARGE" type="SIMULTANEOUS" />
<TLINK id="TL67" fromID="E52" fromText="much intensive rehabilitation" toID="E35" toText="DISCHARGE" type="BEFORE_OVERLAP" />
<TLINK id="TL68" fromID="E56" fromText="Linghs County Medical Center" toID="E55" toText="transferred" type="BEGUN_BY" />
<TLINK id="TL69" fromID="E57" fromText="further care" toID="E56" toText="Linghs County Medical Center" type="BEGUN_BY" />
<TLINK id="TL7" fromID="E0" fromText="transferred" toID="E34" toText="ADMISSION" type="SIMULTANEOUS" />
<TLINK id="TL8" fromID="E37" fromText="Linghs County Medical Center" toID="E0" toText="transferred" type="ENDED_BY" />
<TLINK id="TL9" fromID="E38" fromText="Oaksgekesser/ Memorial Hospital" toID="E0" toText="transferred" type="BEGUN_BY" />
<TLINK id="Sectime0" fromID="E18" fromText="erythematous" toID="T1" toText="01/01/98" type="BEFORE_OVERLAP" />
<TLINK id="Sectime1" fromID="E19" fromText="Blood cultures" toID="T1" toText="01/01/98" type="BEFORE" />
<TLINK id="Sectime2" fromID="E20" fromText="gram positive cocci" toID="T1" toText="01/01/98" type="BEFORE" />
<TLINK id="Sectime3" fromID="E21" fromText="Staph. aureus" toID="T1" toText="01/01/98" type="BEFORE_OVERLAP" />
<TLINK id="Sectime4" fromID="E22" fromText="Methicillin" toID="T1" toText="01/01/98" type="AFTER" />
<TLINK id="Sectime5" fromID="E23" fromText="chest pain" toID="T1" toText="01/01/98" type="BEFORE_OVERLAP" />
<TLINK id="Sectime6" fromID="E24" fromText="shortness of breath" toID="T1" toText="01/01/98" type="BEFORE_OVERLAP" />
<TLINK id="Sectime7" fromID="E25" fromText="diarrhea" toID="T1" toText="01/01/98" type="BEFORE_OVERLAP" />
<TLINK id="Sectime0" fromID="E26" fromText="intravenous antibiotics" toID="T2" toText="01/07/98" type="BEFORE" />
<TLINK id="Sectime1" fromID="E27" fromText="A lumbar puncture" toID="T2" toText="01/07/98" type="BEFORE" />
<TLINK id="Sectime2" fromID="E42" fromText="showed" toID="T2" toText="01/07/98" type="BEFORE" />
<TLINK id="Sectime3" fromID="E43" fromText="normal pressure" toID="T2" toText="01/07/98" type="BEFORE" />
<TLINK id="Sectime4" fromID="E28" fromText="cells" toID="T2" toText="01/07/98" type="BEFORE" />
<TLINK id="Sectime5" fromID="E44" fromText="The CSF culture" toID="T2" toText="01/07/98" type="BEFORE" />
<TLINK id="Sectime6" fromID="E29" fromText="A stool assay" toID="T2" toText="01/07/98" type="BEFORE" />
<TLINK id="Sectime7" fromID="E30" fromText="Clostridium difficile" toID="T2" toText="01/07/98" type="BEFORE" />
<TLINK id="Sectime8" fromID="E45" fromText="gradually improved" toID="T2" toText="01/07/98" type="BEFORE" />
<TLINK id="Sectime9" fromID="E31" fromText="the current therapy" toID="T2" toText="01/07/98" type="BEFORE" />
<TLINK id="Sectime10" fromID="E46" fromText="quite awake and alert" toID="T2" toText="01/07/98" type="BEFORE" />
<TLINK id="Sectime11" fromID="E47" fromText="dementia" toID="T2" toText="01/07/98" type="BEFORE_OVERLAP" />
<TLINK id="Sectime12" fromID="E48" fromText="disorientation" toID="T2" toText="01/07/98" type="BEFORE_OVERLAP" />
<TLINK id="Sectime8" fromID="E1" fromText="coronary artery disease" toID="T1" toText="01/01/98" type="BEFORE" />
<TLINK id="Sectime13" fromID="E49" fromText="encouraged to eat" toID="T2" toText="01/07/98" type="BEFORE" />
<TLINK id="Sectime14" fromID="E50" fromText="a feeding tube" toID="T2" toText="01/07/98" type="BEFORE" />
<TLINK id="Sectime15" fromID="E51" fromText="TPN" toID="T2" toText="01/07/98" type="BEFORE" />
<TLINK id="Sectime16" fromID="E52" fromText="much intensive rehabilitation" toID="T2" toText="01/07/98" type="BEFORE_OVERLAP" />
<TLINK id="Sectime17" fromID="E53" fromText="encouragement to eat" toID="T2" toText="01/07/98" type="BEFORE_OVERLAP" />
<TLINK id="Sectime18" fromID="E54" fromText="encouragement to get out of bed" toID="T2" toText="01/07/98" type="BEFORE_OVERLAP" />
<TLINK id="Sectime19" fromID="E32" fromText="abed pain" toID="T2" toText="01/07/98" type="BEFORE_OVERLAP" />
<TLINK id="Sectime9" fromID="E0" fromText="transferred" toID="T1" toText="01/01/98" type="OVERLAP" />
<TLINK id="Sectime20" fromID="E33" fromText="a diaper" toID="T2" toText="01/07/98" type="BEFORE_OVERLAP" />
<TLINK id="Sectime21" fromID="E55" fromText="transferred" toID="T2" toText="01/07/98" type="OVERLAP" />
<TLINK id="Sectime22" fromID="E56" fromText="Linghs County Medical Center" toID="T2" toText="01/07/98" type="OVERLAP" />
<TLINK id="Sectime23" fromID="E57" fromText="further care" toID="T2" toText="01/07/98" type="AFTER" />
<TLINK id="Sectime24" fromID="E58" fromText="Stable and improved" toID="T2" toText="01/07/98" type="BEFORE_OVERLAP" />
<TLINK id="Sectime10" fromID="E37" fromText="Linghs County Medical Center" toID="T1" toText="01/01/98" type="BEFORE_OVERLAP" />
<TLINK id="Sectime11" fromID="E38" fromText="Oaksgekesser/ Memorial Hospital" toID="T1" toText="01/01/98" type="OVERLAP" />
<TLINK id="Sectime12" fromID="E2" fromText="an apparent infected wound" toID="T1" toText="01/01/98" type="BEFORE_OVERLAP" />
<TLINK id="Sectime13" fromID="E3" fromText="the PICC line" toID="T1" toText="01/01/98" type="BEFORE_OVERLAP" />
<TLINK id="Sectime14" fromID="E4" fromText="positive blood cultures" toID="T1" toText="01/01/98" type="BEFORE" />
<TLINK id="Sectime15" fromID="E5" fromText="Staph. aureus" toID="T1" toText="01/01/98" type="BEFORE_OVERLAP" />
<TLINK id="Sectime16" fromID="E6" fromText="fever" toID="T1" toText="01/01/98" type="BEFORE_OVERLAP" />
<TLINK id="Sectime17" fromID="E7" fromText="myocardial infarctions" toID="T1" toText="01/01/98" type="BEFORE" />
<TLINK id="Sectime18" fromID="E39" fromText="thelast episode" toID="T1" toText="01/01/98" type="BEFORE" />
<TLINK id="Sectime19" fromID="E8" fromText="anoxic encephalopathy" toID="T1" toText="01/01/98" type="BEFORE" />
<TLINK id="Sectime20" fromID="E40" fromText="improved" toID="T1" toText="01/01/98" type="BEFORE" />
<TLINK id="Sectime21" fromID="E9" fromText="recurrent angina" toID="T1" toText="01/01/98" type="BEFORE" />
<TLINK id="Sectime22" fromID="E10" fromText="cardiac catheterization" toID="T1" toText="01/01/98" type="BEFORE" />
<TLINK id="Sectime23" fromID="E59" fromText="demonstrating" toID="T1" toText="01/01/98" type="BEFORE" />
<TLINK id="Sectime24" fromID="E11" fromText="an occluded RCA" toID="T1" toText="01/01/98" type="BEFORE" />
<TLINK id="Sectime25" fromID="E12" fromText="CABG surgery" toID="T1" toText="01/01/98" type="BEFORE" />
<TLINK id="Sectime26" fromID="E13" fromText="two vessel bypass" toID="T1" toText="01/01/98" type="BEFORE" />
<TLINK id="Sectime27" fromID="E60" fromText="transferred" toID="T1" toText="01/01/98" type="BEFORE" />
<TLINK id="Sectime28" fromID="E41" fromText="Linghs County Medical Center" toID="T1" toText="01/01/98" type="BEFORE_OVERLAP" />
<TLINK id="Sectime29" fromID="E14" fromText="A PICC line" toID="T1" toText="01/01/98" type="BEFORE_OVERLAP" />
<TLINK id="Sectime30" fromID="E15" fromText="a fever" toID="T1" toText="01/01/98" type="BEFORE_OVERLAP" />
<TLINK id="Sectime31" fromID="E16" fromText="lethargic" toID="T1" toText="01/01/98" type="BEFORE_OVERLAP" />
<TLINK id="Sectime32" fromID="E17" fromText="The PICC line site" toID="T1" toText="01/01/98" type="BEFORE_OVERLAP" />
<SECTIME id="S0" start="18" end="26" text="01/01/98" type="ADMISSION" dvalue="1998-01-01" />
<SECTIME id="S1" start="44" end="52" text="01/07/98" type="DISCHARGE" dvalue="1998-01-07" />
</TAGS>
</ClinicalNarrativeTemporalAnnotation>