<?xml version="1.0" encoding="UTF-8" ?>
<ClinicalNarrativeTemporalAnnotation>
<TEXT><![CDATA[
Admission Date :
2014-04-21
Discharge Date :
2014-04-24
Service :
CARDIOTHORACIC
History of Present Illness :
This 53-year-old with a history of multiple transient ischemic attacks in the past was investigated and was found to have a small patent foramen ovale , and he was electively admitted for closure of the same .
His preoperative investigations with coronary angiogram showed normal coronary arteries .
His left ventricular function was well preserved .
He had no valvular disease .
Brief Hospital Course :
Mr. Freeman was admitted to the Nantucket Cottage Hospital on 2014-04-21 for surgical management of his PFO .
He was taken to the operating room where he underwent a mini-thoracotomy with closure of his patent foramen ovale ( PFO ) .
Postoperatively he was taken to the cardiac surgical intensive care unit for monitoring .
Within a few hours , he woke neurologically intact and was extubated .
Aspirin was resumed. On postoperative day one , he was transferred to the cardiac surgical step down unit .
He was gently diuresed towards his preoperative weight .
The physical therapy service was consulted for assistance with his postoperative strength and mobility .
Iron and vitamin C were started for postoperative anemia .
Mr. Freeman maintained stable hemodynamics with a normal sinus rhythm throughout his postoperative course .
He continued to make steady progress and was discharged home on postoperative day three .
He will follow-up with Dr. de la Cisneros , Dr. Belt , his cardiologist and his primary care physician as an outpatient .
]]></TEXT>
<TAGS>
<EVENT id="E0" start="1" end="10" text="Admission" modality="FACTUAL" polarity="POS" type="OCCURRENCE" />
<EVENT id="E27" start="1032" end="1040" text="diuresed" modality="FACTUAL" polarity="POS" type="TREATMENT" />
<EVENT id="E28" start="1066" end="1072" text="weight" modality="FACTUAL" polarity="POS" type="TEST" />
<EVENT id="E29" start="1108" end="1117" text="consulted" modality="FACTUAL" polarity="POS" type="OCCURRENCE" />
<EVENT id="E30" start="1180" end="1184" text="Iron" modality="FACTUAL" polarity="POS" type="TREATMENT" />
<EVENT id="E31" start="1189" end="1198" text="vitamin C" modality="FACTUAL" polarity="POS" type="TREATMENT" />
<EVENT id="E32" start="1216" end="1236" text="postoperative anemia" modality="FACTUAL" polarity="POS" type="PROBLEM" />
<EVENT id="E33" start="1262" end="1281" text="stable hemodynamics" modality="FACTUAL" polarity="POS" type="OCCURRENCE" />
<EVENT id="E34" start="1287" end="1308" text="a normal sinus rhythm" modality="FACTUAL" polarity="POS" type="OCCURRENCE" />
<EVENT id="E35" start="1320" end="1344" text="his postoperative course" modality="FACTUAL" polarity="POS" type="OCCURRENCE" />
<EVENT id="E36" start="1363" end="1383" text="make steady progress" modality="FACTUAL" polarity="POS" type="OCCURRENCE" />
<EVENT id="E37" start="1392" end="1402" text="discharged" modality="FACTUAL" polarity="POS" type="OCCURRENCE" />
<EVENT id="E38" start="1445" end="1454" text="follow-up" modality="PROPOSED" polarity="POS" type="OCCURRENCE" />
<EVENT id="E2" start="146" end="181" text="multiple transient ischemic attacks" modality="FACTUAL" polarity="POS" type="PROBLEM" />
<EVENT id="E3" start="198" end="210" text="investigated" modality="FACTUAL" polarity="POS" type="TEST" />
<EVENT id="E4" start="233" end="261" text="a small patent foramen ovale" modality="FACTUAL" polarity="POS" type="PROBLEM" />
<EVENT id="E5" start="275" end="294" text="electively admitted" modality="FACTUAL" polarity="POS" type="OCCURRENCE" />
<EVENT id="E1" start="29" end="38" text="Discharge" modality="FACTUAL" polarity="POS" type="OCCURRENCE" />
<EVENT id="E6" start="299" end="306" text="closure" modality="FACTUAL" polarity="POS" type="TREATMENT" />
<EVENT id="E7" start="321" end="352" text="His preoperative investigations" modality="FACTUAL" polarity="POS" type="TEST" />
<EVENT id="E8" start="358" end="376" text="coronary angiogram" modality="FACTUAL" polarity="POS" type="TEST" />
<EVENT id="E9" start="377" end="383" text="showed" modality="FACTUAL" polarity="POS" type="EVIDENTIAL" />
<EVENT id="E10" start="384" end="408" text="normal coronary arteries" modality="FACTUAL" polarity="POS" type="OCCURRENCE" />
<EVENT id="E11" start="472" end="488" text="valvular disease" modality="FACTUAL" polarity="NEG" type="PROBLEM" />
<EVENT id="E12" start="531" end="539" text="admitted" modality="FACTUAL" polarity="POS" type="OCCURRENCE" />
<EVENT id="E13" start="543" end="573" text="the Nantucket Cottage Hospital" modality="FACTUAL" polarity="POS" type="CLINICAL_DEPT" />
<EVENT id="E14" start="592" end="611" text="surgical management" modality="FACTUAL" polarity="POS" type="TREATMENT" />
<EVENT id="E15" start="615" end="622" text="his PFO" modality="FACTUAL" polarity="POS" type="PROBLEM" />
<EVENT id="E16" start="641" end="659" text="the operating room" modality="FACTUAL" polarity="POS" type="CLINICAL_DEPT" />
<EVENT id="E17" start="679" end="697" text="a mini-thoracotomy" modality="FACTUAL" polarity="POS" type="TREATMENT" />
<EVENT id="E18" start="703" end="710" text="closure" modality="FACTUAL" polarity="POS" type="TREATMENT" />
<EVENT id="E19" start="714" end="746" text="his patent foramen ovale ( PFO )" modality="FACTUAL" polarity="POS" type="PROBLEM" />
<EVENT id="E20" start="781" end="821" text="the cardiac surgical intensive care unit" modality="FACTUAL" polarity="POS" type="CLINICAL_DEPT" />
<EVENT id="E21" start="826" end="836" text="monitoring" modality="FACTUAL" polarity="POS" type="TEST" />
<EVENT id="E22" start="863" end="867" text="woke" modality="FACTUAL" polarity="POS" type="OCCURRENCE" />
<EVENT id="E23" start="898" end="907" text="extubated" modality="FACTUAL" polarity="POS" type="TREATMENT" />
<EVENT id="E24" start="910" end="917" text="Aspirin" modality="FACTUAL" polarity="POS" type="TREATMENT" />
<EVENT id="E25" start="965" end="976" text="transferred" modality="FACTUAL" polarity="POS" type="OCCURRENCE" />
<EVENT id="E26" start="980" end="1015" text="the cardiac surgical step down unit" modality="FACTUAL" polarity="POS" type="CLINICAL_DEPT" />
<TIMEX3 id="T5" start="1411" end="1434" text="postoperative day three" type="DATE" val="2014-04-24" mod="NA" />
<TIMEX3 id="T0" start="18" end="28" text="2014-04-21" type="DATE" val="2014-04-21" mod="NA" />
<TIMEX3 id="T1" start="46" end="56" text="2014-04-24" type="DATE" val="2014-04-24" mod="NA" />
<TIMEX3 id="T2" start="577" end="587" text="2014-04-21" type="DATE" val="2014-04-21" mod="NA" />
<TIMEX3 id="T3" start="846" end="857" text="a few hours" type="DURATION" val="PT3H" mod="APPROX" />
<TIMEX3 id="T4" start="934" end="955" text="postoperative day one" type="DATE" val="2014-04-22" mod="NA" />
<TLINK id="TL0" fromID="E0" fromText="Admission" toID="T0" toText="2014-04-21" type="SIMULTANEOUS" />
<TLINK id="TL1" fromID="E37" fromText="discharged" toID="E1" toText="Discharge" type="SIMULTANEOUS" />
<TLINK id="TL10" fromID="E11" fromText="valvular disease" toID="E7" toText="His preoperative investigations" type="BEFORE_OVERLAP" />
<TLINK id="TL12" fromID="E7" fromText="His preoperative investigations" toID="E6" toText="closure" type="BEFORE" />
<TLINK id="TL13" fromID="E8" fromText="coronary angiogram" toID="E9" toText="showed" type="OVERLAP" />
<TLINK id="TL14" fromID="E10" fromText="normal coronary arteries" toID="E8" toText="coronary angiogram" type="BEFORE_OVERLAP" />
<TLINK id="TL15" fromID="E13" fromText="the Nantucket Cottage Hospital" toID="E12" toText="admitted" type="BEGUN_BY" />
<TLINK id="TL16" fromID="E12" fromText="admitted" toID="T2" toText="2014-04-21" type="SIMULTANEOUS" />
<TLINK id="TL17" fromID="E12" fromText="admitted" toID="E5" toText="electively admitted" type="SIMULTANEOUS" />
<TLINK id="TL18" fromID="E14" fromText="surgical management" toID="E6" toText="closure" type="SIMULTANEOUS" />
<TLINK id="TL19" fromID="E15" fromText="his PFO" toID="E4" toText="a small patent foramen ovale" type="SIMULTANEOUS" />
<TLINK id="TL2" fromID="E1" fromText="Discharge" toID="T1" toText="2014-04-24" type="SIMULTANEOUS" />
<TLINK id="TL20" fromID="E19" fromText="his patent foramen ovale ( PFO )" toID="E15" toText="his PFO" type="SIMULTANEOUS" />
<TLINK id="TL21" fromID="E16" fromText="the operating room" toID="E12" toText="admitted" type="AFTER" />
<TLINK id="TL22" fromID="E17" fromText="a mini-thoracotomy" toID="E16" toText="the operating room" type="DURING" />
<TLINK id="TL23" fromID="E16" fromText="the operating room" toID="T2" toText="2014-04-21" type="OVERLAP" />
<TLINK id="TL24" fromID="E18" fromText="closure" toID="E17" toText="a mini-thoracotomy" type="SIMULTANEOUS" />
<TLINK id="TL25" fromID="E19" fromText="his patent foramen ovale ( PFO )" toID="E18" toText="closure" type="ENDED_BY" />
<TLINK id="TL26" fromID="E20" fromText="the cardiac surgical intensive care unit" toID="E16" toText="the operating room" type="AFTER" />
<TLINK id="TL27" fromID="E20" fromText="the cardiac surgical intensive care unit" toID="E21" toText="monitoring" type="OVERLAP" />
<TLINK id="TL28" fromID="T3" fromText="a few hours" toID="E16" toText="the operating room" type="AFTER" />
<TLINK id="TL29" fromID="T3" fromText="a few hours" toID="E22" toText="woke" type="ENDED_BY" />
<TLINK id="TL3" fromID="E3" fromText="investigated" toID="E2" toText="multiple transient ischemic attacks" type="AFTER" />
<TLINK id="TL30" fromID="E23" fromText="extubated" toID="E22" toText="woke" type="AFTER" />
<TLINK id="TL32" fromID="E24" fromText="Aspirin" toID="E22" toText="woke" type="BEGUN_BY" />
<TLINK id="TL33" fromID="E25" fromText="transferred" toID="T4" toText="postoperative day one" type="SIMULTANEOUS" />
<TLINK id="TL34" fromID="E20" fromText="the cardiac surgical intensive care unit" toID="E25" toText="transferred" type="ENDED_BY" />
<TLINK id="TL35" fromID="E26" fromText="the cardiac surgical step down unit" toID="E25" toText="transferred" type="BEGUN_BY" />
<TLINK id="TL36" fromID="E27" fromText="diuresed" toID="E26" toText="the cardiac surgical step down unit" type="OVERLAP" />
<TLINK id="TL37" fromID="E28" fromText="weight" toID="E16" toText="the operating room" type="BEFORE" />
<TLINK id="TL38" fromID="E29" fromText="consulted" toID="E25" toText="transferred" type="AFTER" />
<TLINK id="TL39" fromID="E32" fromText="postoperative anemia" toID="E16" toText="the operating room" type="AFTER" />
<TLINK id="TL4" fromID="E3" fromText="investigated" toID="E0" toText="Admission" type="BEFORE" />
<TLINK id="TL40" fromID="E32" fromText="postoperative anemia" toID="E31" toText="vitamin C" type="BEFORE_OVERLAP" />
<TLINK id="TL41" fromID="E31" fromText="vitamin C" toID="E30" toText="Iron" type="SIMULTANEOUS" />
<TLINK id="TL42" fromID="E34" fromText="a normal sinus rhythm" toID="E33" toText="stable hemodynamics" type="SIMULTANEOUS" />
<TLINK id="TL43" fromID="E34" fromText="a normal sinus rhythm" toID="E35" toText="his postoperative course" type="DURING" />
<TLINK id="TL44" fromID="E35" fromText="his postoperative course" toID="E18" toText="closure" type="BEGUN_BY" />
<TLINK id="TL45" fromID="E35" fromText="his postoperative course" toID="T1" toText="2014-04-24" type="ENDED_BY" />
<TLINK id="TL46" fromID="E36" fromText="make steady progress" toID="E37" toText="discharged" type="BEFORE_OVERLAP" />
<TLINK id="TL47" fromID="E37" fromText="discharged" toID="T5" toText="postoperative day three" type="SIMULTANEOUS" />
<TLINK id="TL48" fromID="E38" fromText="follow-up" toID="E37" toText="discharged" type="AFTER" />
<TLINK id="TL5" fromID="E4" fromText="a small patent foramen ovale" toID="E0" toText="Admission" type="BEFORE_OVERLAP" />
<TLINK id="TL7" fromID="E18" fromText="closure" toID="E6" toText="closure" type="SIMULTANEOUS" />
<TLINK id="TL8" fromID="E6" fromText="closure" toID="E5" toText="electively admitted" type="AFTER" />
<TLINK id="TL9" fromID="E7" fromText="His preoperative investigations" toID="E8" toText="coronary angiogram" type="SIMULTANEOUS" />
<TLINK id="Sectime0" fromID="E27" fromText="diuresed" toID="T1" toText="2014-04-24" type="BEFORE" />
<TLINK id="Sectime1" fromID="E28" fromText="weight" toID="T1" toText="2014-04-24" type="BEFORE" />
<TLINK id="Sectime2" fromID="E29" fromText="consulted" toID="T1" toText="2014-04-24" type="BEFORE" />
<TLINK id="Sectime3" fromID="E30" fromText="Iron" toID="T1" toText="2014-04-24" type="BEFORE_OVERLAP" />
<TLINK id="Sectime4" fromID="E31" fromText="vitamin C" toID="T1" toText="2014-04-24" type="BEFORE_OVERLAP" />
<TLINK id="Sectime5" fromID="E32" fromText="postoperative anemia" toID="T1" toText="2014-04-24" type="BEFORE" />
<TLINK id="Sectime6" fromID="E33" fromText="stable hemodynamics" toID="T1" toText="2014-04-24" type="BEFORE" />
<TLINK id="Sectime7" fromID="E34" fromText="a normal sinus rhythm" toID="T1" toText="2014-04-24" type="BEFORE" />
<TLINK id="Sectime9" fromID="E36" fromText="make steady progress" toID="T1" toText="2014-04-24" type="BEFORE" />
<TLINK id="Sectime10" fromID="E37" fromText="discharged" toID="T1" toText="2014-04-24" type="OVERLAP" />
<TLINK id="Sectime11" fromID="E38" fromText="follow-up" toID="T1" toText="2014-04-24" type="AFTER" />
<TLINK id="Sectime0" fromID="E2" fromText="multiple transient ischemic attacks" toID="T0" toText="2014-04-21" type="BEFORE" />
<TLINK id="Sectime1" fromID="E3" fromText="investigated" toID="T0" toText="2014-04-21" type="BEFORE" />
<TLINK id="Sectime2" fromID="E4" fromText="a small patent foramen ovale" toID="T0" toText="2014-04-21" type="BEFORE_OVERLAP" />
<TLINK id="Sectime3" fromID="E5" fromText="electively admitted" toID="T0" toText="2014-04-21" type="OVERLAP" />
<TLINK id="Sectime4" fromID="E6" fromText="closure" toID="T0" toText="2014-04-21" type="AFTER" />
<TLINK id="Sectime5" fromID="E7" fromText="His preoperative investigations" toID="T0" toText="2014-04-21" type="BEFORE" />
<TLINK id="Sectime6" fromID="E8" fromText="coronary angiogram" toID="T0" toText="2014-04-21" type="BEFORE" />
<TLINK id="Sectime7" fromID="E9" fromText="showed" toID="T0" toText="2014-04-21" type="BEFORE" />
<TLINK id="Sectime8" fromID="E10" fromText="normal coronary arteries" toID="T0" toText="2014-04-21" type="BEFORE_OVERLAP" />
<TLINK id="Sectime9" fromID="E11" fromText="valvular disease" toID="T0" toText="2014-04-21" type="BEFORE_OVERLAP" />
<TLINK id="Sectime12" fromID="E12" fromText="admitted" toID="T1" toText="2014-04-24" type="BEFORE" />
<TLINK id="Sectime13" fromID="E13" fromText="the Nantucket Cottage Hospital" toID="T1" toText="2014-04-24" type="BEFORE" />
<TLINK id="Sectime14" fromID="E14" fromText="surgical management" toID="T1" toText="2014-04-24" type="BEFORE" />
<TLINK id="Sectime15" fromID="E15" fromText="his PFO" toID="T1" toText="2014-04-24" type="BEFORE" />
<TLINK id="Sectime16" fromID="E16" fromText="the operating room" toID="T1" toText="2014-04-24" type="BEFORE" />
<TLINK id="Sectime17" fromID="E17" fromText="a mini-thoracotomy" toID="T1" toText="2014-04-24" type="BEFORE" />
<TLINK id="Sectime18" fromID="E18" fromText="closure" toID="T1" toText="2014-04-24" type="BEFORE" />
<TLINK id="Sectime19" fromID="E19" fromText="his patent foramen ovale ( PFO )" toID="T1" toText="2014-04-24" type="BEFORE" />
<TLINK id="Sectime20" fromID="E20" fromText="the cardiac surgical intensive care unit" toID="T1" toText="2014-04-24" type="BEFORE" />
<TLINK id="Sectime21" fromID="E21" fromText="monitoring" toID="T1" toText="2014-04-24" type="BEFORE" />
<TLINK id="Sectime22" fromID="E22" fromText="woke" toID="T1" toText="2014-04-24" type="BEFORE" />
<TLINK id="Sectime23" fromID="E23" fromText="extubated" toID="T1" toText="2014-04-24" type="BEFORE" />
<TLINK id="Sectime24" fromID="E24" fromText="Aspirin" toID="T1" toText="2014-04-24" type="BEFORE_OVERLAP" />
<TLINK id="Sectime25" fromID="E25" fromText="transferred" toID="T1" toText="2014-04-24" type="BEFORE" />
<TLINK id="Sectime26" fromID="E26" fromText="the cardiac surgical step down unit" toID="T1" toText="2014-04-24" type="BEFORE" />
<SECTIME id="S0" start="18" end="28" text="2014-04-21" type="ADMISSION" dvalue="2014-04-21" />
<SECTIME id="S1" start="46" end="56" text="2014-04-24" type="DISCHARGE" dvalue="2014-04-24" />
</TAGS>
</ClinicalNarrativeTemporalAnnotation>