<?xml version="1.0" encoding="UTF-8" ?>
<ClinicalNarrativeTemporalAnnotation>
<TEXT><![CDATA[
Admission Date :
2015-10-28
Discharge Date :
2015-11-13
Service : CARDIOTHORACIC
Allergies :
History of Present Illness :
Ms. Bridge is a 74 y/o female admitted to outside hospital on 2015-10-21 with chest discomfort , vomiting and shortness of breath .
Initial EKG showed ST depressions , but cardiac enzymes were not elevated .
She eventually underwent a cardiac cath to assess coronary disease which revealed three vessel coronary artery disease .
She was then transferred to The Hospital for Orthopedics for surgical intervention .
Brief Hospital Course :
Ms. Bridge was admitted from OSH for coronary artery bypass surgery .
She underwent usual pre-operative testing along with carotid ultrasound .
CNIS revealed carotid stenosis and she ultimately underwent left carotid stenting by vascular surgery on 10-30 .
Please see report for details .
On 11-02 she was brought to the operating room where she underwent a coronary artery bypass graft x 2 .
Please see operative report for surgical details .
She tolerated the procedure well and was transferred to the CSRU for invasive monitoring in stable condition .
Later on op day sedation was weaned , she awoke neurologically intact and was extubated .
On post-op day one chest tubes were removed and beta blockers and diuretics were initiated .
She was gently diuresed towards her pre-op weight .
Also on this day she was transferred to the SDU .
Early on post-op day two Ms. Bridge had an episode of aphasia .
She underwent an immediate head CT and Neuro consult and was transferred back to the CSRU .
CT was negative and she returned to baseline neuro status without deficits by arrival to CSRU .
Neurology concluded episode was most concerning for TIA .
Epicardial pacing wires were removed on post-op day four .
After remaining stable in the CSRU for several days without change in neuro status she was transferred back to the SDU on post-op day four .
She was then started on Heparin with transition to Coumadin ( goal INR of 2-3 secondary to h/o bilateral DVT 's).
During entire post-op course she was followed by physical therapy for strength and mobility .
She continued to improve steadily over the next several days without any other post-op 
complications .
She was discharged on post-op day 11 .
]]></TEXT>
<TAGS>
<EVENT id="E0" start="1" end="10" text="Admission" modality="FACTUAL" polarity="POS" type="OCCURRENCE" />
<EVENT id="E33" start="1019" end="1032" text="the procedure" modality="FACTUAL" polarity="POS" type="TREATMENT" />
<EVENT id="E34" start="1033" end="1037" text="well" modality="FACTUAL" polarity="POS" type="OCCURRENCE" />
<EVENT id="E35" start="1046" end="1057" text="transferred" modality="FACTUAL" polarity="POS" type="OCCURRENCE" />
<EVENT id="E36" start="1061" end="1069" text="the CSRU" modality="FACTUAL" polarity="POS" type="CLINICAL_DEPT" />
<EVENT id="E37" start="1074" end="1093" text="invasive monitoring" modality="FACTUAL" polarity="POS" type="TEST" />
<EVENT id="E38" start="1097" end="1113" text="stable condition" modality="FACTUAL" polarity="POS" type="EVIDENTIAL" />
<EVENT id="E39" start="1132" end="1140" text="sedation" modality="FACTUAL" polarity="POS" type="TREATMENT" />
<EVENT id="E40" start="1145" end="1151" text="weaned" modality="FACTUAL" polarity="POS" type="TREATMENT" />
<EVENT id="E41" start="1158" end="1185" text="awoke neurologically intact" modality="FACTUAL" polarity="POS" type="OCCURRENCE" />
<EVENT id="E42" start="1194" end="1203" text="extubated" modality="FACTUAL" polarity="POS" type="TREATMENT" />
<EVENT id="E43" start="1225" end="1236" text="chest tubes" modality="FACTUAL" polarity="POS" type="TREATMENT" />
<EVENT id="E45" start="1254" end="1267" text="beta blockers" modality="FACTUAL" polarity="POS" type="TREATMENT" />
<EVENT id="E46" start="1272" end="1281" text="diuretics" modality="FACTUAL" polarity="POS" type="TREATMENT" />
<EVENT id="E47" start="1307" end="1322" text="gently diuresed" modality="FACTUAL" polarity="POS" type="TREATMENT" />
<EVENT id="E48" start="1376" end="1387" text="transferred" modality="FACTUAL" polarity="POS" type="OCCURRENCE" />
<EVENT id="E49" start="1391" end="1398" text="the SDU" modality="FACTUAL" polarity="POS" type="CLINICAL_DEPT" />
<EVENT id="E50" start="1455" end="1462" text="aphasia" modality="FACTUAL" polarity="POS" type="PROBLEM" />
<EVENT id="E51" start="1479" end="1499" text="an immediate head CT" modality="FACTUAL" polarity="POS" type="TEST" />
<EVENT id="E52" start="1504" end="1517" text="Neuro consult" modality="FACTUAL" polarity="POS" type="OCCURRENCE" />
<EVENT id="E53" start="1526" end="1537" text="transferred" modality="FACTUAL" polarity="POS" type="OCCURRENCE" />
<EVENT id="E2" start="153" end="161" text="admitted" modality="FACTUAL" polarity="POS" type="OCCURRENCE" />
<EVENT id="E54" start="1546" end="1554" text="the CSRU" modality="FACTUAL" polarity="POS" type="CLINICAL_DEPT" />
<EVENT id="E55" start="1557" end="1559" text="CT" modality="FACTUAL" polarity="POS" type="TEST" />
<EVENT id="E56" start="1593" end="1614" text="baseline neuro status" modality="FACTUAL" polarity="POS" type="OCCURRENCE" />
<EVENT id="E58" start="1623" end="1631" text="deficits" modality="FACTUAL" polarity="NEG" type="PROBLEM" />
<EVENT id="E59" start="1646" end="1650" text="CSRU" modality="FACTUAL" polarity="POS" type="CLINICAL_DEPT" />
<EVENT id="E3" start="165" end="181" text="outside hospital" modality="FACTUAL" polarity="POS" type="CLINICAL_DEPT" />
<EVENT id="E62" start="1653" end="1662" text="Neurology" modality="FACTUAL" polarity="POS" type="OCCURRENCE" />
<EVENT id="E60" start="1673" end="1680" text="episode" modality="FACTUAL" polarity="POS" type="EVIDENTIAL" />
<EVENT id="E61" start="1705" end="1708" text="TIA" modality="POSSIBLE" polarity="POS" type="PROBLEM" />
<EVENT id="E63" start="1711" end="1734" text="Epicardial pacing wires" modality="FACTUAL" polarity="POS" type="TREATMENT" />
<EVENT id="E64" start="1786" end="1792" text="stable" modality="FACTUAL" polarity="POS" type="OCCURRENCE" />
<EVENT id="E79" start="1796" end="1804" text="the CSRU" modality="FACTUAL" polarity="POS" type="CLINICAL_DEPT" />
<EVENT id="E65" start="1830" end="1852" text="change in neuro status" modality="FACTUAL" polarity="NEG" type="PROBLEM" />
<EVENT id="E66" start="1861" end="1872" text="transferred" modality="FACTUAL" polarity="POS" type="OCCURRENCE" />
<EVENT id="E67" start="1881" end="1888" text="the SDU" modality="FACTUAL" polarity="POS" type="CLINICAL_DEPT" />
<EVENT id="E68" start="1935" end="1942" text="Heparin" modality="FACTUAL" polarity="POS" type="TREATMENT" />
<EVENT id="E69" start="1948" end="1958" text="transition" modality="FACTUAL" polarity="POS" type="OCCURRENCE" />
<EVENT id="E70" start="1962" end="1970" text="Coumadin" modality="FACTUAL" polarity="POS" type="TREATMENT" />
<EVENT id="E71" start="1978" end="1981" text="INR" modality="HYPOTHETICAL" polarity="POS" type="TEST" />
<EVENT id="E4" start="201" end="217" text="chest discomfort" modality="FACTUAL" polarity="POS" type="PROBLEM" />
<EVENT id="E72" start="2006" end="2019" text="bilateral DVT" modality="FACTUAL" polarity="POS" type="PROBLEM" />
<EVENT id="E73" start="2032" end="2053" text="entire post-op course" modality="FACTUAL" polarity="POS" type="OCCURRENCE" />
<EVENT id="E74" start="2062" end="2070" text="followed" modality="FACTUAL" polarity="POS" type="OCCURRENCE" />
<EVENT id="E75" start="2074" end="2090" text="physical therapy" modality="FACTUAL" polarity="POS" type="TREATMENT" />
<EVENT id="E76" start="2136" end="2143" text="improve" modality="FACTUAL" polarity="POS" type="OCCURRENCE" />
<EVENT id="E5" start="220" end="228" text="vomiting" modality="FACTUAL" polarity="POS" type="PROBLEM" />
<EVENT id="E77" start="2207" end="2220" text="complications" modality="FACTUAL" polarity="NEG" type="PROBLEM" />
<EVENT id="E78" start="2231" end="2241" text="discharged" modality="FACTUAL" polarity="POS" type="OCCURRENCE" />
<EVENT id="E6" start="233" end="252" text="shortness of breath" modality="FACTUAL" polarity="POS" type="PROBLEM" />
<EVENT id="E8" start="263" end="266" text="EKG" modality="FACTUAL" polarity="POS" type="TEST" />
<EVENT id="E9" start="267" end="273" text="showed" modality="FACTUAL" polarity="POS" type="EVIDENTIAL" />
<EVENT id="E10" start="274" end="288" text="ST depressions" modality="FACTUAL" polarity="POS" type="PROBLEM" />
<EVENT id="E1" start="29" end="38" text="Discharge" modality="FACTUAL" polarity="POS" type="OCCURRENCE" />
<EVENT id="E11" start="295" end="310" text="cardiac enzymes" modality="FACTUAL" polarity="POS" type="TEST" />
<EVENT id="E12" start="320" end="328" text="elevated" modality="FACTUAL" polarity="NEG" type="PROBLEM" />
<EVENT id="E13" start="356" end="370" text="a cardiac cath" modality="FACTUAL" polarity="POS" type="TEST" />
<EVENT id="E14" start="381" end="397" text="coronary disease" modality="FACTUAL" polarity="POS" type="PROBLEM" />
<EVENT id="E15" start="404" end="412" text="revealed" modality="FACTUAL" polarity="POS" type="EVIDENTIAL" />
<EVENT id="E16" start="413" end="449" text="three vessel coronary artery disease" modality="FACTUAL" polarity="POS" type="PROBLEM" />
<EVENT id="E17" start="465" end="476" text="transferred" modality="FACTUAL" polarity="POS" type="OCCURRENCE" />
<EVENT id="E19" start="480" end="508" text="The Hospital for Orthopedics" modality="FACTUAL" polarity="POS" type="CLINICAL_DEPT" />
<EVENT id="E20" start="513" end="534" text="surgical intervention" modality="FACTUAL" polarity="POS" type="TREATMENT" />
<EVENT id="E21" start="576" end="584" text="admitted" modality="FACTUAL" polarity="POS" type="OCCURRENCE" />
<EVENT id="E22" start="590" end="593" text="OSH" modality="FACTUAL" polarity="POS" type="CLINICAL_DEPT" />
<EVENT id="E23" start="598" end="628" text="coronary artery bypass surgery" modality="FACTUAL" polarity="POS" type="TREATMENT" />
<EVENT id="E24" start="645" end="672" text="usual pre-operative testing" modality="FACTUAL" polarity="POS" type="TEST" />
<EVENT id="E25" start="684" end="702" text="carotid ultrasound" modality="FACTUAL" polarity="POS" type="TEST" />
<EVENT id="E28" start="705" end="709" text="CNIS" modality="FACTUAL" polarity="POS" type="TEST" />
<EVENT id="E29" start="710" end="718" text="revealed" modality="FACTUAL" polarity="POS" type="OCCURRENCE" />
<EVENT id="E26" start="719" end="735" text="carotid stenosis" modality="FACTUAL" polarity="POS" type="PROBLEM" />
<EVENT id="E27" start="765" end="786" text="left carotid stenting" modality="FACTUAL" polarity="POS" type="TREATMENT" />
<EVENT id="E30" start="790" end="806" text="vascular surgery" modality="FACTUAL" polarity="POS" type="OCCURRENCE" />
<EVENT id="E31" start="878" end="896" text="the operating room" modality="FACTUAL" polarity="POS" type="CLINICAL_DEPT" />
<EVENT id="E32" start="917" end="947" text="a coronary artery bypass graft" modality="FACTUAL" polarity="POS" type="TREATMENT" />
<TIMEX3 id="T6" start="1125" end="1131" text="op day" type="DATE" val="2015-11-02" mod="NA" />
<TIMEX3 id="T7" start="1209" end="1224" text="post-op day one" type="DATE" val="2015-11-03" mod="NA" />
<TIMEX3 id="T8" start="1359" end="1367" text="this day" type="DATE" val="2015-11-03" mod="NA" />
<TIMEX3 id="T9" start="1410" end="1425" text="post-op day two" type="DATE" val="2015-11-04" mod="NA" />
<TIMEX3 id="T10" start="1751" end="1767" text="post-op day four" type="DATE" val="2015-11-06" mod="NA" />
<TIMEX3 id="T0" start="18" end="28" text="2015-10-28" type="DATE" val="2015-10-28" mod="NA" />
<TIMEX3 id="T12" start="1809" end="1821" text="several days" type="DURATION" val="P3D" mod="APPROX" />
<TIMEX3 id="T2" start="185" end="195" text="2015-10-21" type="DATE" val="2015-10-21" mod="NA" />
<TIMEX3 id="T11" start="1892" end="1908" text="post-op day four" type="DATE" val="2015-11-06" mod="NA" />
<TIMEX3 id="T13" start="2167" end="2179" text="several days" type="DURATION" val="P3D" mod="APPROX" />
<TIMEX3 id="T14" start="2245" end="2259" text="post-op day 11" type="DATE" val="2015-11-13" mod="NA" />
<TIMEX3 id="T1" start="46" end="56" text="2015-11-13" type="DATE" val="2015-11-13" mod="NA" />
<TIMEX3 id="T3" start="810" end="815" text="10-30" type="DATE" val="2015-10-30" mod="NA" />
<TIMEX3 id="T4" start="853" end="858" text="11-02" type="DATE" val="2015-11-02" mod="NA" />
<TIMEX3 id="T5" start="948" end="951" text="x 2" type="FREQUENCY" val="r2" mod="NA" />
<TLINK id="TL0" fromID="E0" fromText="Admission" toID="T0" toText="2015-10-28" type="SIMULTANEOUS" />
<TLINK id="TL1" fromID="T1" fromText="2015-11-13" toID="E1" toText="Discharge" type="BEFORE_OVERLAP" />
<TLINK id="TL10" fromID="E10" fromText="ST depressions" toID="E8" toText="EKG" type="BEFORE_OVERLAP" />
<TLINK id="TL11" fromID="E11" fromText="cardiac enzymes" toID="E3" toText="outside hospital" type="OVERLAP" />
<TLINK id="TL12" fromID="E11" fromText="cardiac enzymes" toID="E12" toText="elevated" type="OVERLAP" />
<TLINK id="TL13" fromID="E13" fromText="a cardiac cath" toID="E8" toText="EKG" type="AFTER" />
<TLINK id="TL14" fromID="E13" fromText="a cardiac cath" toID="E14" toText="coronary disease" type="OVERLAP" />
<TLINK id="TL15" fromID="E13" fromText="a cardiac cath" toID="E15" toText="revealed" type="SIMULTANEOUS" />
<TLINK id="TL16" fromID="E16" fromText="three vessel coronary artery disease" toID="E13" toText="a cardiac cath" type="BEFORE_OVERLAP" />
<TLINK id="TL17" fromID="E17" fromText="transferred" toID="E13" toText="a cardiac cath" type="AFTER" />
<TLINK id="TL18" fromID="E19" fromText="The Hospital for Orthopedics" toID="E17" toText="transferred" type="BEGUN_BY" />
<TLINK id="TL19" fromID="E20" fromText="surgical intervention" toID="E19" toText="The Hospital for Orthopedics" type="OVERLAP" />
<TLINK id="TL2" fromID="E2" fromText="admitted" toID="E0" toText="Admission" type="BEFORE" />
<TLINK id="TL20" fromID="E21" fromText="admitted" toID="E0" toText="Admission" type="SIMULTANEOUS" />
<TLINK id="TL21" fromID="E22" fromText="OSH" toID="E19" toText="The Hospital for Orthopedics" type="SIMULTANEOUS" />
<TLINK id="TL22" fromID="E21" fromText="admitted" toID="E23" toText="coronary artery bypass surgery" type="OVERLAP" />
<TLINK id="TL23" fromID="E23" fromText="coronary artery bypass surgery" toID="E24" toText="usual pre-operative testing" type="AFTER" />
<TLINK id="TL24" fromID="E24" fromText="usual pre-operative testing" toID="E25" toText="carotid ultrasound" type="OVERLAP" />
<TLINK id="TL25" fromID="E25" fromText="carotid ultrasound" toID="E28" toText="CNIS" type="SIMULTANEOUS" />
<TLINK id="TL26" fromID="E28" fromText="CNIS" toID="E29" toText="revealed" type="SIMULTANEOUS" />
<TLINK id="TL27" fromID="E26" fromText="carotid stenosis" toID="E28" toText="CNIS" type="BEFORE_OVERLAP" />
<TLINK id="TL28" fromID="E27" fromText="left carotid stenting" toID="E28" toText="CNIS" type="AFTER" />
<TLINK id="TL29" fromID="E27" fromText="left carotid stenting" toID="E30" toText="vascular surgery" type="OVERLAP" />
<TLINK id="TL3" fromID="E3" fromText="outside hospital" toID="E2" toText="admitted" type="OVERLAP" />
<TLINK id="TL30" fromID="E27" fromText="left carotid stenting" toID="T3" toText="10-30" type="SIMULTANEOUS" />
<TLINK id="TL31" fromID="E31" fromText="the operating room" toID="T4" toText="11-02" type="SIMULTANEOUS" />
<TLINK id="TL32" fromID="E31" fromText="the operating room" toID="E32" toText="a coronary artery bypass graft" type="SIMULTANEOUS" />
<TLINK id="TL33" fromID="T5" fromText="x 2" toID="E32" toText="a coronary artery bypass graft" type="SIMULTANEOUS" />
<TLINK id="TL34" fromID="E35" fromText="transferred" toID="E33" toText="the procedure" type="AFTER" />
<TLINK id="TL35" fromID="E33" fromText="the procedure" toID="E32" toText="a coronary artery bypass graft" type="SIMULTANEOUS" />
<TLINK id="TL36" fromID="E43" fromText="chest tubes" toID="E33" toText="the procedure" type="BEGUN_BY" />
<TLINK id="TL37" fromID="E33" fromText="the procedure" toID="E34" toText="well" type="OVERLAP" />
<TLINK id="TL38" fromID="E36" fromText="the CSRU" toID="E35" toText="transferred" type="BEGUN_BY" />
<TLINK id="TL39" fromID="E37" fromText="invasive monitoring" toID="E36" toText="the CSRU" type="SIMULTANEOUS" />
<TLINK id="TL4" fromID="E2" fromText="admitted" toID="T2" toText="2015-10-21" type="OVERLAP" />
<TLINK id="TL40" fromID="E38" fromText="stable condition" toID="E36" toText="the CSRU" type="BEFORE_OVERLAP" />
<TLINK id="TL41" fromID="E39" fromText="sedation" toID="T6" toText="op day" type="ENDED_BY" />
<TLINK id="TL42" fromID="E39" fromText="sedation" toID="E40" toText="weaned" type="OVERLAP" />
<TLINK id="TL43" fromID="E41" fromText="awoke neurologically intact" toID="E40" toText="weaned" type="AFTER" />
<TLINK id="TL44" fromID="E42" fromText="extubated" toID="E40" toText="weaned" type="AFTER" />
<TLINK id="TL45" fromID="E43" fromText="chest tubes" toID="T7" toText="post-op day one" type="ENDED_BY" />
<TLINK id="TL46" fromID="E45" fromText="beta blockers" toID="T7" toText="post-op day one" type="BEGUN_BY" />
<TLINK id="TL47" fromID="E46" fromText="diuretics" toID="T7" toText="post-op day one" type="BEGUN_BY" />
<TLINK id="TL48" fromID="E47" fromText="gently diuresed" toID="T7" toText="post-op day one" type="SIMULTANEOUS" />
<TLINK id="TL49" fromID="T8" fromText="this day" toID="E48" toText="transferred" type="SIMULTANEOUS" />
<TLINK id="TL5" fromID="E4" fromText="chest discomfort" toID="E2" toText="admitted" type="BEFORE_OVERLAP" />
<TLINK id="TL50" fromID="E49" fromText="the SDU" toID="E48" toText="transferred" type="BEGUN_BY" />
<TLINK id="TL51" fromID="E36" fromText="the CSRU" toID="E48" toText="transferred" type="ENDED_BY" />
<TLINK id="TL52" fromID="E51" fromText="an immediate head CT" toID="T9" toText="post-op day two" type="SIMULTANEOUS" />
<TLINK id="TL53" fromID="E50" fromText="aphasia" toID="T9" toText="post-op day two" type="SIMULTANEOUS" />
<TLINK id="TL54" fromID="E55" fromText="CT" toID="E51" toText="an immediate head CT" type="SIMULTANEOUS" />
<TLINK id="TL55" fromID="E52" fromText="Neuro consult" toID="E51" toText="an immediate head CT" type="OVERLAP" />
<TLINK id="TL56" fromID="E51" fromText="an immediate head CT" toID="E50" toText="aphasia" type="OVERLAP" />
<TLINK id="TL57" fromID="E54" fromText="the CSRU" toID="E53" toText="transferred" type="BEGUN_BY" />
<TLINK id="TL58" fromID="E49" fromText="the SDU" toID="E53" toText="transferred" type="ENDED_BY" />
<TLINK id="TL59" fromID="E53" fromText="transferred" toID="E52" toText="Neuro consult" type="OVERLAP" />
<TLINK id="TL6" fromID="E4" fromText="chest discomfort" toID="E5" toText="vomiting" type="OVERLAP" />
<TLINK id="TL60" fromID="E56" fromText="baseline neuro status" toID="E55" toText="CT" type="AFTER" />
<TLINK id="TL61" fromID="E56" fromText="baseline neuro status" toID="E58" toText="deficits" type="OVERLAP" />
<TLINK id="TL62" fromID="E54" fromText="the CSRU" toID="E59" toText="CSRU" type="SIMULTANEOUS" />
<TLINK id="TL63" fromID="E56" fromText="baseline neuro status" toID="E59" toText="CSRU" type="BEFORE_OVERLAP" />
<TLINK id="TL65" fromID="E62" fromText="Neurology" toID="E52" toText="Neuro consult" type="OVERLAP" />
<TLINK id="TL66" fromID="E61" fromText="TIA" toID="E60" toText="episode" type="SIMULTANEOUS" />
<TLINK id="TL67" fromID="E60" fromText="episode" toID="E50" toText="aphasia" type="SIMULTANEOUS" />
<TLINK id="TL68" fromID="E63" fromText="Epicardial pacing wires" toID="E32" toText="a coronary artery bypass graft" type="BEGUN_BY" />
<TLINK id="TL69" fromID="E63" fromText="Epicardial pacing wires" toID="T10" toText="post-op day four" type="ENDED_BY" />
<TLINK id="TL7" fromID="E5" fromText="vomiting" toID="E6" toText="shortness of breath" type="OVERLAP" />
<TLINK id="TL70" fromID="E65" fromText="change in neuro status" toID="E64" toText="stable" type="OVERLAP" />
<TLINK id="TL71" fromID="E79" fromText="the CSRU" toID="E59" toText="CSRU" type="SIMULTANEOUS" />
<TLINK id="TL72" fromID="E64" fromText="stable" toID="E79" toText="the CSRU" type="SIMULTANEOUS" />
<TLINK id="TL73" fromID="E79" fromText="the CSRU" toID="T12" toText="several days" type="OVERLAP" />
<TLINK id="TL74" fromID="T12" fromText="several days" toID="E65" toText="change in neuro status" type="OVERLAP" />
<TLINK id="TL75" fromID="E66" fromText="transferred" toID="E65" toText="change in neuro status" type="AFTER" />
<TLINK id="TL76" fromID="E79" fromText="the CSRU" toID="E66" toText="transferred" type="ENDED_BY" />
<TLINK id="TL77" fromID="E67" fromText="the SDU" toID="E66" toText="transferred" type="BEGUN_BY" />
<TLINK id="TL78" fromID="E67" fromText="the SDU" toID="T11" toText="post-op day four" type="BEGUN_BY" />
<TLINK id="TL79" fromID="E66" fromText="transferred" toID="T11" toText="post-op day four" type="SIMULTANEOUS" />
<TLINK id="TL8" fromID="E8" fromText="EKG" toID="E3" toText="outside hospital" type="OVERLAP" />
<TLINK id="TL80" fromID="E68" fromText="Heparin" toID="E66" toText="transferred" type="AFTER" />
<TLINK id="TL81" fromID="E69" fromText="transition" toID="E68" toText="Heparin" type="OVERLAP" />
<TLINK id="TL82" fromID="E70" fromText="Coumadin" toID="E69" toText="transition" type="BEGUN_BY" />
<TLINK id="TL83" fromID="E71" fromText="INR" toID="E70" toText="Coumadin" type="AFTER" />
<TLINK id="TL84" fromID="E72" fromText="bilateral DVT" toID="E71" toText="INR" type="BEFORE_OVERLAP" />
<TLINK id="TL85" fromID="E73" fromText="entire post-op course" toID="E23" toText="coronary artery bypass surgery" type="AFTER" />
<TLINK id="TL86" fromID="E73" fromText="entire post-op course" toID="E74" toText="followed" type="BEFORE_OVERLAP" />
<TLINK id="TL87" fromID="E74" fromText="followed" toID="E75" toText="physical therapy" type="SIMULTANEOUS" />
<TLINK id="TL88" fromID="E76" fromText="improve" toID="E73" toText="entire post-op course" type="OVERLAP" />
<TLINK id="TL89" fromID="E76" fromText="improve" toID="T13" toText="several days" type="DURING" />
<TLINK id="TL9" fromID="E8" fromText="EKG" toID="E9" toText="showed" type="SIMULTANEOUS" />
<TLINK id="TL90" fromID="E76" fromText="improve" toID="E77" toText="complications" type="OVERLAP" />
<TLINK id="TL91" fromID="E78" fromText="discharged" toID="T14" toText="post-op day 11" type="SIMULTANEOUS" />
<TLINK id="TL92" fromID="E78" fromText="discharged" toID="E1" toText="Discharge" type="SIMULTANEOUS" />
<TLINK id="Sectime0" fromID="E33" fromText="the procedure" toID="T1" toText="2015-11-13" type="BEFORE" />
<TLINK id="Sectime1" fromID="E34" fromText="well" toID="T1" toText="2015-11-13" type="BEFORE" />
<TLINK id="Sectime2" fromID="E35" fromText="transferred" toID="T1" toText="2015-11-13" type="BEFORE" />
<TLINK id="Sectime3" fromID="E36" fromText="the CSRU" toID="T1" toText="2015-11-13" type="BEFORE" />
<TLINK id="Sectime4" fromID="E37" fromText="invasive monitoring" toID="T1" toText="2015-11-13" type="BEFORE" />
<TLINK id="Sectime5" fromID="E38" fromText="stable condition" toID="T1" toText="2015-11-13" type="BEFORE" />
<TLINK id="Sectime6" fromID="E39" fromText="sedation" toID="T1" toText="2015-11-13" type="BEFORE" />
<TLINK id="Sectime7" fromID="E40" fromText="weaned" toID="T1" toText="2015-11-13" type="BEFORE" />
<TLINK id="Sectime8" fromID="E41" fromText="awoke neurologically intact" toID="T1" toText="2015-11-13" type="BEFORE" />
<TLINK id="Sectime9" fromID="E42" fromText="extubated" toID="T1" toText="2015-11-13" type="BEFORE" />
<TLINK id="Sectime10" fromID="E43" fromText="chest tubes" toID="T1" toText="2015-11-13" type="BEFORE" />
<TLINK id="Sectime11" fromID="E45" fromText="beta blockers" toID="T1" toText="2015-11-13" type="BEFORE" />
<TLINK id="Sectime12" fromID="E46" fromText="diuretics" toID="T1" toText="2015-11-13" type="BEFORE" />
<TLINK id="Sectime13" fromID="E47" fromText="gently diuresed" toID="T1" toText="2015-11-13" type="BEFORE" />
<TLINK id="Sectime14" fromID="E48" fromText="transferred" toID="T1" toText="2015-11-13" type="BEFORE" />
<TLINK id="Sectime15" fromID="E49" fromText="the SDU" toID="T1" toText="2015-11-13" type="BEFORE" />
<TLINK id="Sectime16" fromID="E50" fromText="aphasia" toID="T1" toText="2015-11-13" type="BEFORE" />
<TLINK id="Sectime17" fromID="E51" fromText="an immediate head CT" toID="T1" toText="2015-11-13" type="BEFORE" />
<TLINK id="Sectime18" fromID="E52" fromText="Neuro consult" toID="T1" toText="2015-11-13" type="BEFORE" />
<TLINK id="Sectime19" fromID="E53" fromText="transferred" toID="T1" toText="2015-11-13" type="BEFORE" />
<TLINK id="Sectime0" fromID="E2" fromText="admitted" toID="T0" toText="2015-10-28" type="BEFORE" />
<TLINK id="Sectime20" fromID="E54" fromText="the CSRU" toID="T1" toText="2015-11-13" type="BEFORE" />
<TLINK id="Sectime21" fromID="E55" fromText="CT" toID="T1" toText="2015-11-13" type="BEFORE" />
<TLINK id="Sectime22" fromID="E56" fromText="baseline neuro status" toID="T1" toText="2015-11-13" type="BEFORE" />
<TLINK id="Sectime23" fromID="E58" fromText="deficits" toID="T1" toText="2015-11-13" type="BEFORE" />
<TLINK id="Sectime24" fromID="E59" fromText="CSRU" toID="T1" toText="2015-11-13" type="BEFORE" />
<TLINK id="Sectime1" fromID="E3" fromText="outside hospital" toID="T0" toText="2015-10-28" type="BEFORE" />
<TLINK id="Sectime25" fromID="E62" fromText="Neurology" toID="T1" toText="2015-11-13" type="BEFORE" />
<TLINK id="Sectime26" fromID="E60" fromText="episode" toID="T1" toText="2015-11-13" type="BEFORE" />
<TLINK id="Sectime27" fromID="E61" fromText="TIA" toID="T1" toText="2015-11-13" type="BEFORE" />
<TLINK id="Sectime28" fromID="E63" fromText="Epicardial pacing wires" toID="T1" toText="2015-11-13" type="BEFORE" />
<TLINK id="Sectime29" fromID="E64" fromText="stable" toID="T1" toText="2015-11-13" type="BEFORE" />
<TLINK id="Sectime30" fromID="E79" fromText="the CSRU" toID="T1" toText="2015-11-13" type="BEFORE" />
<TLINK id="Sectime31" fromID="E65" fromText="change in neuro status" toID="T1" toText="2015-11-13" type="BEFORE" />
<TLINK id="Sectime32" fromID="E66" fromText="transferred" toID="T1" toText="2015-11-13" type="BEFORE" />
<TLINK id="Sectime33" fromID="E67" fromText="the SDU" toID="T1" toText="2015-11-13" type="BEFORE" />
<TLINK id="Sectime34" fromID="E68" fromText="Heparin" toID="T1" toText="2015-11-13" type="BEFORE" />
<TLINK id="Sectime35" fromID="E69" fromText="transition" toID="T1" toText="2015-11-13" type="BEFORE" />
<TLINK id="Sectime36" fromID="E70" fromText="Coumadin" toID="T1" toText="2015-11-13" type="BEFORE" />
<TLINK id="Sectime37" fromID="E71" fromText="INR" toID="T1" toText="2015-11-13" type="BEFORE" />
<TLINK id="Sectime2" fromID="E4" fromText="chest discomfort" toID="T0" toText="2015-10-28" type="BEFORE" />
<TLINK id="Sectime38" fromID="E72" fromText="bilateral DVT" toID="T1" toText="2015-11-13" type="BEFORE" />
<TLINK id="Sectime39" fromID="E73" fromText="entire post-op course" toID="T1" toText="2015-11-13" type="BEFORE" />
<TLINK id="Sectime40" fromID="E74" fromText="followed" toID="T1" toText="2015-11-13" type="BEFORE" />
<TLINK id="Sectime41" fromID="E75" fromText="physical therapy" toID="T1" toText="2015-11-13" type="BEFORE" />
<TLINK id="Sectime42" fromID="E76" fromText="improve" toID="T1" toText="2015-11-13" type="BEFORE" />
<TLINK id="Sectime3" fromID="E5" fromText="vomiting" toID="T0" toText="2015-10-28" type="BEFORE" />
<TLINK id="Sectime43" fromID="E77" fromText="complications" toID="T1" toText="2015-11-13" type="BEFORE" />
<TLINK id="Sectime44" fromID="E78" fromText="discharged" toID="T1" toText="2015-11-13" type="OVERLAP" />
<TLINK id="Sectime4" fromID="E6" fromText="shortness of breath" toID="T0" toText="2015-10-28" type="BEFORE" />
<TLINK id="Sectime5" fromID="E8" fromText="EKG" toID="T0" toText="2015-10-28" type="BEFORE" />
<TLINK id="Sectime6" fromID="E9" fromText="showed" toID="T0" toText="2015-10-28" type="BEFORE" />
<TLINK id="Sectime7" fromID="E10" fromText="ST depressions" toID="T0" toText="2015-10-28" type="BEFORE" />
<TLINK id="Sectime8" fromID="E11" fromText="cardiac enzymes" toID="T0" toText="2015-10-28" type="BEFORE" />
<TLINK id="Sectime9" fromID="E12" fromText="elevated" toID="T0" toText="2015-10-28" type="BEFORE" />
<TLINK id="Sectime10" fromID="E13" fromText="a cardiac cath" toID="T0" toText="2015-10-28" type="BEFORE" />
<TLINK id="Sectime11" fromID="E14" fromText="coronary disease" toID="T0" toText="2015-10-28" type="BEFORE" />
<TLINK id="Sectime12" fromID="E15" fromText="revealed" toID="T0" toText="2015-10-28" type="BEFORE" />
<TLINK id="Sectime13" fromID="E16" fromText="three vessel coronary artery disease" toID="T0" toText="2015-10-28" type="OVERLAP" />
<TLINK id="Sectime14" fromID="E17" fromText="transferred" toID="T0" toText="2015-10-28" type="BEFORE" />
<TLINK id="Sectime15" fromID="E19" fromText="The Hospital for Orthopedics" toID="T0" toText="2015-10-28" type="BEFORE" />
<TLINK id="Sectime16" fromID="E20" fromText="surgical intervention" toID="T0" toText="2015-10-28" type="AFTER" />
<TLINK id="Sectime45" fromID="E21" fromText="admitted" toID="T1" toText="2015-11-13" type="OVERLAP" />
<TLINK id="Sectime46" fromID="E22" fromText="OSH" toID="T1" toText="2015-11-13" type="BEFORE" />
<TLINK id="Sectime47" fromID="E23" fromText="coronary artery bypass surgery" toID="T1" toText="2015-11-13" type="BEFORE" />
<TLINK id="Sectime48" fromID="E24" fromText="usual pre-operative testing" toID="T1" toText="2015-11-13" type="BEFORE" />
<TLINK id="Sectime49" fromID="E25" fromText="carotid ultrasound" toID="T1" toText="2015-11-13" type="BEFORE" />
<TLINK id="Sectime50" fromID="E28" fromText="CNIS" toID="T1" toText="2015-11-13" type="BEFORE" />
<TLINK id="Sectime51" fromID="E29" fromText="revealed" toID="T1" toText="2015-11-13" type="BEFORE" />
<TLINK id="Sectime52" fromID="E26" fromText="carotid stenosis" toID="T1" toText="2015-11-13" type="BEFORE" />
<TLINK id="Sectime53" fromID="E27" fromText="left carotid stenting" toID="T1" toText="2015-11-13" type="BEFORE" />
<TLINK id="Sectime54" fromID="E30" fromText="vascular surgery" toID="T1" toText="2015-11-13" type="BEFORE" />
<TLINK id="Sectime55" fromID="E31" fromText="the operating room" toID="T1" toText="2015-11-13" type="BEFORE" />
<TLINK id="Sectime56" fromID="E32" fromText="a coronary artery bypass graft" toID="T1" toText="2015-11-13" type="BEFORE" />
<SECTIME id="S0" start="18" end="28" text="2015-10-28" type="ADMISSION" dvalue="2015-10-28" />
<SECTIME id="S1" start="46" end="56" text="2015-11-13" type="DISCHARGE" dvalue="2015-11-13" />
</TAGS>
</ClinicalNarrativeTemporalAnnotation>
