<?xml version="1.0" encoding="UTF-8" ?>
<ClinicalNarrativeTemporalAnnotation>
<TEXT><![CDATA[
ADMISSION DATE :
12/02/2002
DISCHARGE DATE :
12/04/2002
HISTORY OF PRESENT ILLNESS :
The patient is an 81 year old female with a history of cerebrovascular accident , atrial fibrillation , hypothyroidism and dementia who is status post laparoscopic cholecystectomy one week ago who currently presents with a 4 day history of no bowel movement .
She has complaints of abdominal distention , emesis , and constipation .
She has no chest pain , shortness of breath or fever .
She has no nausea or vomiting , chills , dysuria , hematochezia , or melena .
She was discharged from the hospital on 11/28/02 to a short term rehabilitation facility .
She was found to have normal bowel sounds .
She presented to the Ponta,itri- University Medical Center Emergency Department on 12/01/02 for evaluation of this constipation .
HOSPITAL COURSE :
The patient presented to the operating room late at night on 12/01/02 and was admitted to the floor early on the morning on 12/02/02 .
She was placed on a bowel regimen of Dulcolax , Fleet enema , and Colace .
On 12/03/02 the patient underwent a repeat KUB which was suggestive of volvulus .
She then underwent a CT scan which showed no evidence of volvulus .
Rigid sigmoidoscopy revealed no obvious mucosal abnormalities but during the time of the procedure 22cc of mucous like stool was evacuated with a large amount of gas .
Subsequent to that the patients abdomen was significantly less distended and her pain decreased as well .
On the following day , hospital day number 3 , the patient was doing well .
The abdomen was again far less distended .
She was tolerating clear liquids ad lib .
She was afebrile with stable vital signs .
A repeat KUB was performed which showed no evidence of volvulus .
She was discharged back to a rehabilitation facility in good condition .
]]></TEXT>
<TAGS>
<EVENT id="E0" start="1" end="10" text="ADMISSION" modality="FACTUAL" polarity="POS" type="OCCURRENCE" />
<EVENT id="E15" start="1007" end="1015" text="Dulcolax" modality="FACTUAL" polarity="POS" type="TREATMENT" />
<EVENT id="E16" start="1018" end="1029" text="Fleet enema" modality="FACTUAL" polarity="POS" type="TREATMENT" />
<EVENT id="E17" start="1036" end="1042" text="Colace" modality="FACTUAL" polarity="POS" type="TREATMENT" />
<EVENT id="E18" start="1079" end="1091" text="a repeat KUB" modality="FACTUAL" polarity="POS" type="TEST" />
<EVENT id="E19" start="1116" end="1124" text="volvulus" modality="POSSIBLE" polarity="POS" type="PROBLEM" />
<EVENT id="E20" start="1146" end="1155" text="a CT scan" modality="FACTUAL" polarity="POS" type="TEST" />
<EVENT id="E32" start="1162" end="1168" text="showed" modality="FACTUAL" polarity="POS" type="EVIDENTIAL" />
<EVENT id="E50" start="1184" end="1192" text="volvulus" modality="FACTUAL" polarity="NEG" type="PROBLEM" />
<EVENT id="E21" start="1195" end="1214" text="Rigid sigmoidoscopy" modality="FACTUAL" polarity="POS" type="TEST" />
<EVENT id="E33" start="1215" end="1223" text="revealed" modality="FACTUAL" polarity="POS" type="EVIDENTIAL" />
<EVENT id="E51" start="1227" end="1256" text="obvious mucosal abnormalities" modality="FACTUAL" polarity="NEG" type="PROBLEM" />
<EVENT id="E52" start="1280" end="1293" text="the procedure" modality="FACTUAL" polarity="POS" type="TEST" />
<EVENT id="E22" start="1302" end="1319" text="mucous like stool" modality="FACTUAL" polarity="POS" type="PROBLEM" />
<EVENT id="E53" start="1324" end="1333" text="evacuated" modality="FACTUAL" polarity="POS" type="TREATMENT" />
<EVENT id="E23" start="1339" end="1360" text="a large amount of gas" modality="FACTUAL" polarity="POS" type="PROBLEM" />
<EVENT id="E1" start="141" end="165" text="cerebrovascular accident" modality="FACTUAL" polarity="POS" type="PROBLEM" />
<EVENT id="E24" start="1407" end="1435" text="significantly less distended" modality="FACTUAL" polarity="POS" type="PROBLEM" />
<EVENT id="E25" start="1440" end="1448" text="her pain" modality="FACTUAL" polarity="POS" type="PROBLEM" />
<EVENT id="E57" start="1532" end="1542" text="doing well" modality="FACTUAL" polarity="POS" type="EVIDENTIAL" />
<EVENT id="E26" start="1567" end="1585" text="far less distended" modality="FACTUAL" polarity="POS" type="PROBLEM" />
<EVENT id="E27" start="1607" end="1620" text="clear liquids" modality="FACTUAL" polarity="POS" type="TREATMENT" />
<EVENT id="E28" start="1638" end="1646" text="afebrile" modality="FACTUAL" polarity="POS" type="PROBLEM" />
<EVENT id="E36" start="168" end="187" text="atrial fibrillation" modality="FACTUAL" polarity="POS" type="PROBLEM" />
<EVENT id="E29" start="1673" end="1685" text="A repeat KUB" modality="FACTUAL" polarity="POS" type="TEST" />
<EVENT id="E34" start="1706" end="1712" text="showed" modality="FACTUAL" polarity="POS" type="EVIDENTIAL" />
<EVENT id="E30" start="1728" end="1736" text="volvulus" modality="FACTUAL" polarity="NEG" type="PROBLEM" />
<EVENT id="E54" start="1747" end="1757" text="discharged" modality="FACTUAL" polarity="POS" type="OCCURRENCE" />
<EVENT id="E55" start="1766" end="1791" text="a rehabilitation facility" modality="FACTUAL" polarity="POS" type="CLINICAL_DEPT" />
<EVENT id="E56" start="1795" end="1809" text="good condition" modality="FACTUAL" polarity="POS" type="OCCURRENCE" />
<EVENT id="E37" start="190" end="204" text="hypothyroidism" modality="FACTUAL" polarity="POS" type="PROBLEM" />
<EVENT id="E38" start="209" end="217" text="dementia" modality="FACTUAL" polarity="POS" type="PROBLEM" />
<EVENT id="E2" start="237" end="265" text="laparoscopic cholecystectomy" modality="FACTUAL" polarity="POS" type="TREATMENT" />
<EVENT id="E35" start="29" end="38" text="DISCHARGE" modality="FACTUAL" polarity="POS" type="OCCURRENCE" />
<EVENT id="E39" start="293" end="301" text="presents" modality="FACTUAL" polarity="POS" type="OCCURRENCE" />
<EVENT id="E40" start="329" end="343" text="bowel movement" modality="FACTUAL" polarity="NEG" type="OCCURRENCE" />
<EVENT id="E41" start="354" end="364" text="complaints" modality="FACTUAL" polarity="POS" type="EVIDENTIAL" />
<EVENT id="E42" start="368" end="388" text="abdominal distention" modality="FACTUAL" polarity="POS" type="PROBLEM" />
<EVENT id="E43" start="391" end="397" text="emesis" modality="FACTUAL" polarity="POS" type="PROBLEM" />
<EVENT id="E44" start="404" end="416" text="constipation" modality="FACTUAL" polarity="POS" type="PROBLEM" />
<EVENT id="E3" start="430" end="440" text="chest pain" modality="FACTUAL" polarity="NEG" type="PROBLEM" />
<EVENT id="E4" start="443" end="462" text="shortness of breath" modality="FACTUAL" polarity="NEG" type="PROBLEM" />
<EVENT id="E5" start="466" end="471" text="fever" modality="FACTUAL" polarity="NEG" type="PROBLEM" />
<EVENT id="E6" start="485" end="491" text="nausea" modality="FACTUAL" polarity="NEG" type="PROBLEM" />
<EVENT id="E7" start="495" end="503" text="vomiting" modality="FACTUAL" polarity="NEG" type="PROBLEM" />
<EVENT id="E8" start="506" end="512" text="chills" modality="FACTUAL" polarity="NEG" type="PROBLEM" />
<EVENT id="E9" start="515" end="522" text="dysuria" modality="FACTUAL" polarity="NEG" type="PROBLEM" />
<EVENT id="E10" start="525" end="537" text="hematochezia" modality="FACTUAL" polarity="NEG" type="PROBLEM" />
<EVENT id="E11" start="543" end="549" text="melena" modality="FACTUAL" polarity="NEG" type="PROBLEM" />
<EVENT id="E31" start="560" end="570" text="discharged" modality="FACTUAL" polarity="POS" type="OCCURRENCE" />
<EVENT id="E45" start="576" end="588" text="the hospital" modality="FACTUAL" polarity="POS" type="CLINICAL_DEPT" />
<EVENT id="E46" start="604" end="640" text="a short term rehabilitation facility" modality="FACTUAL" polarity="POS" type="CLINICAL_DEPT" />
<EVENT id="E47" start="704" end="766" text="the Ponta,itri- University Medical Center Emergency Department" modality="FACTUAL" polarity="POS" type="CLINICAL_DEPT" />
<EVENT id="E12" start="783" end="793" text="evaluation" modality="FACTUAL" polarity="POS" type="TEST" />
<EVENT id="E13" start="797" end="814" text="this constipation" modality="FACTUAL" polarity="POS" type="PROBLEM" />
<EVENT id="E48" start="860" end="878" text="the operating room" modality="FACTUAL" polarity="POS" type="CLINICAL_DEPT" />
<EVENT id="E49" start="925" end="934" text="the floor" modality="FACTUAL" polarity="POS" type="CLINICAL_DEPT" />
<EVENT id="E14" start="988" end="1003" text="a bowel regimen" modality="FACTUAL" polarity="POS" type="TREATMENT" />
<TIMEX3 id="T3" start="1048" end="1056" text="12/03/02" type="DATE" val="2002-12-03" mod="NA" />
<TIMEX3 id="T9" start="1472" end="1489" text="the following day" type="DATE" val="2002-12-04" mod="NA" />
<TIMEX3 id="T0" start="18" end="28" text="12/02/2002" type="DATE" val="2002-12-02" mod="NA" />
<TIMEX3 id="T5" start="266" end="278" text="one week ago" type="DATE" val="2002-11-25" mod="NA" />
<TIMEX3 id="T6" start="307" end="314" text="a 4 day" type="DURATION" val="P4D" mod="NA" />
<TIMEX3 id="T4" start="46" end="56" text="12/04/2002" type="DATE" val="2002-12-04" mod="NA" />
<TIMEX3 id="T1" start="592" end="600" text="11/28/02" type="DATE" val="2002-11-28" mod="NA" />
<TIMEX3 id="T2" start="770" end="778" text="12/01/02" type="DATE" val="2002-12-01" mod="NA" />
<TIMEX3 id="T7" start="879" end="904" text="late at night on 12/01/02" type="DATE" val="2002-12-01" mod="END" />
<TIMEX3 id="T8" start="944" end="967" text="the morning on 12/02/02" type="DATE" val="2002-12-02" mod="START" />
<TLINK id="TL0" fromID="E0" fromText="ADMISSION" toID="T0" toText="12/02/2002" type="OVERLAP" />
<TLINK id="TL1" fromID="E20" fromText="a CT scan" toID="E32" toText="showed" type="SIMULTANEOUS" />
<TLINK id="TL10" fromID="T6" fromText="a 4 day" toID="E0" toText="ADMISSION" type="ENDED_BY" />
<TLINK id="TL11" fromID="E42" fromText="abdominal distention" toID="E41" toText="complaints" type="BEFORE_OVERLAP" />
<TLINK id="TL12" fromID="E43" fromText="emesis" toID="E41" toText="complaints" type="BEFORE_OVERLAP" />
<TLINK id="TL13" fromID="E44" fromText="constipation" toID="E41" toText="complaints" type="BEFORE_OVERLAP" />
<TLINK id="TL14" fromID="E3" fromText="chest pain" toID="E4" toText="shortness of breath" type="OVERLAP" />
<TLINK id="TL15" fromID="E4" fromText="shortness of breath" toID="E5" toText="fever" type="OVERLAP" />
<TLINK id="TL16" fromID="E6" fromText="nausea" toID="E7" toText="vomiting" type="OVERLAP" />
<TLINK id="TL17" fromID="E7" fromText="vomiting" toID="E8" toText="chills" type="OVERLAP" />
<TLINK id="TL18" fromID="E8" fromText="chills" toID="E9" toText="dysuria" type="OVERLAP" />
<TLINK id="TL19" fromID="E9" fromText="dysuria" toID="E10" toText="hematochezia" type="OVERLAP" />
<TLINK id="TL2" fromID="E21" fromText="Rigid sigmoidoscopy" toID="E33" toText="revealed" type="SIMULTANEOUS" />
<TLINK id="TL20" fromID="E10" fromText="hematochezia" toID="E11" toText="melena" type="OVERLAP" />
<TLINK id="TL21" fromID="E45" fromText="the hospital" toID="E31" toText="discharged" type="ENDED_BY" />
<TLINK id="TL22" fromID="E31" fromText="discharged" toID="T1" toText="11/28/02" type="OVERLAP" />
<TLINK id="TL23" fromID="E46" fromText="a short term rehabilitation facility" toID="E31" toText="discharged" type="BEGUN_BY" />
<TLINK id="TL24" fromID="E47" fromText="the Ponta,itri- University Medical Center Emergency Department" toID="T2" toText="12/01/02" type="OVERLAP" />
<TLINK id="TL25" fromID="E12" fromText="evaluation" toID="E47" toText="the Ponta,itri- University Medical Center Emergency Department" type="OVERLAP" />
<TLINK id="TL26" fromID="E13" fromText="this constipation" toID="E44" toText="constipation" type="SIMULTANEOUS" />
<TLINK id="TL27" fromID="E48" fromText="the operating room" toID="T7" toText="late at night on 12/01/02" type="OVERLAP" />
<TLINK id="TL28" fromID="E49" fromText="the floor" toID="T8" toText="the morning on 12/02/02" type="OVERLAP" />
<TLINK id="TL29" fromID="E14" fromText="a bowel regimen" toID="E15" toText="Dulcolax" type="OVERLAP" />
<TLINK id="TL3" fromID="E35" fromText="DISCHARGE" toID="T4" toText="12/04/2002" type="OVERLAP" />
<TLINK id="TL30" fromID="E14" fromText="a bowel regimen" toID="E16" toText="Fleet enema" type="OVERLAP" />
<TLINK id="TL31" fromID="E14" fromText="a bowel regimen" toID="E17" toText="Colace" type="OVERLAP" />
<TLINK id="TL32" fromID="E18" fromText="a repeat KUB" toID="T3" toText="12/03/02" type="OVERLAP" />
<TLINK id="TL33" fromID="E18" fromText="a repeat KUB" toID="E19" toText="volvulus" type="OVERLAP" />
<TLINK id="TL34" fromID="E32" fromText="showed" toID="E50" toText="volvulus" type="OVERLAP" />
<TLINK id="TL35" fromID="E51" fromText="obvious mucosal abnormalities" toID="E33" toText="revealed" type="OVERLAP" />
<TLINK id="TL36" fromID="E21" fromText="Rigid sigmoidoscopy" toID="E52" toText="the procedure" type="SIMULTANEOUS" />
<TLINK id="TL37" fromID="E22" fromText="mucous like stool" toID="E53" toText="evacuated" type="OVERLAP" />
<TLINK id="TL38" fromID="E53" fromText="evacuated" toID="E52" toText="the procedure" type="DURING" />
<TLINK id="TL39" fromID="E23" fromText="a large amount of gas" toID="E22" toText="mucous like stool" type="OVERLAP" />
<TLINK id="TL4" fromID="E36" fromText="atrial fibrillation" toID="E37" toText="hypothyroidism" type="OVERLAP" />
<TLINK id="TL40" fromID="E24" fromText="significantly less distended" toID="E25" toText="her pain" type="OVERLAP" />
<TLINK id="TL41" fromID="E24" fromText="significantly less distended" toID="E53" toText="evacuated" type="AFTER" />
<TLINK id="TL42" fromID="E57" fromText="doing well" toID="T9" toText="the following day" type="OVERLAP" />
<TLINK id="TL43" fromID="E26" fromText="far less distended" toID="E24" toText="significantly less distended" type="OVERLAP" />
<TLINK id="TL44" fromID="E26" fromText="far less distended" toID="E27" toText="clear liquids" type="OVERLAP" />
<TLINK id="TL45" fromID="E28" fromText="afebrile" toID="E27" toText="clear liquids" type="OVERLAP" />
<TLINK id="TL46" fromID="E29" fromText="A repeat KUB" toID="E34" toText="showed" type="SIMULTANEOUS" />
<TLINK id="TL47" fromID="E30" fromText="volvulus" toID="E34" toText="showed" type="OVERLAP" />
<TLINK id="TL48" fromID="E54" fromText="discharged" toID="E35" toText="DISCHARGE" type="SIMULTANEOUS" />
<TLINK id="TL49" fromID="E55" fromText="a rehabilitation facility" toID="E54" toText="discharged" type="BEGUN_BY" />
<TLINK id="TL5" fromID="E37" fromText="hypothyroidism" toID="E38" toText="dementia" type="OVERLAP" />
<TLINK id="TL50" fromID="E56" fromText="good condition" toID="E54" toText="discharged" type="BEFORE_OVERLAP" />
<TLINK id="TL6" fromID="E1" fromText="cerebrovascular accident" toID="E36" toText="atrial fibrillation" type="OVERLAP" />
<TLINK id="TL7" fromID="E2" fromText="laparoscopic cholecystectomy" toID="T5" toText="one week ago" type="OVERLAP" />
<TLINK id="TL8" fromID="E39" fromText="presents" toID="E0" toText="ADMISSION" type="OVERLAP" />
<TLINK id="TL9" fromID="E40" fromText="bowel movement" toID="T6" toText="a 4 day" type="DURING" />
<TLINK id="Sectime0" fromID="E15" fromText="Dulcolax" toID="T4" toText="12/04/2002" type="BEFORE" />
<TLINK id="Sectime1" fromID="E16" fromText="Fleet enema" toID="T4" toText="12/04/2002" type="BEFORE" />
<TLINK id="Sectime2" fromID="E17" fromText="Colace" toID="T4" toText="12/04/2002" type="BEFORE" />
<TLINK id="Sectime3" fromID="E18" fromText="a repeat KUB" toID="T4" toText="12/04/2002" type="BEFORE" />
<TLINK id="Sectime4" fromID="E19" fromText="volvulus" toID="T4" toText="12/04/2002" type="BEFORE" />
<TLINK id="Sectime5" fromID="E20" fromText="a CT scan" toID="T4" toText="12/04/2002" type="BEFORE" />
<TLINK id="Sectime6" fromID="E32" fromText="showed" toID="T4" toText="12/04/2002" type="BEFORE" />
<TLINK id="Sectime7" fromID="E50" fromText="volvulus" toID="T4" toText="12/04/2002" type="BEFORE" />
<TLINK id="Sectime8" fromID="E21" fromText="Rigid sigmoidoscopy" toID="T4" toText="12/04/2002" type="BEFORE" />
<TLINK id="Sectime9" fromID="E33" fromText="revealed" toID="T4" toText="12/04/2002" type="BEFORE" />
<TLINK id="Sectime10" fromID="E51" fromText="obvious mucosal abnormalities" toID="T4" toText="12/04/2002" type="BEFORE" />
<TLINK id="Sectime11" fromID="E52" fromText="the procedure" toID="T4" toText="12/04/2002" type="BEFORE" />
<TLINK id="Sectime12" fromID="E22" fromText="mucous like stool" toID="T4" toText="12/04/2002" type="BEFORE" />
<TLINK id="Sectime13" fromID="E53" fromText="evacuated" toID="T4" toText="12/04/2002" type="BEFORE" />
<TLINK id="Sectime14" fromID="E23" fromText="a large amount of gas" toID="T4" toText="12/04/2002" type="BEFORE" />
<TLINK id="Sectime0" fromID="E1" fromText="cerebrovascular accident" toID="T0" toText="12/02/2002" type="BEFORE" />
<TLINK id="Sectime15" fromID="E24" fromText="significantly less distended" toID="T4" toText="12/04/2002" type="BEFORE" />
<TLINK id="Sectime16" fromID="E25" fromText="her pain" toID="T4" toText="12/04/2002" type="BEFORE" />
<TLINK id="Sectime17" fromID="E57" fromText="doing well" toID="T4" toText="12/04/2002" type="BEFORE" />
<TLINK id="Sectime18" fromID="E26" fromText="far less distended" toID="T4" toText="12/04/2002" type="BEFORE" />
<TLINK id="Sectime19" fromID="E27" fromText="clear liquids" toID="T4" toText="12/04/2002" type="BEFORE" />
<TLINK id="Sectime20" fromID="E28" fromText="afebrile" toID="T4" toText="12/04/2002" type="BEFORE" />
<TLINK id="Sectime1" fromID="E36" fromText="atrial fibrillation" toID="T0" toText="12/02/2002" type="BEFORE_OVERLAP" />
<TLINK id="Sectime21" fromID="E29" fromText="A repeat KUB" toID="T4" toText="12/04/2002" type="BEFORE" />
<TLINK id="Sectime22" fromID="E34" fromText="showed" toID="T4" toText="12/04/2002" type="BEFORE" />
<TLINK id="Sectime23" fromID="E30" fromText="volvulus" toID="T4" toText="12/04/2002" type="BEFORE" />
<TLINK id="Sectime24" fromID="E54" fromText="discharged" toID="T4" toText="12/04/2002" type="OVERLAP" />
<TLINK id="Sectime25" fromID="E55" fromText="a rehabilitation facility" toID="T4" toText="12/04/2002" type="BEFORE" />
<TLINK id="Sectime26" fromID="E56" fromText="good condition" toID="T4" toText="12/04/2002" type="BEFORE_OVERLAP" />
<TLINK id="Sectime2" fromID="E37" fromText="hypothyroidism" toID="T0" toText="12/02/2002" type="BEFORE_OVERLAP" />
<TLINK id="Sectime3" fromID="E38" fromText="dementia" toID="T0" toText="12/02/2002" type="BEFORE_OVERLAP" />
<TLINK id="Sectime4" fromID="E2" fromText="laparoscopic cholecystectomy" toID="T0" toText="12/02/2002" type="BEFORE" />
<TLINK id="Sectime5" fromID="E39" fromText="presents" toID="T0" toText="12/02/2002" type="OVERLAP" />
<TLINK id="Sectime6" fromID="E40" fromText="bowel movement" toID="T0" toText="12/02/2002" type="BEFORE_OVERLAP" />
<TLINK id="Sectime7" fromID="E41" fromText="complaints" toID="T0" toText="12/02/2002" type="OVERLAP" />
<TLINK id="Sectime8" fromID="E42" fromText="abdominal distention" toID="T0" toText="12/02/2002" type="BEFORE_OVERLAP" />
<TLINK id="Sectime9" fromID="E43" fromText="emesis" toID="T0" toText="12/02/2002" type="BEFORE_OVERLAP" />
<TLINK id="Sectime10" fromID="E44" fromText="constipation" toID="T0" toText="12/02/2002" type="BEFORE_OVERLAP" />
<TLINK id="Sectime11" fromID="E3" fromText="chest pain" toID="T0" toText="12/02/2002" type="BEFORE" />
<TLINK id="Sectime12" fromID="E4" fromText="shortness of breath" toID="T0" toText="12/02/2002" type="BEFORE" />
<TLINK id="Sectime13" fromID="E5" fromText="fever" toID="T0" toText="12/02/2002" type="BEFORE" />
<TLINK id="Sectime14" fromID="E6" fromText="nausea" toID="T0" toText="12/02/2002" type="BEFORE" />
<TLINK id="Sectime15" fromID="E7" fromText="vomiting" toID="T0" toText="12/02/2002" type="BEFORE" />
<TLINK id="Sectime16" fromID="E8" fromText="chills" toID="T0" toText="12/02/2002" type="BEFORE" />
<TLINK id="Sectime17" fromID="E9" fromText="dysuria" toID="T0" toText="12/02/2002" type="BEFORE" />
<TLINK id="Sectime18" fromID="E10" fromText="hematochezia" toID="T0" toText="12/02/2002" type="BEFORE" />
<TLINK id="Sectime19" fromID="E11" fromText="melena" toID="T0" toText="12/02/2002" type="BEFORE" />
<TLINK id="Sectime20" fromID="E31" fromText="discharged" toID="T0" toText="12/02/2002" type="BEFORE" />
<TLINK id="Sectime21" fromID="E45" fromText="the hospital" toID="T0" toText="12/02/2002" type="BEFORE" />
<TLINK id="Sectime22" fromID="E46" fromText="a short term rehabilitation facility" toID="T0" toText="12/02/2002" type="BEFORE" />
<TLINK id="Sectime23" fromID="E47" fromText="the Ponta,itri- University Medical Center Emergency Department" toID="T0" toText="12/02/2002" type="BEFORE" />
<TLINK id="Sectime24" fromID="E12" fromText="evaluation" toID="T0" toText="12/02/2002" type="BEFORE" />
<TLINK id="Sectime25" fromID="E13" fromText="this constipation" toID="T0" toText="12/02/2002" type="BEFORE" />
<TLINK id="Sectime27" fromID="E48" fromText="the operating room" toID="T4" toText="12/04/2002" type="BEFORE" />
<TLINK id="Sectime28" fromID="E49" fromText="the floor" toID="T4" toText="12/04/2002" type="OVERLAP" />
<TLINK id="Sectime29" fromID="E14" fromText="a bowel regimen" toID="T4" toText="12/04/2002" type="BEFORE" />
<SECTIME id="S0" start="18" end="28" text="12/02/2002" type="ADMISSION" dvalue="2002-12-02" />
<SECTIME id="S1" start="46" end="56" text="12/04/2002" type="DISCHARGE" dvalue="2002-12-04" />
</TAGS>
</ClinicalNarrativeTemporalAnnotation>