<?xml version="1.0" encoding="UTF-8" ?>
<ClinicalNarrativeTemporalAnnotation>
<TEXT><![CDATA[
ADMISSION DATE :
10/15/1999
DISCHARGE DATE :
10/18/1999
HISTORY OF PRESENT ILLNESS :
Mr. Factor is a 76 year old white male with acute inferior myocardial infarction , who was urgently transferred by Dr. Lenni Factor for cardiac catheterization and possible angioplasty .
His only cardiac risk factor includes hypertension .
The night of Oct 14 , 1999 the patient developed chest discomfort associated with shortness of breath .
On October 15 , 1999 at 6 AM the patient was admitted to No Verlmerver Medical Center .
An electrocardiogram showed acute inferior myocardial infarction .
Due to unknown duration of the chest pain thepatient was transferred urgently to the TGCHO for cardiac catheterization .
Shortly after Aggrastat was started , the patient became pain free .
HOSPITAL COURSE AND TREATMENT :
The patient was directly admitted to the cardiac catheterization laboratory .
Coronary angiography , right heart catheterization and percutaneous intervention of the RCA were performed from the right groin without complications .
The proximal RCA was totally occluded with good left to right collaterals .
The LAD showed a 40% stenosis in the proximal segment .
The circumflex showed mild atherosclerotic .
The RCA occlusion was successfully dilated and sent using a 3.0 X 23 mm Duet with post stent dilatation up to 16 atmospheres .
Following intervention right heart catheterization was performed to rule out RV infarct .
The RA was 5 .
PA was 19/7 with a mean of 13 .
PCW was 11 .
Of note there was a clear A wave in the RV tracing , suggestive of RV infarct .
The next day the patient was quite confused and disoriented , which gradually disappeared .
An echocardiogram was performed to evaluate the LV function , which showed an ejection fraction of 53% with inferoposteriorakinesis / hypokinesis .
The next day the patient &apos;s mental status came back to baseline and he remained free of angina .
ASHEE SHOULTSNER , M.D.
Electronically Signed ASHEE SHOULTSNER , M.D.
11/07/1999 11:06
TR :
ghu
DD :
10/18/1999
TD :
10/18/1999 10:59
Acc :
ASHEE SHOULTSNER , M.D. Dr. Lenni Factor No Verlmerver Medical Center Dr. Tomedankell Flowayles No Verlmerver Medical Center STAT
]]></TEXT>
<TAGS>
<EVENT id="E0" start="1" end="10" text="ADMISSION" modality="FACTUAL" polarity="POS" type="OCCURRENCE" />
<EVENT id="E11" start="1021" end="1034" text="complications" modality="FACTUAL" polarity="NEG" type="PROBLEM" />
<EVENT id="E12" start="1058" end="1074" text="totally occluded" modality="FACTUAL" polarity="POS" type="PROBLEM" />
<EVENT id="E35" start="1121" end="1127" text="showed" modality="FACTUAL" polarity="POS" type="EVIDENTIAL" />
<EVENT id="E13" start="1128" end="1166" text="a 40% stenosis in the proximal segment" modality="FACTUAL" polarity="POS" type="PROBLEM" />
<EVENT id="E51" start="1184" end="1190" text="showed" modality="FACTUAL" polarity="POS" type="EVIDENTIAL" />
<EVENT id="E14" start="1191" end="1211" text="mild atherosclerotic" modality="FACTUAL" polarity="POS" type="PROBLEM" />
<EVENT id="E15" start="1214" end="1231" text="The RCA occlusion" modality="FACTUAL" polarity="POS" type="PROBLEM" />
<EVENT id="E52" start="1249" end="1256" text="dilated" modality="FACTUAL" polarity="POS" type="TREATMENT" />
<EVENT id="E53" start="1261" end="1265" text="sent" modality="FACTUAL" polarity="POS" type="OCCURRENCE" />
<EVENT id="E16" start="1272" end="1290" text="a 3.0 X 23 mm Duet" modality="FACTUAL" polarity="POS" type="TREATMENT" />
<EVENT id="E1" start="130" end="166" text="acute inferior myocardial infarction" modality="FACTUAL" polarity="POS" type="PROBLEM" />
<EVENT id="E54" start="1296" end="1317" text="post stent dilatation" modality="FACTUAL" polarity="POS" type="TREATMENT" />
<EVENT id="E55" start="1351" end="1363" text="intervention" modality="FACTUAL" polarity="POS" type="TREATMENT" />
<EVENT id="E17" start="1364" end="1391" text="right heart catheterization" modality="FACTUAL" polarity="POS" type="TEST" />
<EVENT id="E56" start="1418" end="1428" text="RV infarct" modality="POSSIBLE" polarity="POS" type="PROBLEM" />
<EVENT id="E18" start="1431" end="1437" text="The RA" modality="FACTUAL" polarity="POS" type="TEST" />
<EVENT id="E19" start="1446" end="1448" text="PA" modality="FACTUAL" polarity="POS" type="TEST" />
<EVENT id="E21" start="1478" end="1481" text="PCW" modality="FACTUAL" polarity="POS" type="TEST" />
<EVENT id="E22" start="1509" end="1523" text="a clear A wave" modality="FACTUAL" polarity="POS" type="PROBLEM" />
<EVENT id="E23" start="1527" end="1541" text="the RV tracing" modality="FACTUAL" polarity="POS" type="TEST" />
<EVENT id="E24" start="1558" end="1568" text="RV infarct" modality="POSSIBLE" polarity="POS" type="PROBLEM" />
<EVENT id="E25" start="1600" end="1614" text="quite confused" modality="FACTUAL" polarity="POS" type="PROBLEM" />
<EVENT id="E26" start="1619" end="1630" text="disoriented" modality="FACTUAL" polarity="POS" type="PROBLEM" />
<EVENT id="E36" start="1649" end="1660" text="disappeared" modality="FACTUAL" polarity="POS" type="OCCURRENCE" />
<EVENT id="E27" start="1663" end="1680" text="An echocardiogram" modality="FACTUAL" polarity="POS" type="TEST" />
<EVENT id="E57" start="1698" end="1706" text="evaluate" modality="FACTUAL" polarity="POS" type="OCCURRENCE" />
<EVENT id="E28" start="1707" end="1722" text="the LV function" modality="FACTUAL" polarity="POS" type="TEST" />
<EVENT id="E37" start="1731" end="1737" text="showed" modality="FACTUAL" polarity="POS" type="EVIDENTIAL" />
<EVENT id="E29" start="1738" end="1758" text="an ejection fraction" modality="FACTUAL" polarity="POS" type="TEST" />
<EVENT id="E30" start="1771" end="1794" text="inferoposteriorakinesis" modality="FACTUAL" polarity="POS" type="PROBLEM" />
<EVENT id="E31" start="1797" end="1808" text="hypokinesis" modality="FACTUAL" polarity="POS" type="PROBLEM" />
<EVENT id="E58" start="1824" end="1857" text="the patient &apos;s mental status" modality="FACTUAL" polarity="POS" type="PROBLEM" />
<EVENT id="E39" start="186" end="197" text="transferred" modality="FACTUAL" polarity="POS" type="OCCURRENCE" />
<EVENT id="E32" start="1904" end="1910" text="angina" modality="FACTUAL" polarity="NEG" type="PROBLEM" />
<EVENT id="E40" start="222" end="245" text="cardiac catheterization" modality="FACTUAL" polarity="POS" type="TEST" />
<EVENT id="E41" start="259" end="270" text="angioplasty" modality="POSSIBLE" polarity="POS" type="TREATMENT" />
<EVENT id="E38" start="29" end="38" text="DISCHARGE" modality="FACTUAL" polarity="POS" type="OCCURRENCE" />
<EVENT id="E2" start="311" end="323" text="hypertension" modality="FACTUAL" polarity="POS" type="PROBLEM" />
<EVENT id="E43" start="365" end="374" text="developed" modality="FACTUAL" polarity="POS" type="OCCURRENCE" />
<EVENT id="E3" start="375" end="391" text="chest discomfort" modality="FACTUAL" polarity="POS" type="PROBLEM" />
<EVENT id="E4" start="408" end="427" text="shortness of breath" modality="FACTUAL" polarity="POS" type="PROBLEM" />
<EVENT id="E42" start="475" end="483" text="admitted" modality="FACTUAL" polarity="POS" type="OCCURRENCE" />
<EVENT id="E44" start="487" end="515" text="No Verlmerver Medical Center" modality="FACTUAL" polarity="POS" type="CLINICAL_DEPT" />
<EVENT id="E5" start="518" end="538" text="An electrocardiogram" modality="FACTUAL" polarity="POS" type="TEST" />
<EVENT id="E33" start="539" end="545" text="showed" modality="FACTUAL" polarity="POS" type="EVIDENTIAL" />
<EVENT id="E6" start="546" end="582" text="acute inferior myocardial infarction" modality="FACTUAL" polarity="POS" type="PROBLEM" />
<EVENT id="E45" start="612" end="626" text="the chest pain" modality="FACTUAL" polarity="POS" type="PROBLEM" />
<EVENT id="E46" start="642" end="653" text="transferred" modality="FACTUAL" polarity="POS" type="OCCURRENCE" />
<EVENT id="E47" start="666" end="675" text="the TGCHO" modality="FACTUAL" polarity="POS" type="CLINICAL_DEPT" />
<EVENT id="E48" start="680" end="703" text="cardiac catheterization" modality="FACTUAL" polarity="POS" type="TEST" />
<EVENT id="E7" start="720" end="729" text="Aggrastat" modality="FACTUAL" polarity="POS" type="TREATMENT" />
<EVENT id="E49" start="763" end="767" text="pain" modality="FACTUAL" polarity="POS" type="PROBLEM" />
<EVENT id="E34" start="832" end="840" text="admitted" modality="FACTUAL" polarity="POS" type="OCCURRENCE" />
<EVENT id="E50" start="844" end="882" text="the cardiac catheterization laboratory" modality="FACTUAL" polarity="POS" type="CLINICAL_DEPT" />
<EVENT id="E8" start="885" end="905" text="Coronary angiography" modality="FACTUAL" polarity="POS" type="TEST" />
<EVENT id="E9" start="908" end="935" text="right heart catheterization" modality="FACTUAL" polarity="POS" type="TEST" />
<EVENT id="E10" start="940" end="976" text="percutaneous intervention of the RCA" modality="FACTUAL" polarity="POS" type="TREATMENT" />
<TIMEX3 id="T1" start="1571" end="1583" text="The next day" type="DATE" val="1999-10-16" mod="NA" />
<TIMEX3 id="T0" start="18" end="28" text="10/15/1999" type="DATE" val="1999-10-15" mod="NA" />
<TIMEX3 id="T2" start="1811" end="1823" text="The next day" type="DATE" val="1999-10-17" mod="NA" />
<TIMEX3 id="T4" start="339" end="352" text="Oct 14 , 1999" type="DATE" val="1999-10-14" mod="END" />
<TIMEX3 id="T5" start="433" end="458" text="October 15 , 1999 at 6 AM" type="TIME" val="1999-10-15T06:00" mod="NA" />
<TIMEX3 id="T3" start="46" end="56" text="10/18/1999" type="DATE" val="1999-10-18" mod="NA" />
<TLINK id="TL0" fromID="T0" fromText="10/15/1999" toID="E0" toText="ADMISSION" type="OVERLAP" />
<TLINK id="TL1" fromID="E5" fromText="An electrocardiogram" toID="E33" toText="showed" type="SIMULTANEOUS" />
<TLINK id="TL10" fromID="E43" fromText="developed" toID="T4" toText="Oct 14 , 1999" type="OVERLAP" />
<TLINK id="TL11" fromID="E43" fromText="developed" toID="E3" toText="chest discomfort" type="OVERLAP" />
<TLINK id="TL12" fromID="E3" fromText="chest discomfort" toID="E4" toText="shortness of breath" type="OVERLAP" />
<TLINK id="TL13" fromID="E42" fromText="admitted" toID="T5" toText="October 15 , 1999 at 6 AM" type="OVERLAP" />
<TLINK id="TL14" fromID="E44" fromText="No Verlmerver Medical Center" toID="E42" toText="admitted" type="BEGUN_BY" />
<TLINK id="TL15" fromID="E6" fromText="acute inferior myocardial infarction" toID="E33" toText="showed" type="BEFORE_OVERLAP" />
<TLINK id="TL16" fromID="E46" fromText="transferred" toID="E45" toText="the chest pain" type="AFTER" />
<TLINK id="TL17" fromID="E46" fromText="transferred" toID="E39" toText="transferred" type="SIMULTANEOUS" />
<TLINK id="TL18" fromID="E47" fromText="the TGCHO" toID="E46" toText="transferred" type="BEGUN_BY" />
<TLINK id="TL19" fromID="E48" fromText="cardiac catheterization" toID="E47" toText="the TGCHO" type="AFTER" />
<TLINK id="TL2" fromID="E9" fromText="right heart catheterization" toID="E10" toText="percutaneous intervention of the RCA" type="OVERLAP" />
<TLINK id="TL20" fromID="E7" fromText="Aggrastat" toID="E47" toText="the TGCHO" type="AFTER" />
<TLINK id="TL21" fromID="E49" fromText="pain" toID="E7" toText="Aggrastat" type="OVERLAP" />
<TLINK id="TL22" fromID="E34" fromText="admitted" toID="E0" toText="ADMISSION" type="SIMULTANEOUS" />
<TLINK id="TL23" fromID="E50" fromText="the cardiac catheterization laboratory" toID="E34" toText="admitted" type="OVERLAP" />
<TLINK id="TL24" fromID="E8" fromText="Coronary angiography" toID="E50" toText="the cardiac catheterization laboratory" type="OVERLAP" />
<TLINK id="TL25" fromID="E9" fromText="right heart catheterization" toID="E50" toText="the cardiac catheterization laboratory" type="OVERLAP" />
<TLINK id="TL26" fromID="E10" fromText="percutaneous intervention of the RCA" toID="E50" toText="the cardiac catheterization laboratory" type="OVERLAP" />
<TLINK id="TL27" fromID="E11" fromText="complications" toID="E50" toText="the cardiac catheterization laboratory" type="DURING" />
<TLINK id="TL28" fromID="E12" fromText="totally occluded" toID="E50" toText="the cardiac catheterization laboratory" type="DURING" />
<TLINK id="TL29" fromID="E13" fromText="a 40% stenosis in the proximal segment" toID="E35" toText="showed" type="BEFORE_OVERLAP" />
<TLINK id="TL3" fromID="E14" fromText="mild atherosclerotic" toID="E13" toText="a 40% stenosis in the proximal segment" type="OVERLAP" />
<TLINK id="TL30" fromID="E14" fromText="mild atherosclerotic" toID="E51" toText="showed" type="BEFORE_OVERLAP" />
<TLINK id="TL31" fromID="E15" fromText="The RCA occlusion" toID="E12" toText="totally occluded" type="SIMULTANEOUS" />
<TLINK id="TL32" fromID="E15" fromText="The RCA occlusion" toID="E52" toText="dilated" type="ENDED_BY" />
<TLINK id="TL33" fromID="E16" fromText="a 3.0 X 23 mm Duet" toID="E54" toText="post stent dilatation" type="OVERLAP" />
<TLINK id="TL34" fromID="E55" fromText="intervention" toID="E52" toText="dilated" type="SIMULTANEOUS" />
<TLINK id="TL35" fromID="E17" fromText="right heart catheterization" toID="E55" toText="intervention" type="AFTER" />
<TLINK id="TL36" fromID="E17" fromText="right heart catheterization" toID="E9" toText="right heart catheterization" type="SIMULTANEOUS" />
<TLINK id="TL37" fromID="E17" fromText="right heart catheterization" toID="E56" toText="RV infarct" type="OVERLAP" />
<TLINK id="TL38" fromID="E18" fromText="The RA" toID="E19" toText="PA" type="OVERLAP" />
<TLINK id="TL39" fromID="E19" fromText="PA" toID="E21" toText="PCW" type="OVERLAP" />
<TLINK id="TL4" fromID="E38" fromText="DISCHARGE" toID="T3" toText="10/18/1999" type="OVERLAP" />
<TLINK id="TL40" fromID="E22" fromText="a clear A wave" toID="E23" toText="the RV tracing" type="OVERLAP" />
<TLINK id="TL41" fromID="E22" fromText="a clear A wave" toID="E24" toText="RV infarct" type="OVERLAP" />
<TLINK id="TL42" fromID="E25" fromText="quite confused" toID="T1" toText="The next day" type="OVERLAP" />
<TLINK id="TL43" fromID="E26" fromText="disoriented" toID="T1" toText="The next day" type="OVERLAP" />
<TLINK id="TL44" fromID="E26" fromText="disoriented" toID="E36" toText="disappeared" type="ENDED_BY" />
<TLINK id="TL45" fromID="E57" fromText="evaluate" toID="E27" toText="An echocardiogram" type="SIMULTANEOUS" />
<TLINK id="TL47" fromID="E28" fromText="the LV function" toID="E28" toText="the LV function" type="BEFORE_OVERLAP" />
<TLINK id="TL48" fromID="E29" fromText="an ejection fraction" toID="E57" toText="evaluate" type="BEFORE_OVERLAP" />
<TLINK id="TL49" fromID="E30" fromText="inferoposteriorakinesis" toID="E29" toText="an ejection fraction" type="OVERLAP" />
<TLINK id="TL5" fromID="E1" fromText="acute inferior myocardial infarction" toID="E0" toText="ADMISSION" type="BEFORE_OVERLAP" />
<TLINK id="TL50" fromID="E31" fromText="hypokinesis" toID="E30" toText="inferoposteriorakinesis" type="OVERLAP" />
<TLINK id="TL51" fromID="E58" fromText="the patient &apos;s mental status" toID="T2" toText="The next day" type="OVERLAP" />
<TLINK id="TL52" fromID="E32" fromText="angina" toID="E58" toText="the patient &apos;s mental status" type="ENDED_BY" />
<TLINK id="TL6" fromID="E39" fromText="transferred" toID="E0" toText="ADMISSION" type="SIMULTANEOUS" />
<TLINK id="TL7" fromID="E40" fromText="cardiac catheterization" toID="E39" toText="transferred" type="AFTER" />
<TLINK id="TL8" fromID="E41" fromText="angioplasty" toID="E40" toText="cardiac catheterization" type="OVERLAP" />
<TLINK id="TL9" fromID="E2" fromText="hypertension" toID="E0" toText="ADMISSION" type="BEFORE_OVERLAP" />
<TLINK id="Sectime0" fromID="E11" fromText="complications" toID="T3" toText="10/18/1999" type="BEFORE" />
<TLINK id="Sectime1" fromID="E12" fromText="totally occluded" toID="T3" toText="10/18/1999" type="BEFORE" />
<TLINK id="Sectime2" fromID="E35" fromText="showed" toID="T3" toText="10/18/1999" type="BEFORE" />
<TLINK id="Sectime3" fromID="E13" fromText="a 40% stenosis in the proximal segment" toID="T3" toText="10/18/1999" type="BEFORE" />
<TLINK id="Sectime4" fromID="E51" fromText="showed" toID="T3" toText="10/18/1999" type="BEFORE" />
<TLINK id="Sectime5" fromID="E14" fromText="mild atherosclerotic" toID="T3" toText="10/18/1999" type="BEFORE" />
<TLINK id="Sectime6" fromID="E15" fromText="The RCA occlusion" toID="T3" toText="10/18/1999" type="BEFORE" />
<TLINK id="Sectime7" fromID="E52" fromText="dilated" toID="T3" toText="10/18/1999" type="BEFORE" />
<TLINK id="Sectime8" fromID="E53" fromText="sent" toID="T3" toText="10/18/1999" type="BEFORE" />
<TLINK id="Sectime9" fromID="E16" fromText="a 3.0 X 23 mm Duet" toID="T3" toText="10/18/1999" type="BEFORE" />
<TLINK id="Sectime0" fromID="E1" fromText="acute inferior myocardial infarction" toID="T0" toText="10/15/1999" type="BEFORE" />
<TLINK id="Sectime10" fromID="E54" fromText="post stent dilatation" toID="T3" toText="10/18/1999" type="BEFORE" />
<TLINK id="Sectime11" fromID="E55" fromText="intervention" toID="T3" toText="10/18/1999" type="BEFORE" />
<TLINK id="Sectime12" fromID="E17" fromText="right heart catheterization" toID="T3" toText="10/18/1999" type="BEFORE" />
<TLINK id="Sectime13" fromID="E56" fromText="RV infarct" toID="T3" toText="10/18/1999" type="BEFORE" />
<TLINK id="Sectime14" fromID="E18" fromText="The RA" toID="T3" toText="10/18/1999" type="BEFORE" />
<TLINK id="Sectime15" fromID="E19" fromText="PA" toID="T3" toText="10/18/1999" type="BEFORE" />
<TLINK id="Sectime16" fromID="E21" fromText="PCW" toID="T3" toText="10/18/1999" type="BEFORE" />
<TLINK id="Sectime17" fromID="E22" fromText="a clear A wave" toID="T3" toText="10/18/1999" type="BEFORE" />
<TLINK id="Sectime18" fromID="E23" fromText="the RV tracing" toID="T3" toText="10/18/1999" type="BEFORE" />
<TLINK id="Sectime19" fromID="E24" fromText="RV infarct" toID="T3" toText="10/18/1999" type="BEFORE" />
<TLINK id="Sectime20" fromID="E25" fromText="quite confused" toID="T3" toText="10/18/1999" type="BEFORE" />
<TLINK id="Sectime21" fromID="E26" fromText="disoriented" toID="T3" toText="10/18/1999" type="BEFORE" />
<TLINK id="Sectime22" fromID="E36" fromText="disappeared" toID="T3" toText="10/18/1999" type="BEFORE" />
<TLINK id="Sectime23" fromID="E27" fromText="An echocardiogram" toID="T3" toText="10/18/1999" type="BEFORE" />
<TLINK id="Sectime24" fromID="E57" fromText="evaluate" toID="T3" toText="10/18/1999" type="BEFORE" />
<TLINK id="Sectime25" fromID="E28" fromText="the LV function" toID="T3" toText="10/18/1999" type="BEFORE" />
<TLINK id="Sectime26" fromID="E37" fromText="showed" toID="T3" toText="10/18/1999" type="BEFORE" />
<TLINK id="Sectime27" fromID="E29" fromText="an ejection fraction" toID="T3" toText="10/18/1999" type="BEFORE" />
<TLINK id="Sectime28" fromID="E30" fromText="inferoposteriorakinesis" toID="T3" toText="10/18/1999" type="BEFORE" />
<TLINK id="Sectime29" fromID="E31" fromText="hypokinesis" toID="T3" toText="10/18/1999" type="BEFORE" />
<TLINK id="Sectime30" fromID="E58" fromText="the patient &apos;s mental status" toID="T3" toText="10/18/1999" type="BEFORE" />
<TLINK id="Sectime1" fromID="E39" fromText="transferred" toID="T0" toText="10/15/1999" type="OVERLAP" />
<TLINK id="Sectime31" fromID="E32" fromText="angina" toID="T3" toText="10/18/1999" type="BEFORE" />
<TLINK id="Sectime2" fromID="E40" fromText="cardiac catheterization" toID="T0" toText="10/15/1999" type="OVERLAP" />
<TLINK id="Sectime3" fromID="E41" fromText="angioplasty" toID="T0" toText="10/15/1999" type="OVERLAP" />
<TLINK id="Sectime4" fromID="E2" fromText="hypertension" toID="T0" toText="10/15/1999" type="BEFORE_OVERLAP" />
<TLINK id="Sectime5" fromID="E43" fromText="developed" toID="T0" toText="10/15/1999" type="BEFORE" />
<TLINK id="Sectime6" fromID="E3" fromText="chest discomfort" toID="T0" toText="10/15/1999" type="BEFORE_OVERLAP" />
<TLINK id="Sectime7" fromID="E4" fromText="shortness of breath" toID="T0" toText="10/15/1999" type="BEFORE_OVERLAP" />
<TLINK id="Sectime8" fromID="E42" fromText="admitted" toID="T0" toText="10/15/1999" type="OVERLAP" />
<TLINK id="Sectime9" fromID="E44" fromText="No Verlmerver Medical Center" toID="T0" toText="10/15/1999" type="OVERLAP" />
<TLINK id="Sectime10" fromID="E5" fromText="An electrocardiogram" toID="T0" toText="10/15/1999" type="BEFORE" />
<TLINK id="Sectime11" fromID="E33" fromText="showed" toID="T0" toText="10/15/1999" type="BEFORE" />
<TLINK id="Sectime12" fromID="E6" fromText="acute inferior myocardial infarction" toID="T0" toText="10/15/1999" type="BEFORE" />
<TLINK id="Sectime13" fromID="E45" fromText="the chest pain" toID="T0" toText="10/15/1999" type="BEFORE_OVERLAP" />
<TLINK id="Sectime14" fromID="E46" fromText="transferred" toID="T0" toText="10/15/1999" type="OVERLAP" />
<TLINK id="Sectime15" fromID="E47" fromText="the TGCHO" toID="T0" toText="10/15/1999" type="OVERLAP" />
<TLINK id="Sectime16" fromID="E48" fromText="cardiac catheterization" toID="T0" toText="10/15/1999" type="OVERLAP" />
<TLINK id="Sectime17" fromID="E7" fromText="Aggrastat" toID="T0" toText="10/15/1999" type="BEFORE" />
<TLINK id="Sectime18" fromID="E49" fromText="pain" toID="T0" toText="10/15/1999" type="BEFORE" />
<TLINK id="Sectime32" fromID="E34" fromText="admitted" toID="T3" toText="10/18/1999" type="BEFORE" />
<TLINK id="Sectime33" fromID="E50" fromText="the cardiac catheterization laboratory" toID="T3" toText="10/18/1999" type="BEFORE" />
<TLINK id="Sectime34" fromID="E8" fromText="Coronary angiography" toID="T3" toText="10/18/1999" type="BEFORE" />
<TLINK id="Sectime35" fromID="E9" fromText="right heart catheterization" toID="T3" toText="10/18/1999" type="BEFORE" />
<TLINK id="Sectime36" fromID="E10" fromText="percutaneous intervention of the RCA" toID="T3" toText="10/18/1999" type="BEFORE" />
<SECTIME id="S0" start="18" end="28" text="10/15/1999" type="ADMISSION" dvalue="1999-10-15" />
<SECTIME id="S1" start="46" end="56" text="10/18/1999" type="DISCHARGE" dvalue="1999-10-18" />
</TAGS>
</ClinicalNarrativeTemporalAnnotation>