<?xml version="1.0" encoding="UTF-8" ?>
<ClinicalNarrativeTemporalAnnotation>
<TEXT><![CDATA[
ADMISSION DATE :
08/05/98
DISCHARGE DATE :
08/07/98
HISTORY OF PRESENT ILLNESS :
Miss Siehjesc is an 85-year-old woman with a past medical history significant for Parkinson 's Disease of ten years duration , supraventricular tachycardia , and a history of colon carcinoma , who was in her usual state of health until 11:30 on the morning of admission when she felt the acute on set of 5 out of 10 right sided chest pain with radiation to her sternum but not to her neck or arms or back .
It was not relieved by 2 sublingual nitroglycerins .
She did state that she experienced some shortness of breath ( her usual anginal equivalent ) and believes she did experience some lightheadedness as well , but denies blacking out or falling .
While the pain was initially intermittent , it became steady at about 1:00 p.m. at which time she presented to the Tecal Galecounxopt Community Hospital Emergency Room and following this experience a spontaneous remission of her right sided pain .
Since that time she has experience occasional episodes of the same focal chest pain but finds that it spontaneously remits .
It is made better by direct pressure to the point and she recalls no factors which worsened it .
She is admitted to rule out myocardial infarction .
HOSPITAL COURSE AND TREATMENT :
The patient proceeded to rule out formyocardial infarction by enzymes .
Additionally , the patient underwent a exercise stress test on 8/6/98 with a heart rate proceeding from 76 to 93 beats per minute .
There were no electrocardiogram changes noted and there were no arrhythmias noted as well .
During the test the patient experienced no chest pressure or pain or dyspnea and nuclear medical imaging was without evidence of ischemia .
The patient was in this fashion discharged from the service to continue on her current medications and to call in oneweek to follow up with Dr. Sterpbreutzsterp and Cardiology .
The patient already had a follow up appointment with Dr. Sterpbreutzsterp in three weeks , and was instructed to keep that appointment .
]]></TEXT>
<TAGS>
<EVENT id="E0" start="1" end="10" text="ADMISSION" modality="FACTUAL" polarity="POS" type="OCCURRENCE" />
<EVENT id="E31" start="1018" end="1037" text="occasional episodes" modality="FACTUAL" polarity="POS" type="PROBLEM" />
<EVENT id="E32" start="1041" end="1066" text="the same focal chest pain" modality="FACTUAL" polarity="POS" type="PROBLEM" />
<EVENT id="E33" start="1129" end="1157" text="direct pressure to the point" modality="FACTUAL" polarity="POS" type="TREATMENT" />
<EVENT id="E34" start="1177" end="1184" text="factors" modality="FACTUAL" polarity="NEG" type="OCCURRENCE" />
<EVENT id="E35" start="1212" end="1220" text="admitted" modality="FACTUAL" polarity="POS" type="OCCURRENCE" />
<EVENT id="E36" start="1233" end="1254" text="myocardial infarction" modality="HYPOTHETICAL" polarity="POS" type="PROBLEM" />
<EVENT id="E1" start="1323" end="1347" text="formyocardial infarction" modality="FACTUAL" polarity="POS" type="PROBLEM" />
<EVENT id="E2" start="1351" end="1358" text="enzymes" modality="FACTUAL" polarity="POS" type="TEST" />
<EVENT id="E3" start="1398" end="1420" text="a exercise stress test" modality="FACTUAL" polarity="POS" type="TEST" />
<EVENT id="E4" start="1436" end="1448" text="a heart rate" modality="FACTUAL" polarity="POS" type="TEST" />
<EVENT id="E5" start="1507" end="1532" text="electrocardiogram changes" modality="FACTUAL" polarity="NEG" type="PROBLEM" />
<EVENT id="E6" start="1557" end="1568" text="arrhythmias" modality="FACTUAL" polarity="NEG" type="PROBLEM" />
<EVENT id="E7" start="1592" end="1600" text="the test" modality="FACTUAL" polarity="POS" type="TEST" />
<EVENT id="E8" start="1628" end="1642" text="chest pressure" modality="FACTUAL" polarity="NEG" type="PROBLEM" />
<EVENT id="E14" start="164" end="184" text="Parkinson 's Disease" modality="FACTUAL" polarity="POS" type="PROBLEM" />
<EVENT id="E9" start="1646" end="1650" text="pain" modality="FACTUAL" polarity="NEG" type="PROBLEM" />
<EVENT id="E10" start="1654" end="1661" text="dyspnea" modality="FACTUAL" polarity="NEG" type="PROBLEM" />
<EVENT id="E11" start="1666" end="1689" text="nuclear medical imaging" modality="FACTUAL" polarity="POS" type="TEST" />
<EVENT id="E37" start="1714" end="1722" text="ischemia" modality="FACTUAL" polarity="NEG" type="PROBLEM" />
<EVENT id="E13" start="1757" end="1767" text="discharged" modality="FACTUAL" polarity="POS" type="OCCURRENCE" />
<EVENT id="E38" start="1773" end="1784" text="the service" modality="FACTUAL" polarity="POS" type="CLINICAL_DEPT" />
<EVENT id="E39" start="1800" end="1823" text="her current medications" modality="FACTUAL" polarity="POS" type="TREATMENT" />
<EVENT id="E40" start="1850" end="1856" text="follow" modality="FACTUAL" polarity="POS" type="OCCURRENCE" />
<EVENT id="E41" start="1890" end="1900" text="Cardiology" modality="FACTUAL" polarity="POS" type="CLINICAL_DEPT" />
<EVENT id="E42" start="1927" end="1950" text="a follow up appointment" modality="FACTUAL" polarity="POS" type="OCCURRENCE" />
<EVENT id="E15" start="209" end="237" text="supraventricular tachycardia" modality="FACTUAL" polarity="POS" type="PROBLEM" />
<EVENT id="E16" start="257" end="272" text="colon carcinoma" modality="FACTUAL" polarity="POS" type="PROBLEM" />
<EVENT id="E12" start="27" end="36" text="DISCHARGE" modality="FACTUAL" polarity="POS" type="OCCURRENCE" />
<EVENT id="E17" start="286" end="311" text="her usual state of health" modality="FACTUAL" polarity="POS" type="EVIDENTIAL" />
<EVENT id="E18" start="398" end="420" text="right sided chest pain" modality="FACTUAL" polarity="POS" type="PROBLEM" />
<EVENT id="E19" start="426" end="450" text="radiation to her sternum" modality="FACTUAL" polarity="POS" type="PROBLEM" />
<EVENT id="E20" start="512" end="539" text="2 sublingual nitroglycerins" modality="FACTUAL" polarity="POS" type="TREATMENT" />
<EVENT id="E21" start="550" end="555" text="state" modality="FACTUAL" polarity="POS" type="EVIDENTIAL" />
<EVENT id="E22" start="577" end="601" text="some shortness of breath" modality="FACTUAL" polarity="POS" type="PROBLEM" />
<EVENT id="E23" start="667" end="687" text="some lightheadedness" modality="FACTUAL" polarity="POS" type="PROBLEM" />
<EVENT id="E24" start="709" end="721" text="blacking out" modality="FACTUAL" polarity="NEG" type="PROBLEM" />
<EVENT id="E25" start="725" end="732" text="falling" modality="FACTUAL" polarity="NEG" type="PROBLEM" />
<EVENT id="E26" start="741" end="749" text="the pain" modality="FACTUAL" polarity="POS" type="PROBLEM" />
<EVENT id="E27" start="789" end="795" text="steady" modality="FACTUAL" polarity="POS" type="OCCURRENCE" />
<EVENT id="E28" start="833" end="842" text="presented" modality="FACTUAL" polarity="POS" type="OCCURRENCE" />
<EVENT id="E29" start="846" end="902" text="the Tecal Galecounxopt Community Hospital Emergency Room" modality="FACTUAL" polarity="POS" type="CLINICAL_DEPT" />
<EVENT id="E30" start="960" end="980" text="her right sided pain" modality="FACTUAL" polarity="POS" type="PROBLEM" />
<TIMEX3 id="T7" start="1424" end="1430" text="8/6/98" type="DATE" val="1998-08-06" mod="NA" />
<TIMEX3 id="T1" start="18" end="26" text="08/05/98" type="DATE" val="1998-08-05" mod="NA" />
<TIMEX3 id="T8" start="1839" end="1846" text="oneweek" type="DATE" val="1998-08-14" mod="APPROX" />
<TIMEX3 id="T3" start="188" end="197" text="ten years" type="DURATION" val="P10Y" mod="NA" />
<TIMEX3 id="T9" start="1980" end="1991" text="three weeks" type="DATE" val="1998-08-28" mod="APPROX" />
<TIMEX3 id="T0" start="318" end="338" text="11:30 on the morning" type="TIME" val="1998-08-05T11:30" mod="NA" />
<TIMEX3 id="T2" start="44" end="52" text="08/07/98" type="DATE" val="1998-08-07" mod="NA" />
<TIMEX3 id="T4" start="805" end="814" text="1:00 p.m." type="TIME" val="1998-08-5T13:00" mod="APPROX" />
<TIMEX3 id="T5" start="818" end="828" text="which time" type="TIME" val="1998-08-05T13:00" mod="APPROX" />
<TIMEX3 id="T6" start="989" end="998" text="that time" type="TIME" val="1998-08-05T13:00" mod="APPROX" />
<TLINK id="TL0" fromID="E0" fromText="ADMISSION" toID="T1" toText="08/05/98" type="OVERLAP" />
<TLINK id="TL1" fromID="E12" fromText="DISCHARGE" toID="T2" toText="08/07/98" type="OVERLAP" />
<TLINK id="TL10" fromID="E22" fromText="some shortness of breath" toID="E21" toText="state" type="BEFORE_OVERLAP" />
<TLINK id="TL11" fromID="E23" fromText="some lightheadedness" toID="E21" toText="state" type="BEFORE_OVERLAP" />
<TLINK id="TL12" fromID="E24" fromText="blacking out" toID="E21" toText="state" type="BEFORE_OVERLAP" />
<TLINK id="TL13" fromID="E25" fromText="falling" toID="E21" toText="state" type="BEFORE_OVERLAP" />
<TLINK id="TL14" fromID="E26" fromText="the pain" toID="E18" toText="right sided chest pain" type="SIMULTANEOUS" />
<TLINK id="TL15" fromID="E27" fromText="steady" toID="T4" toText="1:00 p.m." type="BEGUN_BY" />
<TLINK id="TL16" fromID="T4" fromText="1:00 p.m." toID="T5" toText="which time" type="SIMULTANEOUS" />
<TLINK id="TL17" fromID="E28" fromText="presented" toID="T5" toText="which time" type="SIMULTANEOUS" />
<TLINK id="TL18" fromID="E29" fromText="the Tecal Galecounxopt Community Hospital Emergency Room" toID="E28" toText="presented" type="BEGUN_BY" />
<TLINK id="TL19" fromID="E30" fromText="her right sided pain" toID="E28" toText="presented" type="AFTER" />
<TLINK id="TL2" fromID="E14" fromText="Parkinson 's Disease" toID="T3" toText="ten years" type="DURING" />
<TLINK id="TL20" fromID="T6" fromText="that time" toID="T4" toText="1:00 p.m." type="" />
<TLINK id="TL21" fromID="E31" fromText="occasional episodes" toID="T6" toText="that time" type="BEGUN_BY" />
<TLINK id="TL22" fromID="E32" fromText="the same focal chest pain" toID="E31" toText="occasional episodes" type="SIMULTANEOUS" />
<TLINK id="TL23" fromID="E33" fromText="direct pressure to the point" toID="E32" toText="the same focal chest pain" type="DURING" />
<TLINK id="TL24" fromID="E34" fromText="factors" toID="E32" toText="the same focal chest pain" type="OVERLAP" />
<TLINK id="TL25" fromID="E35" fromText="admitted" toID="E0" toText="ADMISSION" type="SIMULTANEOUS" />
<TLINK id="TL26" fromID="E36" fromText="myocardial infarction" toID="E35" toText="admitted" type="BEFORE_OVERLAP" />
<TLINK id="TL27" fromID="E1" fromText="formyocardial infarction" toID="E36" toText="myocardial infarction" type="SIMULTANEOUS" />
<TLINK id="TL28" fromID="E2" fromText="enzymes" toID="E1" toText="formyocardial infarction" type="OVERLAP" />
<TLINK id="TL29" fromID="E3" fromText="a exercise stress test" toID="T7" toText="8/6/98" type="" />
<TLINK id="TL3" fromID="T3" fromText="ten years" toID="E0" toText="ADMISSION" type="ENDED_BY" />
<TLINK id="TL30" fromID="E4" fromText="a heart rate" toID="E3" toText="a exercise stress test" type="DURING" />
<TLINK id="TL31" fromID="E5" fromText="electrocardiogram changes" toID="E6" toText="arrhythmias" type="OVERLAP" />
<TLINK id="TL32" fromID="E5" fromText="electrocardiogram changes" toID="E3" toText="a exercise stress test" type="OVERLAP" />
<TLINK id="TL33" fromID="E7" fromText="the test" toID="E3" toText="a exercise stress test" type="SIMULTANEOUS" />
<TLINK id="TL34" fromID="E8" fromText="chest pressure" toID="E7" toText="the test" type="DURING" />
<TLINK id="TL35" fromID="E9" fromText="pain" toID="E7" toText="the test" type="DURING" />
<TLINK id="TL36" fromID="E10" fromText="dyspnea" toID="E7" toText="the test" type="DURING" />
<TLINK id="TL37" fromID="E11" fromText="nuclear medical imaging" toID="E37" toText="ischemia" type="SIMULTANEOUS" />
<TLINK id="TL38" fromID="E13" fromText="discharged" toID="E12" toText="DISCHARGE" type="SIMULTANEOUS" />
<TLINK id="TL39" fromID="E38" fromText="the service" toID="E13" toText="discharged" type="ENDED_BY" />
<TLINK id="TL4" fromID="E15" fromText="supraventricular tachycardia" toID="E0" toText="ADMISSION" type="BEFORE_OVERLAP" />
<TLINK id="TL40" fromID="E39" fromText="her current medications" toID="E13" toText="discharged" type="AFTER" />
<TLINK id="TL41" fromID="T8" fromText="oneweek" toID="E40" toText="follow" type="OVERLAP" />
<TLINK id="TL42" fromID="T8" fromText="oneweek" toID="E41" toText="Cardiology" type="OVERLAP" />
<TLINK id="TL43" fromID="E42" fromText="a follow up appointment" toID="T9" toText="three weeks" type="OVERLAP" />
<TLINK id="TL5" fromID="E16" fromText="colon carcinoma" toID="E0" toText="ADMISSION" type="BEFORE_OVERLAP" />
<TLINK id="TL6" fromID="E17" fromText="her usual state of health" toID="T0" toText="11:30 on the morning" type="ENDED_BY" />
<TLINK id="TL7" fromID="E18" fromText="right sided chest pain" toID="T0" toText="11:30 on the morning" type="SIMULTANEOUS" />
<TLINK id="TL8" fromID="E19" fromText="radiation to her sternum" toID="E18" toText="right sided chest pain" type="SIMULTANEOUS" />
<TLINK id="TL9" fromID="E20" fromText="2 sublingual nitroglycerins" toID="E18" toText="right sided chest pain" type="AFTER" />
<TLINK id="Sectime0" fromID="E31" fromText="occasional episodes" toID="T1" toText="08/05/98" type="OVERLAP" />
<TLINK id="Sectime1" fromID="E32" fromText="the same focal chest pain" toID="T1" toText="08/05/98" type="OVERLAP" />
<TLINK id="Sectime2" fromID="E33" fromText="direct pressure to the point" toID="T1" toText="08/05/98" type="OVERLAP" />
<TLINK id="Sectime3" fromID="E34" fromText="factors" toID="T1" toText="08/05/98" type="OVERLAP" />
<TLINK id="Sectime4" fromID="E35" fromText="admitted" toID="T1" toText="08/05/98" type="OVERLAP" />
<TLINK id="Sectime5" fromID="E36" fromText="myocardial infarction" toID="T1" toText="08/05/98" type="OVERLAP" />
<TLINK id="Sectime0" fromID="E1" fromText="formyocardial infarction" toID="T2" toText="08/07/98" type="BEFORE" />
<TLINK id="Sectime1" fromID="E2" fromText="enzymes" toID="T2" toText="08/07/98" type="BEFORE" />
<TLINK id="Sectime2" fromID="E3" fromText="a exercise stress test" toID="T2" toText="08/07/98" type="BEFORE" />
<TLINK id="Sectime3" fromID="E4" fromText="a heart rate" toID="T2" toText="08/07/98" type="BEFORE" />
<TLINK id="Sectime4" fromID="E5" fromText="electrocardiogram changes" toID="T2" toText="08/07/98" type="BEFORE" />
<TLINK id="Sectime5" fromID="E6" fromText="arrhythmias" toID="T2" toText="08/07/98" type="BEFORE" />
<TLINK id="Sectime6" fromID="E7" fromText="the test" toID="T2" toText="08/07/98" type="BEFORE" />
<TLINK id="Sectime7" fromID="E8" fromText="chest pressure" toID="T2" toText="08/07/98" type="BEFORE" />
<TLINK id="Sectime6" fromID="E14" fromText="Parkinson 's Disease" toID="T1" toText="08/05/98" type="BEFORE_OVERLAP" />
<TLINK id="Sectime8" fromID="E9" fromText="pain" toID="T2" toText="08/07/98" type="BEFORE" />
<TLINK id="Sectime9" fromID="E10" fromText="dyspnea" toID="T2" toText="08/07/98" type="BEFORE" />
<TLINK id="Sectime10" fromID="E11" fromText="nuclear medical imaging" toID="T2" toText="08/07/98" type="BEFORE" />
<TLINK id="Sectime11" fromID="E37" fromText="ischemia" toID="T2" toText="08/07/98" type="BEFORE" />
<TLINK id="Sectime12" fromID="E13" fromText="discharged" toID="T2" toText="08/07/98" type="OVERLAP" />
<TLINK id="Sectime13" fromID="E38" fromText="the service" toID="T2" toText="08/07/98" type="BEFORE_OVERLAP" />
<TLINK id="Sectime14" fromID="E39" fromText="her current medications" toID="T2" toText="08/07/98" type="BEFORE_OVERLAP" />
<TLINK id="Sectime15" fromID="E40" fromText="follow" toID="T2" toText="08/07/98" type="AFTER" />
<TLINK id="Sectime16" fromID="E41" fromText="Cardiology" toID="T2" toText="08/07/98" type="AFTER" />
<TLINK id="Sectime17" fromID="E42" fromText="a follow up appointment" toID="T2" toText="08/07/98" type="AFTER" />
<TLINK id="Sectime7" fromID="E15" fromText="supraventricular tachycardia" toID="T1" toText="08/05/98" type="OVERLAP" />
<TLINK id="Sectime8" fromID="E16" fromText="colon carcinoma" toID="T1" toText="08/05/98" type="BEFORE" />
<TLINK id="Sectime9" fromID="E17" fromText="her usual state of health" toID="T1" toText="08/05/98" type="BEFORE" />
<TLINK id="Sectime10" fromID="E18" fromText="right sided chest pain" toID="T1" toText="08/05/98" type="OVERLAP" />
<TLINK id="Sectime11" fromID="E19" fromText="radiation to her sternum" toID="T1" toText="08/05/98" type="OVERLAP" />
<TLINK id="Sectime12" fromID="E20" fromText="2 sublingual nitroglycerins" toID="T1" toText="08/05/98" type="OVERLAP" />
<TLINK id="Sectime13" fromID="E21" fromText="state" toID="T1" toText="08/05/98" type="OVERLAP" />
<TLINK id="Sectime14" fromID="E22" fromText="some shortness of breath" toID="T1" toText="08/05/98" type="OVERLAP" />
<TLINK id="Sectime15" fromID="E23" fromText="some lightheadedness" toID="T1" toText="08/05/98" type="OVERLAP" />
<TLINK id="Sectime16" fromID="E24" fromText="blacking out" toID="T1" toText="08/05/98" type="OVERLAP" />
<TLINK id="Sectime17" fromID="E25" fromText="falling" toID="T1" toText="08/05/98" type="OVERLAP" />
<TLINK id="Sectime18" fromID="E26" fromText="the pain" toID="T1" toText="08/05/98" type="OVERLAP" />
<TLINK id="Sectime19" fromID="E27" fromText="steady" toID="T1" toText="08/05/98" type="BEFORE" />
<TLINK id="Sectime20" fromID="E28" fromText="presented" toID="T1" toText="08/05/98" type="OVERLAP" />
<TLINK id="Sectime21" fromID="E29" fromText="the Tecal Galecounxopt Community Hospital Emergency Room" toID="T1" toText="08/05/98" type="OVERLAP" />
<TLINK id="Sectime22" fromID="E30" fromText="her right sided pain" toID="T1" toText="08/05/98" type="OVERLAP" />
<SECTIME id="S0" start="18" end="26" text="08/05/98" type="ADMISSION" dvalue="1998-08-05" />
<SECTIME id="S1" start="44" end="52" text="08/07/98" type="DISCHARGE" dvalue="1998-08-07" />
</TAGS>
</ClinicalNarrativeTemporalAnnotation>