<?xml version="1.0" encoding="UTF-8" ?>
<ClinicalNarrativeTemporalAnnotation>
<TEXT><![CDATA[
Admission Date :
2020-01-20
Discharge Date :
2020-01-21
Service :
MEDICINE
History of Present Illness :
42 yom with PMH of HTN , hyperchol admitted to OSH 1 day ago with black tarry stools X 2 days .
Patient states that he had chronically had loose stools but over 2 preeceeding days noticed the stool to be dark and tarry .
+ Epigastric discomfort , gurgling gas-like pain , no association with food .
+ lightheadedness when he stood up prompting him to go to OSH Nellie .
He states that he takes ASA daily and takes motrin 800 mg tid sometimes for pain , last use 2 wks PTA .
Denies BRBPR , n/v/d .
Denies recent fevers , chills .
Denies any hemetemesis .
At OSH initial Hct = 26 , and 22 upon repeat .
He was also orthostatic given 3 units PRBC and IVF .
EGD attempted but pt unable to tolerate .
He is now transferred to Mediplex Rehab Hospital for futher workup and Rx .
On transfer pt denies any complaints .
States that lightheadedness is resolved .
Brief Hospital Course :
Assessment and Plan :
42 yom with h/o NSAID use transferred from OSH with black tarry stools at home .
Patient was admitted to CMED CCU with tid Hct check .
GI was consulted and performed Endoscopy under general anesthesia which revealed a non bleeding ulcer and gastritis .
Patient was continued on BID PPI , H .
Pylori serology checked ( pending at time of discharge ) .
His antihypertensives were held given concern for GI bleed and should be restarted at follow up appointment with PCP .
Marie was discharged with goal PPI twice day for 1 month followed by once a day .
He is scheduled to follow up with daughter in 2 days .
]]></TEXT>
<TAGS>
<EVENT id="E0" start="1" end="10" text="Admission" modality="FACTUAL" polarity="POS" type="OCCURRENCE" />
<EVENT id="E22" start="1020" end="1025" text="NSAID" modality="FACTUAL" polarity="POS" type="TREATMENT" />
<EVENT id="E57" start="1030" end="1041" text="transferred" modality="FACTUAL" polarity="POS" type="OCCURRENCE" />
<EVENT id="E58" start="1047" end="1050" text="OSH" modality="FACTUAL" polarity="POS" type="CLINICAL_DEPT" />
<EVENT id="E23" start="1056" end="1074" text="black tarry stools" modality="FACTUAL" polarity="POS" type="PROBLEM" />
<EVENT id="E59" start="1097" end="1105" text="admitted" modality="FACTUAL" polarity="POS" type="OCCURRENCE" />
<EVENT id="E60" start="1109" end="1117" text="CMED CCU" modality="FACTUAL" polarity="POS" type="CLINICAL_DEPT" />
<EVENT id="E24" start="1127" end="1136" text="Hct check" modality="FACTUAL" polarity="POS" type="TEST" />
<EVENT id="E25" start="1170" end="1179" text="Endoscopy" modality="FACTUAL" polarity="POS" type="TEST" />
<EVENT id="E26" start="1186" end="1204" text="general anesthesia" modality="FACTUAL" polarity="POS" type="TREATMENT" />
<EVENT id="E61" start="1211" end="1219" text="revealed" modality="FACTUAL" polarity="POS" type="EVIDENTIAL" />
<EVENT id="E27" start="1220" end="1240" text="a non bleeding ulcer" modality="FACTUAL" polarity="POS" type="PROBLEM" />
<EVENT id="E39" start="124" end="127" text="HTN" modality="FACTUAL" polarity="POS" type="PROBLEM" />
<EVENT id="E28" start="1245" end="1254" text="gastritis" modality="FACTUAL" polarity="POS" type="PROBLEM" />
<EVENT id="E29" start="1286" end="1289" text="PPI" modality="FACTUAL" polarity="POS" type="TREATMENT" />
<EVENT id="E40" start="130" end="139" text="hyperchol" modality="FACTUAL" polarity="POS" type="PROBLEM" />
<EVENT id="E30" start="1292" end="1293" text="H" modality="FACTUAL" polarity="POS" type="TREATMENT" />
<EVENT id="E31" start="1296" end="1311" text="Pylori serology" modality="FACTUAL" polarity="POS" type="TEST" />
<EVENT id="E62" start="1341" end="1350" text="discharge" modality="FACTUAL" polarity="POS" type="OCCURRENCE" />
<EVENT id="E32" start="1355" end="1376" text="His antihypertensives" modality="FACTUAL" polarity="POS" type="TREATMENT" />
<EVENT id="E63" start="1382" end="1386" text="held" modality="FACTUAL" polarity="POS" type="OCCURRENCE" />
<EVENT id="E37" start="140" end="148" text="admitted" modality="FACTUAL" polarity="POS" type="OCCURRENCE" />
<EVENT id="E33" start="1405" end="1413" text="GI bleed" modality="FACTUAL" polarity="POS" type="PROBLEM" />
<EVENT id="E64" start="1428" end="1437" text="restarted" modality="PROPOSED" polarity="POS" type="TREATMENT" />
<EVENT id="E65" start="1441" end="1462" text="follow up appointment" modality="FACTUAL" polarity="POS" type="OCCURRENCE" />
<EVENT id="E36" start="1484" end="1494" text="discharged" modality="FACTUAL" polarity="POS" type="OCCURRENCE" />
<EVENT id="E66" start="1500" end="1508" text="goal PPI" modality="FACTUAL" polarity="POS" type="TREATMENT" />
<EVENT id="E41" start="152" end="155" text="OSH" modality="FACTUAL" polarity="POS" type="CLINICAL_DEPT" />
<EVENT id="E67" start="1575" end="1584" text="follow up" modality="FACTUAL" polarity="POS" type="OCCURRENCE" />
<EVENT id="E1" start="171" end="189" text="black tarry stools" modality="FACTUAL" polarity="POS" type="PROBLEM" />
<EVENT id="E42" start="209" end="215" text="states" modality="FACTUAL" polarity="POS" type="EVIDENTIAL" />
<EVENT id="E2" start="244" end="256" text="loose stools" modality="FACTUAL" polarity="POS" type="PROBLEM" />
<EVENT id="E38" start="29" end="38" text="Discharge" modality="FACTUAL" polarity="POS" type="OCCURRENCE" />
<EVENT id="E43" start="293" end="302" text="the stool" modality="FACTUAL" polarity="POS" type="OCCURRENCE" />
<EVENT id="E3" start="309" end="313" text="dark" modality="FACTUAL" polarity="POS" type="PROBLEM" />
<EVENT id="E4" start="318" end="323" text="tarry" modality="FACTUAL" polarity="POS" type="PROBLEM" />
<EVENT id="E44" start="328" end="349" text="Epigastric discomfort" modality="FACTUAL" polarity="POS" type="PROBLEM" />
<EVENT id="E45" start="352" end="374" text="gurgling gas-like pain" modality="FACTUAL" polarity="POS" type="PROBLEM" />
<EVENT id="E46" start="380" end="401" text="association with food" modality="FACTUAL" polarity="NEG" type="OCCURRENCE" />
<EVENT id="E5" start="406" end="421" text="lightheadedness" modality="FACTUAL" polarity="POS" type="PROBLEM" />
<EVENT id="E47" start="462" end="472" text="OSH Nellie" modality="FACTUAL" polarity="POS" type="CLINICAL_DEPT" />
<EVENT id="E68" start="478" end="484" text="states" modality="FACTUAL" polarity="POS" type="EVIDENTIAL" />
<EVENT id="E6" start="499" end="502" text="ASA" modality="FACTUAL" polarity="POS" type="TREATMENT" />
<EVENT id="E7" start="519" end="525" text="motrin" modality="FACTUAL" polarity="POS" type="TREATMENT" />
<EVENT id="E8" start="551" end="555" text="pain" modality="FACTUAL" polarity="POS" type="PROBLEM" />
<EVENT id="E48" start="579" end="585" text="Denies" modality="FACTUAL" polarity="POS" type="EVIDENTIAL" />
<EVENT id="E9" start="586" end="591" text="BRBPR" modality="FACTUAL" polarity="NEG" type="PROBLEM" />
<EVENT id="E10" start="594" end="599" text="n/v/d" modality="FACTUAL" polarity="NEG" type="PROBLEM" />
<EVENT id="E49" start="602" end="608" text="Denies" modality="FACTUAL" polarity="POS" type="EVIDENTIAL" />
<EVENT id="E11" start="609" end="622" text="recent fevers" modality="FACTUAL" polarity="NEG" type="PROBLEM" />
<EVENT id="E12" start="625" end="631" text="chills" modality="FACTUAL" polarity="NEG" type="PROBLEM" />
<EVENT id="E50" start="634" end="640" text="Denies" modality="FACTUAL" polarity="POS" type="EVIDENTIAL" />
<EVENT id="E13" start="641" end="656" text="any hemetemesis" modality="FACTUAL" polarity="NEG" type="PROBLEM" />
<EVENT id="E54" start="662" end="665" text="OSH" modality="FACTUAL" polarity="POS" type="CLINICAL_DEPT" />
<EVENT id="E14" start="666" end="677" text="initial Hct" modality="FACTUAL" polarity="POS" type="TEST" />
<EVENT id="E15" start="718" end="729" text="orthostatic" modality="FACTUAL" polarity="POS" type="PROBLEM" />
<EVENT id="E16" start="744" end="748" text="PRBC" modality="FACTUAL" polarity="POS" type="TREATMENT" />
<EVENT id="E17" start="753" end="756" text="IVF" modality="FACTUAL" polarity="POS" type="TREATMENT" />
<EVENT id="E18" start="759" end="762" text="EGD" modality="FACTUAL" polarity="POS" type="TEST" />
<EVENT id="E52" start="780" end="798" text="unable to tolerate" modality="FACTUAL" polarity="POS" type="PROBLEM" />
<EVENT id="E34" start="811" end="822" text="transferred" modality="FACTUAL" polarity="POS" type="OCCURRENCE" />
<EVENT id="E53" start="826" end="849" text="Mediplex Rehab Hospital" modality="FACTUAL" polarity="POS" type="CLINICAL_DEPT" />
<EVENT id="E19" start="854" end="867" text="futher workup" modality="FACTUAL" polarity="POS" type="TEST" />
<EVENT id="E20" start="872" end="874" text="Rx" modality="FACTUAL" polarity="POS" type="TREATMENT" />
<EVENT id="E35" start="880" end="888" text="transfer" modality="FACTUAL" polarity="POS" type="OCCURRENCE" />
<EVENT id="E55" start="892" end="898" text="denies" modality="FACTUAL" polarity="POS" type="EVIDENTIAL" />
<EVENT id="E56" start="903" end="913" text="complaints" modality="FACTUAL" polarity="NEG" type="PROBLEM" />
<EVENT id="E69" start="916" end="922" text="States" modality="FACTUAL" polarity="POS" type="EVIDENTIAL" />
<EVENT id="E21" start="928" end="943" text="lightheadedness" modality="FACTUAL" polarity="POS" type="PROBLEM" />
<TIMEX3 id="T9" start="1123" end="1126" text="tid" type="FREQUENCY" val="RPT8H" mod="NA" />
<TIMEX3 id="T10" start="1282" end="1285" text="BID" type="FREQUENCY" val="RPT12H" mod="NA" />
<TIMEX3 id="T11" start="1509" end="1518" text="twice day" type="FREQUENCY" val="RPT12H" mod="NA" />
<TIMEX3 id="T12" start="1523" end="1530" text="1 month" type="DURATION" val="P1M" mod="NA" />
<TIMEX3 id="T13" start="1543" end="1553" text="once a day" type="FREQUENCY" val="RP1D" mod="NA" />
<TIMEX3 id="T0" start="156" end="165" text="1 day ago" type="DATE" val="2020-01-19" mod="NA" />
<TIMEX3 id="T3" start="1602" end="1608" text="2 days" type="DATE" val="2020-01-23" mod="NA" />
<TIMEX3 id="T1" start="18" end="28" text="2020-01-20" type="DATE" val="2020-01-20" mod="NA" />
<TIMEX3 id="T4" start="192" end="198" text="2 days" type="DURATION" val="P2D" mod="NA" />
<TIMEX3 id="T5" start="266" end="284" text="2 preeceeding days" type="DURATION" val="P2D" mod="NA" />
<TIMEX3 id="T2" start="46" end="56" text="2020-01-21" type="DATE" val="2020-01-21" mod="NA" />
<TIMEX3 id="T6" start="503" end="508" text="daily" type="FREQUENCY" val="RP1D" mod="NA" />
<TIMEX3 id="T7" start="533" end="536" text="tid" type="FREQUENCY" val="RPT8H" mod="NA" />
<TIMEX3 id="T8" start="567" end="576" text="2 wks PTA" type="DATE" val="2020-01-06" mod="NA" />
<TLINK id="TL0" fromID="E0" fromText="Admission" toID="T1" toText="2020-01-20" type="SIMULTANEOUS" />
<TLINK id="TL1" fromID="E5" fromText="lightheadedness" toID="E21" toText="lightheadedness" type="simultaneous" />
<TLINK id="TL10" fromID="E40" fromText="hyperchol" toID="E37" toText="admitted" type="BEFORE_OVERLAP" />
<TLINK id="TL11" fromID="T0" fromText="1 day ago" toID="E37" toText="admitted" type="SIMULTANEOUS" />
<TLINK id="TL12" fromID="T0" fromText="1 day ago" toID="E0" toText="Admission" type="BEFORE" />
<TLINK id="TL13" fromID="E1" fromText="black tarry stools" toID="T4" toText="2 days" type="OVERLAP" />
<TLINK id="TL14" fromID="T4" fromText="2 days" toID="T0" toText="1 day ago" type="ENDED_BY" />
<TLINK id="TL15" fromID="E42" fromText="states" toID="E0" toText="Admission" type="SIMULTANEOUS" />
<TLINK id="TL16" fromID="E2" fromText="loose stools" toID="E42" toText="states" type="BEFORE_OVERLAP" />
<TLINK id="TL17" fromID="E43" fromText="the stool" toID="E2" toText="loose stools" type="SIMULTANEOUS" />
<TLINK id="TL18" fromID="E3" fromText="dark" toID="E4" toText="tarry" type="SIMULTANEOUS" />
<TLINK id="TL19" fromID="E3" fromText="dark" toID="T5" toText="2 preeceeding days" type="BEGUN_BY" />
<TLINK id="TL2" fromID="E1" fromText="black tarry stools" toID="E23" toText="black tarry stools" type="simultaneous" />
<TLINK id="TL20" fromID="T5" fromText="2 preeceeding days" toID="E0" toText="Admission" type="ENDED_BY" />
<TLINK id="TL21" fromID="E44" fromText="Epigastric discomfort" toID="E4" toText="tarry" type="OVERLAP" />
<TLINK id="TL22" fromID="E45" fromText="gurgling gas-like pain" toID="E44" toText="Epigastric discomfort" type="OVERLAP" />
<TLINK id="TL23" fromID="E45" fromText="gurgling gas-like pain" toID="E46" toText="association with food" type="SIMULTANEOUS" />
<TLINK id="TL24" fromID="E44" fromText="Epigastric discomfort" toID="E5" toText="lightheadedness" type="OVERLAP" />
<TLINK id="TL25" fromID="E5" fromText="lightheadedness" toID="E47" toText="OSH Nellie" type="BEFORE_OVERLAP" />
<TLINK id="TL26" fromID="E47" fromText="OSH Nellie" toID="E41" toText="OSH" type="SIMULTANEOUS" />
<TLINK id="TL27" fromID="E47" fromText="OSH Nellie" toID="E58" toText="OSH" type="SIMULTANEOUS" />
<TLINK id="TL28" fromID="E6" fromText="ASA" toID="T6" toText="daily" type="OVERLAP" />
<TLINK id="TL29" fromID="E68" fromText="states" toID="E42" toText="states" type="SIMULTANEOUS" />
<TLINK id="TL3" fromID="E34" fromText="transferred" toID="E0" toText="Admission" type="SIMULTANEOUS" />
<TLINK id="TL30" fromID="E6" fromText="ASA" toID="E68" toText="states" type="BEFORE_OVERLAP" />
<TLINK id="TL31" fromID="E7" fromText="motrin" toID="E6" toText="ASA" type="OVERLAP" />
<TLINK id="TL32" fromID="E7" fromText="motrin" toID="T7" toText="tid" type="OVERLAP" />
<TLINK id="TL33" fromID="E8" fromText="pain" toID="E7" toText="motrin" type="ENDED_BY" />
<TLINK id="TL34" fromID="E7" fromText="motrin" toID="T8" toText="2 wks PTA" type="SIMULTANEOUS" />
<TLINK id="TL35" fromID="T8" fromText="2 wks PTA" toID="E0" toText="Admission" type="BEFORE" />
<TLINK id="TL36" fromID="E48" fromText="Denies" toID="E68" toText="states" type="SIMULTANEOUS" />
<TLINK id="TL37" fromID="E9" fromText="BRBPR" toID="E48" toText="Denies" type="BEFORE_OVERLAP" />
<TLINK id="TL38" fromID="E10" fromText="n/v/d" toID="E9" toText="BRBPR" type="OVERLAP" />
<TLINK id="TL39" fromID="E49" fromText="Denies" toID="E48" toText="Denies" type="SIMULTANEOUS" />
<TLINK id="TL4" fromID="E38" fromText="Discharge" toID="T2" toText="2020-01-21" type="SIMULTANEOUS" />
<TLINK id="TL40" fromID="E11" fromText="recent fevers" toID="E49" toText="Denies" type="BEFORE" />
<TLINK id="TL41" fromID="E12" fromText="chills" toID="E11" toText="recent fevers" type="OVERLAP" />
<TLINK id="TL42" fromID="E50" fromText="Denies" toID="E49" toText="Denies" type="SIMULTANEOUS" />
<TLINK id="TL43" fromID="E13" fromText="any hemetemesis" toID="E9" toText="BRBPR" type="OVERLAP" />
<TLINK id="TL44" fromID="E13" fromText="any hemetemesis" toID="E50" toText="Denies" type="BEFORE_OVERLAP" />
<TLINK id="TL45" fromID="E54" fromText="OSH" toID="E47" toText="OSH Nellie" type="OVERLAP" />
<TLINK id="TL46" fromID="E14" fromText="initial Hct" toID="E54" toText="OSH" type="OVERLAP" />
<TLINK id="TL47" fromID="E15" fromText="orthostatic" toID="E14" toText="initial Hct" type="OVERLAP" />
<TLINK id="TL48" fromID="E16" fromText="PRBC" toID="E15" toText="orthostatic" type="OVERLAP" />
<TLINK id="TL49" fromID="E17" fromText="IVF" toID="E16" toText="PRBC" type="OVERLAP" />
<TLINK id="TL5" fromID="E36" fromText="discharged" toID="E38" toText="Discharge" type="SIMULTANEOUS" />
<TLINK id="TL50" fromID="E18" fromText="EGD" toID="E17" toText="IVF" type="OVERLAP" />
<TLINK id="TL51" fromID="E52" fromText="unable to tolerate" toID="E18" toText="EGD" type="SIMULTANEOUS" />
<TLINK id="TL52" fromID="E54" fromText="OSH" toID="E34" toText="transferred" type="BEFORE" />
<TLINK id="TL53" fromID="E53" fromText="Mediplex Rehab Hospital" toID="E34" toText="transferred" type="BEGUN_BY" />
<TLINK id="TL54" fromID="E19" fromText="futher workup" toID="E53" toText="Mediplex Rehab Hospital" type="BEGUN_BY" />
<TLINK id="TL55" fromID="E20" fromText="Rx" toID="E19" toText="futher workup" type="OVERLAP" />
<TLINK id="TL57" fromID="E35" fromText="transfer" toID="E34" toText="transferred" type="SIMULTANEOUS" />
<TLINK id="TL58" fromID="E55" fromText="denies" toID="E35" toText="transfer" type="SIMULTANEOUS" />
<TLINK id="TL59" fromID="E56" fromText="complaints" toID="E55" toText="denies" type="BEFORE_OVERLAP" />
<TLINK id="TL6" fromID="T12" fromText="1 month" toID="E38" toText="Discharge" type="BEGUN_BY" />
<TLINK id="TL60" fromID="E69" fromText="States" toID="E55" toText="denies" type="SIMULTANEOUS" />
<TLINK id="TL61" fromID="E21" fromText="lightheadedness" toID="E69" toText="States" type="BEFORE" />
<TLINK id="TL62" fromID="E22" fromText="NSAID" toID="E0" toText="Admission" type="BEFORE" />
<TLINK id="TL63" fromID="E57" fromText="transferred" toID="E35" toText="transfer" type="SIMULTANEOUS" />
<TLINK id="TL64" fromID="E23" fromText="black tarry stools" toID="E58" toText="OSH" type="BEFORE_OVERLAP" />
<TLINK id="TL65" fromID="E58" fromText="OSH" toID="E57" toText="transferred" type="ENDED_BY" />
<TLINK id="TL66" fromID="E59" fromText="admitted" toID="E57" toText="transferred" type="SIMULTANEOUS" />
<TLINK id="TL67" fromID="E60" fromText="CMED CCU" toID="E59" toText="admitted" type="BEGUN_BY" />
<TLINK id="TL68" fromID="E24" fromText="Hct check" toID="E60" toText="CMED CCU" type="OVERLAP" />
<TLINK id="TL69" fromID="E24" fromText="Hct check" toID="T9" toText="tid" type="OVERLAP" />
<TLINK id="TL7" fromID="E39" fromText="HTN" toID="E40" toText="hyperchol" type="OVERLAP" />
<TLINK id="TL70" fromID="E25" fromText="Endoscopy" toID="E60" toText="CMED CCU" type="DURING" />
<TLINK id="TL71" fromID="E26" fromText="general anesthesia" toID="E25" toText="Endoscopy" type="OVERLAP" />
<TLINK id="TL72" fromID="E61" fromText="revealed" toID="E25" toText="Endoscopy" type="SIMULTANEOUS" />
<TLINK id="TL73" fromID="E27" fromText="a non bleeding ulcer" toID="E61" toText="revealed" type="BEFORE_OVERLAP" />
<TLINK id="TL74" fromID="E28" fromText="gastritis" toID="E27" toText="a non bleeding ulcer" type="OVERLAP" />
<TLINK id="TL75" fromID="E29" fromText="PPI" toID="E60" toText="CMED CCU" type="BEFORE_OVERLAP" />
<TLINK id="TL76" fromID="E29" fromText="PPI" toID="T10" toText="BID" type="OVERLAP" />
<TLINK id="TL77" fromID="E30" fromText="H" toID="E29" toText="PPI" type="OVERLAP" />
<TLINK id="TL79" fromID="E62" fromText="discharge" toID="E38" toText="Discharge" type="SIMULTANEOUS" />
<TLINK id="TL8" fromID="E39" fromText="HTN" toID="E0" toText="Admission" type="BEFORE_OVERLAP" />
<TLINK id="TL80" fromID="E31" fromText="Pylori serology" toID="E62" toText="discharge" type="BEFORE" />
<TLINK id="TL81" fromID="E63" fromText="held" toID="E60" toText="CMED CCU" type="DURING" />
<TLINK id="TL82" fromID="E32" fromText="His antihypertensives" toID="E63" toText="held" type="ENDED_BY" />
<TLINK id="TL83" fromID="E33" fromText="GI bleed" toID="E63" toText="held" type="BEFORE_OVERLAP" />
<TLINK id="TL84" fromID="E65" fromText="follow up appointment" toID="E62" toText="discharge" type="AFTER" />
<TLINK id="TL85" fromID="E64" fromText="restarted" toID="E65" toText="follow up appointment" type="SIMULTANEOUS" />
<TLINK id="TL86" fromID="E36" fromText="discharged" toID="E62" toText="discharge" type="SIMULTANEOUS" />
<TLINK id="TL87" fromID="E66" fromText="goal PPI" toID="E29" toText="PPI" type="SIMULTANEOUS" />
<TLINK id="TL88" fromID="E66" fromText="goal PPI" toID="T11" toText="twice day" type="OVERLAP" />
<TLINK id="TL89" fromID="T11" fromText="twice day" toID="T12" toText="1 month" type="DURING" />
<TLINK id="TL9" fromID="E41" fromText="OSH" toID="E37" toText="admitted" type="BEGUN_BY" />
<TLINK id="TL90" fromID="T12" fromText="1 month" toID="E36" toText="discharged" type="BEFORE_OVERLAP" />
<TLINK id="TL92" fromID="T13" fromText="once a day" toID="T11" toText="twice day" type="AFTER" />
<TLINK id="TL93" fromID="T3" fromText="2 days" toID="E36" toText="discharged" type="AFTER" />
<TLINK id="TL94" fromID="E67" fromText="follow up" toID="T3" toText="2 days" type="SIMULTANEOUS" />
<SECTIME id="S0" start="18" end="28" text="2020-01-20" type="ADMISSION" dvalue="2020-01-20" />
<SECTIME id="S1" start="46" end="56" text="2020-01-21" type="DISCHARGE" dvalue="2020-01-21" />
<TLINK id="SECTIME0" fromID="E22" fromText="NSAID" toID="T2" toText="2020-01-21" type="BEFORE" />
<TLINK id="SECTIME1" fromID="E57" fromText="transferred" toID="T2" toText="2020-01-21" type="BEFORE" />
<TLINK id="SECTIME2" fromID="E58" fromText="OSH" toID="T2" toText="2020-01-21" type="BEFORE" />
<TLINK id="SECTIME3" fromID="E23" fromText="black tarry stools" toID="T2" toText="2020-01-21" type="BEFORE" />
<TLINK id="SECTIME4" fromID="E59" fromText="admitted" toID="T2" toText="2020-01-21" type="BEFORE" />
<TLINK id="SECTIME5" fromID="E60" fromText="CMED CCU" toID="T2" toText="2020-01-21" type="BEFORE" />
<TLINK id="SECTIME6" fromID="E24" fromText="Hct check" toID="T2" toText="2020-01-21" type="BEFORE" />
<TLINK id="SECTIME7" fromID="E25" fromText="Endoscopy" toID="T2" toText="2020-01-21" type="BEFORE" />
<TLINK id="SECTIME8" fromID="E26" fromText="general anesthesia" toID="T2" toText="2020-01-21" type="BEFORE" />
<TLINK id="SECTIME9" fromID="E61" fromText="revealed" toID="T2" toText="2020-01-21" type="BEFORE" />
<TLINK id="SECTIME10" fromID="E27" fromText="a non bleeding ulcer" toID="T2" toText="2020-01-21" type="BEFORE" />
<TLINK id="SECTIME11" fromID="E39" fromText="HTN" toID="T1" toText="2020-01-20" type="BEFORE" />
<TLINK id="SECTIME12" fromID="E28" fromText="gastritis" toID="T2" toText="2020-01-21" type="BEFORE" />
<TLINK id="SECTIME13" fromID="E29" fromText="PPI" toID="T2" toText="2020-01-21" type="BEFORE" />
<TLINK id="SECTIME14" fromID="E40" fromText="hyperchol" toID="T1" toText="2020-01-20" type="BEFORE" />
<TLINK id="SECTIME15" fromID="E30" fromText="H" toID="T2" toText="2020-01-21" type="BEFORE" />
<TLINK id="SECTIME16" fromID="E31" fromText="Pylori serology" toID="T2" toText="2020-01-21" type="BEFORE" />
<TLINK id="SECTIME17" fromID="E62" fromText="discharge" toID="T2" toText="2020-01-21" type="OVERLAP" />
<TLINK id="SECTIME18" fromID="E32" fromText="His antihypertensives" toID="T2" toText="2020-01-21" type="BEFORE" />
<TLINK id="SECTIME19" fromID="E63" fromText="held" toID="T2" toText="2020-01-21" type="BEFORE" />
<TLINK id="SECTIME20" fromID="E37" fromText="admitted" toID="T1" toText="2020-01-20" type="BEFORE" />
<TLINK id="SECTIME21" fromID="E33" fromText="GI bleed" toID="T2" toText="2020-01-21" type="BEFORE" />
<TLINK id="SECTIME22" fromID="E64" fromText="restarted" toID="T2" toText="2020-01-21" type="AFTER" />
<TLINK id="SECTIME23" fromID="E65" fromText="follow up appointment" toID="T2" toText="2020-01-21" type="AFTER" />
<TLINK id="SECTIME24" fromID="E36" fromText="discharged" toID="T2" toText="2020-01-21" type="OVERLAP" />
<TLINK id="SECTIME25" fromID="E66" fromText="goal PPI" toID="T2" toText="2020-01-21" type="BEFORE" />
<TLINK id="SECTIME26" fromID="E41" fromText="OSH" toID="T1" toText="2020-01-20" type="BEFORE" />
<TLINK id="SECTIME27" fromID="E67" fromText="follow up" toID="T2" toText="2020-01-21" type="AFTER" />
<TLINK id="SECTIME28" fromID="E1" fromText="black tarry stools" toID="T1" toText="2020-01-20" type="BEFORE" />
<TLINK id="SECTIME29" fromID="E42" fromText="states" toID="T1" toText="2020-01-20" type="OVERLAP" />
<TLINK id="SECTIME30" fromID="E2" fromText="loose stools" toID="T1" toText="2020-01-20" type="BEFORE" />
<TLINK id="SECTIME31" fromID="E43" fromText="the stool" toID="T1" toText="2020-01-20" type="BEFORE" />
<TLINK id="SECTIME32" fromID="E3" fromText="dark" toID="T1" toText="2020-01-20" type="BEFORE" />
<TLINK id="SECTIME33" fromID="E4" fromText="tarry" toID="T1" toText="2020-01-20" type="BEFORE" />
<TLINK id="SECTIME34" fromID="E44" fromText="Epigastric discomfort" toID="T1" toText="2020-01-20" type="BEFORE" />
<TLINK id="SECTIME35" fromID="E45" fromText="gurgling gas-like pain" toID="T1" toText="2020-01-20" type="BEFORE" />
<TLINK id="SECTIME36" fromID="E46" fromText="association with food" toID="T1" toText="2020-01-20" type="BEFORE" />
<TLINK id="SECTIME37" fromID="E5" fromText="lightheadedness" toID="T1" toText="2020-01-20" type="BEFORE" />
<TLINK id="SECTIME38" fromID="E47" fromText="OSH Nellie" toID="T1" toText="2020-01-20" type="BEFORE" />
<TLINK id="SECTIME39" fromID="E68" fromText="states" toID="T1" toText="2020-01-20" type="OVERLAP" />
<TLINK id="SECTIME40" fromID="E6" fromText="ASA" toID="T1" toText="2020-01-20" type="BEFORE" />
<TLINK id="SECTIME41" fromID="E7" fromText="motrin" toID="T1" toText="2020-01-20" type="BEFORE" />
<TLINK id="SECTIME42" fromID="E8" fromText="pain" toID="T1" toText="2020-01-20" type="BEFORE" />
<TLINK id="SECTIME43" fromID="E48" fromText="Denies" toID="T1" toText="2020-01-20" type="OVERLAP" />
<TLINK id="SECTIME44" fromID="E9" fromText="BRBPR" toID="T1" toText="2020-01-20" type="BEFORE" />
<TLINK id="SECTIME45" fromID="E10" fromText="n/v/d" toID="T1" toText="2020-01-20" type="BEFORE" />
<TLINK id="SECTIME46" fromID="E49" fromText="Denies" toID="T1" toText="2020-01-20" type="OVERLAP" />
<TLINK id="SECTIME47" fromID="E11" fromText="recent fevers" toID="T1" toText="2020-01-20" type="BEFORE" />
<TLINK id="SECTIME48" fromID="E12" fromText="chills" toID="T1" toText="2020-01-20" type="BEFORE" />
<TLINK id="SECTIME49" fromID="E50" fromText="Denies" toID="T1" toText="2020-01-20" type="OVERLAP" />
<TLINK id="SECTIME50" fromID="E13" fromText="any hemetemesis" toID="T1" toText="2020-01-20" type="BEFORE" />
<TLINK id="SECTIME51" fromID="E54" fromText="OSH" toID="T1" toText="2020-01-20" type="BEFORE" />
<TLINK id="SECTIME52" fromID="E14" fromText="initial Hct" toID="T1" toText="2020-01-20" type="BEFORE" />
<TLINK id="SECTIME53" fromID="E15" fromText="orthostatic" toID="T1" toText="2020-01-20" type="BEFORE" />
<TLINK id="SECTIME54" fromID="E16" fromText="PRBC" toID="T1" toText="2020-01-20" type="BEFORE" />
<TLINK id="SECTIME55" fromID="E17" fromText="IVF" toID="T1" toText="2020-01-20" type="BEFORE" />
<TLINK id="SECTIME56" fromID="E18" fromText="EGD" toID="T1" toText="2020-01-20" type="BEFORE" />
<TLINK id="SECTIME57" fromID="E52" fromText="unable to tolerate" toID="T1" toText="2020-01-20" type="BEFORE" />
<TLINK id="SECTIME58" fromID="E34" fromText="transferred" toID="T1" toText="2020-01-20" type="OVERLAP" />
<TLINK id="SECTIME59" fromID="E53" fromText="Mediplex Rehab Hospital" toID="T1" toText="2020-01-20" type="OVERLAP" />
<TLINK id="SECTIME60" fromID="E19" fromText="futher workup" toID="T1" toText="2020-01-20" type="OVERLAP" />
<TLINK id="SECTIME61" fromID="E20" fromText="Rx" toID="T1" toText="2020-01-20" type="OVERLAP" />
<TLINK id="SECTIME62" fromID="E35" fromText="transfer" toID="T1" toText="2020-01-20" type="OVERLAP" />
<TLINK id="SECTIME63" fromID="E55" fromText="denies" toID="T1" toText="2020-01-20" type="OVERLAP" />
<TLINK id="SECTIME64" fromID="E56" fromText="complaints" toID="T1" toText="2020-01-20" type="OVERLAP" />
<TLINK id="SECTIME65" fromID="E69" fromText="States" toID="T1" toText="2020-01-20" type="OVERLAP" />
<TLINK id="SECTIME66" fromID="E21" fromText="lightheadedness" toID="T1" toText="2020-01-20" type="BEFORE" />
</TAGS>
</ClinicalNarrativeTemporalAnnotation>
