<?xml version="1.0" encoding="UTF-8" ?>
<ClinicalNarrativeTemporalAnnotation>
<TEXT><![CDATA[
Admission Date :
02/04/1990
Discharge Date :
02/12/1990
HISTORY OF PRESENT ILLNESS :
The patient is a 52-year-old right handed male with a many year history of bilateral shoulder pain , right greater than left .
He has steroid injections in the right and in the left four times .
Arthrogram in the distant past showed a right rotator cuff tear and he now has increased pain in his left shoulder .
MRI by report showed bilateral rotator cuff repairs and he was admitted for repair of the left rotator cuff .
HOSPITAL COURSE :
The patient was admitted with the assessment of left rotator cuff repair and he was taken to the Operating Room on the day of admission where he underwent left rotator cuff repair under general endotracheal tube anesthesia .
There were no intraoperative complications .
His postoperative course was generally unremarkable except for a prolonged course of advancement with range of motion of his left shoulder .
Occupational therapy became involved initially and he remained on patient controlled analgesia secondary to problems with left shoulder pain .
He was kept in the hospital for an extended period to improve his postoperative range of motion .
However , he was eventually able to achieve forward flexion of 135 degrees and external rotation of 30 degrees by postoperative day number eight .
His wound remained clean and dry and showed no signs of infection and healed well .
However , his course was otherwise complicated by discovery of persistently elevated blood sugars and Endocrinology was consulted to rule out possible newly diagnosed diabetes .
His hemoglobin A1C levels actually came back within normal limits , however , the wide excursions of his sugars were consistent with possible diabetes .
He was placed on a diabetic diet and his sugars did show some improvement .
It was not necessary to start him on oral hypoglycemics or insulin .
He also complained of occasional spells and jitteriness and some orthostatic dizziness and thus Neurology was consulted and EMG &apos;s were performed which were normal .
His neurologist was contacted , Dr. Cap , and the exact of his problems was not demonstrated during this hospitalization , however , they felt that this could possibly be an autonomic type neuropathy maybe secondary to some underlying diabetic process .
Further work-up of his neurologic conditions were planned as an outpatient .
Thus , he was discharged on postoperative day number eight in good condition with a well healed left shoulder wound and doing well with occupational therapy with plans for him to follow-up with Dr. Necessary .
]]></TEXT>
<TAGS>
<EVENT id="E0" start="1" end="10" text="Admission" modality="FACTUAL" polarity="POS" type="OCCURRENCE" />
<EVENT id="E11" start="1003" end="1031" text="patient controlled analgesia" modality="FACTUAL" polarity="POS" type="TREATMENT" />
<EVENT id="E12" start="1059" end="1077" text="left shoulder pain" modality="FACTUAL" polarity="POS" type="PROBLEM" />
<EVENT id="E39" start="1095" end="1107" text="the hospital" modality="FACTUAL" polarity="POS" type="CLINICAL_DEPT" />
<EVENT id="E40" start="1142" end="1175" text="his postoperative range of motion" modality="FACTUAL" polarity="POS" type="PROBLEM" />
<EVENT id="E41" start="1222" end="1237" text="forward flexion" modality="FACTUAL" polarity="POS" type="TEST" />
<EVENT id="E42" start="1257" end="1274" text="external rotation" modality="FACTUAL" polarity="POS" type="TEST" />
<EVENT id="E13" start="1325" end="1334" text="His wound" modality="FACTUAL" polarity="POS" type="PROBLEM" />
<EVENT id="E14" start="1372" end="1390" text="signs of infection" modality="FACTUAL" polarity="NEG" type="PROBLEM" />
<EVENT id="E43" start="1395" end="1406" text="healed well" modality="FACTUAL" polarity="POS" type="OCCURRENCE" />
<EVENT id="E44" start="1419" end="1429" text="his course" modality="FACTUAL" polarity="POS" type="OCCURRENCE" />
<EVENT id="E45" start="1472" end="1506" text="persistently elevated blood sugars" modality="FACTUAL" polarity="POS" type="PROBLEM" />
<EVENT id="E46" start="1511" end="1524" text="Endocrinology" modality="FACTUAL" polarity="POS" type="CLINICAL_DEPT" />
<EVENT id="E47" start="1560" end="1584" text="newly diagnosed diabetes" modality="POSSIBLE" polarity="POS" type="PROBLEM" />
<EVENT id="E15" start="1587" end="1612" text="His hemoglobin A1C levels" modality="FACTUAL" polarity="POS" type="TEST" />
<EVENT id="E1" start="161" end="184" text="bilateral shoulder pain" modality="FACTUAL" polarity="POS" type="PROBLEM" />
<EVENT id="E48" start="1665" end="1684" text="the wide excursions" modality="FACTUAL" polarity="POS" type="PROBLEM" />
<EVENT id="E49" start="1688" end="1698" text="his sugars" modality="FACTUAL" polarity="POS" type="TEST" />
<EVENT id="E50" start="1729" end="1737" text="diabetes" modality="POSSIBLE" polarity="POS" type="PROBLEM" />
<EVENT id="E16" start="1757" end="1772" text="a diabetic diet" modality="FACTUAL" polarity="POS" type="TREATMENT" />
<EVENT id="E17" start="1777" end="1787" text="his sugars" modality="FACTUAL" polarity="POS" type="TEST" />
<EVENT id="E51" start="1797" end="1813" text="some improvement" modality="FACTUAL" polarity="POS" type="OCCURRENCE" />
<EVENT id="E18" start="1853" end="1871" text="oral hypoglycemics" modality="FACTUAL" polarity="NEG" type="TREATMENT" />
<EVENT id="E19" start="1875" end="1882" text="insulin" modality="FACTUAL" polarity="NEG" type="TREATMENT" />
<EVENT id="E52" start="1893" end="1903" text="complained" modality="FACTUAL" polarity="POS" type="EVIDENTIAL" />
<EVENT id="E20" start="1907" end="1924" text="occasional spells" modality="FACTUAL" polarity="POS" type="PROBLEM" />
<EVENT id="E53" start="1929" end="1940" text="jitteriness" modality="FACTUAL" polarity="POS" type="PROBLEM" />
<EVENT id="E54" start="1945" end="1971" text="some orthostatic dizziness" modality="FACTUAL" polarity="POS" type="PROBLEM" />
<EVENT id="E55" start="1981" end="1990" text="Neurology" modality="FACTUAL" polarity="POS" type="CLINICAL_DEPT" />
<EVENT id="E21" start="2009" end="2020" text="EMG &apos;s" modality="FACTUAL" polarity="POS" type="TEST" />
<EVENT id="E56" start="2047" end="2053" text="normal" modality="FACTUAL" polarity="POS" type="EVIDENTIAL" />
<EVENT id="E57" start="2056" end="2071" text="His neurologist" modality="FACTUAL" polarity="POS" type="CLINICAL_DEPT" />
<EVENT id="E58" start="2115" end="2127" text="his problems" modality="FACTUAL" polarity="NEG" type="PROBLEM" />
<EVENT id="E59" start="2136" end="2148" text="demonstrated" modality="FACTUAL" polarity="NEG" type="EVIDENTIAL" />
<EVENT id="E60" start="2156" end="2176" text="this hospitalization" modality="FACTUAL" polarity="POS" type="OCCURRENCE" />
<EVENT id="E2" start="220" end="238" text="steroid injections" modality="FACTUAL" polarity="POS" type="TREATMENT" />
<EVENT id="E61" start="2227" end="2255" text="an autonomic type neuropathy" modality="POSSIBLE" polarity="POS" type="PROBLEM" />
<EVENT id="E22" start="2275" end="2307" text="some underlying diabetic process" modality="POSSIBLE" polarity="POS" type="PROBLEM" />
<EVENT id="E23" start="2310" end="2325" text="Further work-up" modality="FACTUAL" polarity="POS" type="TEST" />
<EVENT id="E24" start="2329" end="2354" text="his neurologic conditions" modality="FACTUAL" polarity="POS" type="PROBLEM" />
<EVENT id="E29" start="2401" end="2411" text="discharged" modality="FACTUAL" polarity="POS" type="OCCURRENCE" />
<EVENT id="E62" start="2449" end="2463" text="good condition" modality="FACTUAL" polarity="POS" type="EVIDENTIAL" />
<EVENT id="E63" start="2469" end="2502" text="a well healed left shoulder wound" modality="FACTUAL" polarity="POS" type="PROBLEM" />
<EVENT id="E64" start="2507" end="2517" text="doing well" modality="FACTUAL" polarity="POS" type="EVIDENTIAL" />
<EVENT id="E65" start="2523" end="2543" text="occupational therapy" modality="FACTUAL" polarity="POS" type="TREATMENT" />
<EVENT id="E66" start="2566" end="2575" text="follow-up" modality="FACTUAL" polarity="POS" type="OCCURRENCE" />
<EVENT id="E3" start="281" end="291" text="Arthrogram" modality="FACTUAL" polarity="POS" type="TEST" />
<EVENT id="E30" start="29" end="38" text="Discharge" modality="FACTUAL" polarity="POS" type="OCCURRENCE" />
<EVENT id="E25" start="312" end="318" text="showed" modality="FACTUAL" polarity="POS" type="EVIDENTIAL" />
<EVENT id="E4" start="319" end="344" text="a right rotator cuff tear" modality="FACTUAL" polarity="POS" type="PROBLEM" />
<EVENT id="E5" start="360" end="395" text="increased pain in his left shoulder" modality="FACTUAL" polarity="POS" type="PROBLEM" />
<EVENT id="E31" start="398" end="401" text="MRI" modality="FACTUAL" polarity="POS" type="TEST" />
<EVENT id="E32" start="412" end="418" text="showed" modality="FACTUAL" polarity="POS" type="EVIDENTIAL" />
<EVENT id="E33" start="419" end="449" text="bilateral rotator cuff repairs" modality="FACTUAL" polarity="POS" type="TREATMENT" />
<EVENT id="E26" start="461" end="469" text="admitted" modality="FACTUAL" polarity="POS" type="OCCURRENCE" />
<EVENT id="E6" start="474" end="505" text="repair of the left rotator cuff" modality="FACTUAL" polarity="POS" type="TREATMENT" />
<EVENT id="E27" start="542" end="550" text="admitted" modality="FACTUAL" polarity="POS" type="OCCURRENCE" />
<EVENT id="E7" start="556" end="570" text="the assessment" modality="FACTUAL" polarity="POS" type="TEST" />
<EVENT id="E8" start="574" end="598" text="left rotator cuff repair" modality="FACTUAL" polarity="POS" type="TREATMENT" />
<EVENT id="E34" start="619" end="637" text="the Operating Room" modality="FACTUAL" polarity="POS" type="CLINICAL_DEPT" />
<EVENT id="E35" start="681" end="705" text="left rotator cuff repair" modality="FACTUAL" polarity="POS" type="TREATMENT" />
<EVENT id="E9" start="712" end="748" text="general endotracheal tube anesthesia" modality="FACTUAL" polarity="POS" type="TREATMENT" />
<EVENT id="E10" start="765" end="793" text="intraoperative complications" modality="FACTUAL" polarity="NEG" type="PROBLEM" />
<EVENT id="E36" start="796" end="820" text="His postoperative course" modality="FACTUAL" polarity="POS" type="OCCURRENCE" />
<EVENT id="E37" start="859" end="913" text="a prolonged course of advancement with range of motion" modality="FACTUAL" polarity="POS" type="PROBLEM" />
<EVENT id="E38" start="937" end="957" text="Occupational therapy" modality="FACTUAL" polarity="POS" type="CLINICAL_DEPT" />
<TIMEX3 id="T7" start="1112" end="1130" text="an extended period" type="DURATION" val="P8D" mod="NA" />
<TIMEX3 id="T8" start="1292" end="1322" text="postoperative day number eight" type="DATE" val="1990-02-12" mod="NA" />
<TIMEX3 id="T0" start="138" end="149" text="a many year" type="DURATION" val="P5Y" mod="APPROX" />
<TIMEX3 id="T1" start="18" end="28" text="02/04/1990" type="DATE" val="1990-02-04" mod="NA" />
<TIMEX3 id="T9" start="2415" end="2445" text="postoperative day number eight" type="DATE" val="1990-02-12" mod="NA" />
<TIMEX3 id="T4" start="268" end="272" text="four" type="FREQUENCY" val="R4" mod="NA" />
<TIMEX3 id="T5" start="295" end="311" text="the distant past" type="DATE" val="1985" mod="APPROX" />
<TIMEX3 id="T6" start="352" end="355" text="now" type="DATE" val="1990-02-04" mod="NA" />
<TIMEX3 id="T2" start="46" end="56" text="02/12/1990" type="DATE" val="1990-02-12" mod="NA" />
<TIMEX3 id="T3" start="641" end="648" text="the day" type="DATE" val="1990-02-04" mod="NA" />
<TLINK id="TL0" fromID="E0" fromText="Admission" toID="T1" toText="02/04/1990" type="OVERLAP" />
<TLINK id="TL1" fromID="E6" fromText="repair of the left rotator cuff" toID="E8" toText="left rotator cuff repair" type="simultaneous" />
<TLINK id="TL10" fromID="E3" fromText="Arthrogram" toID="E25" toText="showed" type="SIMULTANEOUS" />
<TLINK id="TL11" fromID="E4" fromText="a right rotator cuff tear" toID="E25" toText="showed" type="BEFORE_OVERLAP" />
<TLINK id="TL12" fromID="E5" fromText="increased pain in his left shoulder" toID="T6" toText="now" type="OVERLAP" />
<TLINK id="TL13" fromID="E32" fromText="showed" toID="E31" toText="MRI" type="SIMULTANEOUS" />
<TLINK id="TL14" fromID="E33" fromText="bilateral rotator cuff repairs" toID="E32" toText="showed" type="BEFORE" />
<TLINK id="TL15" fromID="E26" fromText="admitted" toID="E0" toText="Admission" type="SIMULTANEOUS" />
<TLINK id="TL16" fromID="E6" fromText="repair of the left rotator cuff" toID="E26" toText="admitted" type="AFTER" />
<TLINK id="TL17" fromID="E27" fromText="admitted" toID="E26" toText="admitted" type="SIMULTANEOUS" />
<TLINK id="TL18" fromID="E7" fromText="the assessment" toID="E8" toText="left rotator cuff repair" type="SIMULTANEOUS" />
<TLINK id="TL19" fromID="E7" fromText="the assessment" toID="E27" toText="admitted" type="AFTER" />
<TLINK id="TL2" fromID="E5" fromText="increased pain in his left shoulder" toID="E12" toText="left shoulder pain" type="simultaneous" />
<TLINK id="TL20" fromID="E8" fromText="left rotator cuff repair" toID="E6" toText="repair of the left rotator cuff" type="SIMULTANEOUS" />
<TLINK id="TL21" fromID="E34" fromText="the Operating Room" toID="E27" toText="admitted" type="AFTER" />
<TLINK id="TL22" fromID="E34" fromText="the Operating Room" toID="T3" toText="the day" type="OVERLAP" />
<TLINK id="TL23" fromID="E35" fromText="left rotator cuff repair" toID="E34" toText="the Operating Room" type="DURING" />
<TLINK id="TL24" fromID="E35" fromText="left rotator cuff repair" toID="E8" toText="left rotator cuff repair" type="SIMULTANEOUS" />
<TLINK id="TL25" fromID="E9" fromText="general endotracheal tube anesthesia" toID="E35" toText="left rotator cuff repair" type="SIMULTANEOUS" />
<TLINK id="TL26" fromID="E10" fromText="intraoperative complications" toID="E35" toText="left rotator cuff repair" type="OVERLAP" />
<TLINK id="TL27" fromID="E36" fromText="His postoperative course" toID="E35" toText="left rotator cuff repair" type="AFTER" />
<TLINK id="TL28" fromID="E37" fromText="a prolonged course of advancement with range of motion" toID="E36" toText="His postoperative course" type="DURING" />
<TLINK id="TL29" fromID="E36" fromText="His postoperative course" toID="E30" toText="Discharge" type="ENDED_BY" />
<TLINK id="TL30" fromID="E38" fromText="Occupational therapy" toID="E36" toText="His postoperative course" type="DURING" />
<TLINK id="TL31" fromID="E11" fromText="patient controlled analgesia" toID="E12" toText="left shoulder pain" type="OVERLAP" />
<TLINK id="TL32" fromID="E11" fromText="patient controlled analgesia" toID="E36" toText="His postoperative course" type="DURING" />
<TLINK id="TL33" fromID="E39" fromText="the hospital" toID="T7" toText="an extended period" type="DURING" />
<TLINK id="TL34" fromID="E40" fromText="his postoperative range of motion" toID="T7" toText="an extended period" type="DURING" />
<TLINK id="TL35" fromID="E41" fromText="forward flexion" toID="E42" toText="external rotation" type="OVERLAP" />
<TLINK id="TL36" fromID="E42" fromText="external rotation" toID="T8" toText="postoperative day number eight" type="OVERLAP" />
<TLINK id="TL37" fromID="E13" fromText="His wound" toID="E14" toText="signs of infection" type="OVERLAP" />
<TLINK id="TL38" fromID="E13" fromText="His wound" toID="E43" toText="healed well" type="OVERLAP" />
<TLINK id="TL39" fromID="E44" fromText="his course" toID="E36" toText="His postoperative course" type="SIMULTANEOUS" />
<TLINK id="TL4" fromID="E24" fromText="his neurologic conditions" toID="E23" toText="Further work-up" type="BEFORE_OVERLAP" />
<TLINK id="TL40" fromID="E45" fromText="persistently elevated blood sugars" toID="E44" toText="his course" type="DURING" />
<TLINK id="TL41" fromID="E46" fromText="Endocrinology" toID="E44" toText="his course" type="DURING" />
<TLINK id="TL42" fromID="E46" fromText="Endocrinology" toID="E47" toText="newly diagnosed diabetes" type="OVERLAP" />
<TLINK id="TL43" fromID="E15" fromText="His hemoglobin A1C levels" toID="E44" toText="his course" type="DURING" />
<TLINK id="TL44" fromID="E48" fromText="the wide excursions" toID="E49" toText="his sugars" type="SIMULTANEOUS" />
<TLINK id="TL45" fromID="E49" fromText="his sugars" toID="E50" toText="diabetes" type="OVERLAP" />
<TLINK id="TL46" fromID="E16" fromText="a diabetic diet" toID="E17" toText="his sugars" type="OVERLAP" />
<TLINK id="TL47" fromID="E17" fromText="his sugars" toID="E51" toText="some improvement" type="OVERLAP" />
<TLINK id="TL48" fromID="E18" fromText="oral hypoglycemics" toID="E19" toText="insulin" type="OVERLAP" />
<TLINK id="TL49" fromID="E16" fromText="a diabetic diet" toID="E44" toText="his course" type="DURING" />
<TLINK id="TL5" fromID="E30" fromText="Discharge" toID="T2" toText="02/12/1990" type="OVERLAP" />
<TLINK id="TL50" fromID="E52" fromText="complained" toID="E20" toText="occasional spells" type="OVERLAP" />
<TLINK id="TL51" fromID="E52" fromText="complained" toID="E53" toText="jitteriness" type="OVERLAP" />
<TLINK id="TL52" fromID="E52" fromText="complained" toID="E54" toText="some orthostatic dizziness" type="OVERLAP" />
<TLINK id="TL53" fromID="E55" fromText="Neurology" toID="E52" toText="complained" type="AFTER" />
<TLINK id="TL54" fromID="E21" fromText="EMG &apos;s" toID="E55" toText="Neurology" type="AFTER" />
<TLINK id="TL55" fromID="E56" fromText="normal" toID="E21" toText="EMG &apos;s" type="OVERLAP" />
<TLINK id="TL56" fromID="E58" fromText="his problems" toID="E57" toText="His neurologist" type="BEFORE" />
<TLINK id="TL57" fromID="E58" fromText="his problems" toID="E59" toText="demonstrated" type="BEFORE" />
<TLINK id="TL58" fromID="E59" fromText="demonstrated" toID="E60" toText="this hospitalization" type="DURING" />
<TLINK id="TL59" fromID="E60" fromText="this hospitalization" toID="E0" toText="Admission" type="BEGUN_BY" />
<TLINK id="TL6" fromID="E1" fromText="bilateral shoulder pain" toID="T0" toText="a many year" type="DURING" />
<TLINK id="TL60" fromID="E60" fromText="this hospitalization" toID="E30" toText="Discharge" type="ENDED_BY" />
<TLINK id="TL61" fromID="E22" fromText="some underlying diabetic process" toID="E61" toText="an autonomic type neuropathy" type="OVERLAP" />
<TLINK id="TL62" fromID="E61" fromText="an autonomic type neuropathy" toID="E58" toText="his problems" type="OVERLAP" />
<TLINK id="TL63" fromID="E29" fromText="discharged" toID="T9" toText="postoperative day number eight" type="OVERLAP" />
<TLINK id="TL64" fromID="E29" fromText="discharged" toID="E30" toText="Discharge" type="SIMULTANEOUS" />
<TLINK id="TL65" fromID="E62" fromText="good condition" toID="E29" toText="discharged" type="OVERLAP" />
<TLINK id="TL66" fromID="E63" fromText="a well healed left shoulder wound" toID="E29" toText="discharged" type="BEFORE_OVERLAP" />
<TLINK id="TL67" fromID="E64" fromText="doing well" toID="E65" toText="occupational therapy" type="OVERLAP" />
<TLINK id="TL68" fromID="E64" fromText="doing well" toID="E29" toText="discharged" type="BEFORE_OVERLAP" />
<TLINK id="TL69" fromID="E66" fromText="follow-up" toID="E29" toText="discharged" type="" />
<TLINK id="TL7" fromID="T0" fromText="a many year" toID="E0" toText="Admission" type="ENDED_BY" />
<TLINK id="TL8" fromID="E2" fromText="steroid injections" toID="T4" toText="four" type="OVERLAP" />
<TLINK id="TL9" fromID="E3" fromText="Arthrogram" toID="T5" toText="the distant past" type="OVERLAP" />
<TLINK id="Sectime0" fromID="E11" fromText="patient controlled analgesia" toID="T2" toText="02/12/1990" type="BEFORE" />
<TLINK id="Sectime1" fromID="E12" fromText="left shoulder pain" toID="T2" toText="02/12/1990" type="BEFORE" />
<TLINK id="Sectime2" fromID="E39" fromText="the hospital" toID="T2" toText="02/12/1990" type="BEFORE_OVERLAP" />
<TLINK id="Sectime3" fromID="E40" fromText="his postoperative range of motion" toID="T2" toText="02/12/1990" type="BEFORE" />
<TLINK id="Sectime4" fromID="E41" fromText="forward flexion" toID="T2" toText="02/12/1990" type="BEFORE" />
<TLINK id="Sectime5" fromID="E42" fromText="external rotation" toID="T2" toText="02/12/1990" type="BEFORE" />
<TLINK id="Sectime6" fromID="E13" fromText="His wound" toID="T2" toText="02/12/1990" type="BEFORE" />
<TLINK id="Sectime7" fromID="E14" fromText="signs of infection" toID="T2" toText="02/12/1990" type="BEFORE" />
<TLINK id="Sectime8" fromID="E43" fromText="healed well" toID="T2" toText="02/12/1990" type="BEFORE" />
<TLINK id="Sectime9" fromID="E44" fromText="his course" toID="T2" toText="02/12/1990" type="BEFORE_OVERLAP" />
<TLINK id="Sectime10" fromID="E45" fromText="persistently elevated blood sugars" toID="T2" toText="02/12/1990" type="BEFORE" />
<TLINK id="Sectime11" fromID="E46" fromText="Endocrinology" toID="T2" toText="02/12/1990" type="BEFORE" />
<TLINK id="Sectime12" fromID="E47" fromText="newly diagnosed diabetes" toID="T2" toText="02/12/1990" type="BEFORE" />
<TLINK id="Sectime13" fromID="E15" fromText="His hemoglobin A1C levels" toID="T2" toText="02/12/1990" type="BEFORE" />
<TLINK id="Sectime0" fromID="E1" fromText="bilateral shoulder pain" toID="T1" toText="02/04/1990" type="BEFORE_OVERLAP" />
<TLINK id="Sectime14" fromID="E48" fromText="the wide excursions" toID="T2" toText="02/12/1990" type="BEFORE" />
<TLINK id="Sectime15" fromID="E49" fromText="his sugars" toID="T2" toText="02/12/1990" type="BEFORE" />
<TLINK id="Sectime16" fromID="E50" fromText="diabetes" toID="T2" toText="02/12/1990" type="BEFORE_OVERLAP" />
<TLINK id="Sectime17" fromID="E16" fromText="a diabetic diet" toID="T2" toText="02/12/1990" type="BEFORE" />
<TLINK id="Sectime18" fromID="E17" fromText="his sugars" toID="T2" toText="02/12/1990" type="BEFORE" />
<TLINK id="Sectime19" fromID="E51" fromText="some improvement" toID="T2" toText="02/12/1990" type="BEFORE" />
<TLINK id="Sectime20" fromID="E18" fromText="oral hypoglycemics" toID="T2" toText="02/12/1990" type="BEFORE" />
<TLINK id="Sectime21" fromID="E19" fromText="insulin" toID="T2" toText="02/12/1990" type="BEFORE" />
<TLINK id="Sectime22" fromID="E52" fromText="complained" toID="T2" toText="02/12/1990" type="BEFORE" />
<TLINK id="Sectime23" fromID="E20" fromText="occasional spells" toID="T2" toText="02/12/1990" type="BEFORE" />
<TLINK id="Sectime24" fromID="E53" fromText="jitteriness" toID="T2" toText="02/12/1990" type="BEFORE" />
<TLINK id="Sectime25" fromID="E54" fromText="some orthostatic dizziness" toID="T2" toText="02/12/1990" type="BEFORE" />
<TLINK id="Sectime26" fromID="E55" fromText="Neurology" toID="T2" toText="02/12/1990" type="BEFORE" />
<TLINK id="Sectime27" fromID="E21" fromText="EMG &apos;s" toID="T2" toText="02/12/1990" type="BEFORE" />
<TLINK id="Sectime28" fromID="E56" fromText="normal" toID="T2" toText="02/12/1990" type="BEFORE" />
<TLINK id="Sectime29" fromID="E57" fromText="His neurologist" toID="T2" toText="02/12/1990" type="BEFORE" />
<TLINK id="Sectime30" fromID="E58" fromText="his problems" toID="T2" toText="02/12/1990" type="BEFORE" />
<TLINK id="Sectime31" fromID="E59" fromText="demonstrated" toID="T2" toText="02/12/1990" type="BEFORE_OVERLAP" />
<TLINK id="Sectime32" fromID="E60" fromText="this hospitalization" toID="T2" toText="02/12/1990" type="BEFORE_OVERLAP" />
<TLINK id="Sectime1" fromID="E2" fromText="steroid injections" toID="T1" toText="02/04/1990" type="BEFORE" />
<TLINK id="Sectime33" fromID="E61" fromText="an autonomic type neuropathy" toID="T2" toText="02/12/1990" type="BEFORE" />
<TLINK id="Sectime34" fromID="E22" fromText="some underlying diabetic process" toID="T2" toText="02/12/1990" type="BEFORE" />
<TLINK id="Sectime35" fromID="E23" fromText="Further work-up" toID="T2" toText="02/12/1990" type="AFTER" />
<TLINK id="Sectime36" fromID="E24" fromText="his neurologic conditions" toID="T2" toText="02/12/1990" type="BEFORE_OVERLAP" />
<TLINK id="Sectime37" fromID="E29" fromText="discharged" toID="T2" toText="02/12/1990" type="OVERLAP" />
<TLINK id="Sectime38" fromID="E62" fromText="good condition" toID="T2" toText="02/12/1990" type="OVERLAP" />
<TLINK id="Sectime39" fromID="E63" fromText="a well healed left shoulder wound" toID="T2" toText="02/12/1990" type="BEFORE_OVERLAP" />
<TLINK id="Sectime40" fromID="E64" fromText="doing well" toID="T2" toText="02/12/1990" type="OVERLAP" />
<TLINK id="Sectime41" fromID="E65" fromText="occupational therapy" toID="T2" toText="02/12/1990" type="BEFORE" />
<TLINK id="Sectime42" fromID="E66" fromText="follow-up" toID="T2" toText="02/12/1990" type="AFTER" />
<TLINK id="Sectime2" fromID="E3" fromText="Arthrogram" toID="T1" toText="02/04/1990" type="BEFORE" />
<TLINK id="Sectime3" fromID="E25" fromText="showed" toID="T1" toText="02/04/1990" type="BEFORE" />
<TLINK id="Sectime4" fromID="E4" fromText="a right rotator cuff tear" toID="T1" toText="02/04/1990" type="BEFORE" />
<TLINK id="Sectime5" fromID="E5" fromText="increased pain in his left shoulder" toID="T1" toText="02/04/1990" type="OVERLAP" />
<TLINK id="Sectime6" fromID="E31" fromText="MRI" toID="T1" toText="02/04/1990" type="BEFORE" />
<TLINK id="Sectime7" fromID="E32" fromText="showed" toID="T1" toText="02/04/1990" type="BEFORE" />
<TLINK id="Sectime8" fromID="E33" fromText="bilateral rotator cuff repairs" toID="T1" toText="02/04/1990" type="BEFORE" />
<TLINK id="Sectime9" fromID="E26" fromText="admitted" toID="T1" toText="02/04/1990" type="OVERLAP" />
<TLINK id="Sectime10" fromID="E6" fromText="repair of the left rotator cuff" toID="T1" toText="02/04/1990" type="AFTER" />
<TLINK id="Sectime43" fromID="E27" fromText="admitted" toID="T2" toText="02/12/1990" type="BEFORE" />
<TLINK id="Sectime44" fromID="E7" fromText="the assessment" toID="T2" toText="02/12/1990" type="BEFORE" />
<TLINK id="Sectime45" fromID="E8" fromText="left rotator cuff repair" toID="T2" toText="02/12/1990" type="BEFORE" />
<TLINK id="Sectime46" fromID="E34" fromText="the Operating Room" toID="T2" toText="02/12/1990" type="BEFORE" />
<TLINK id="Sectime47" fromID="E35" fromText="left rotator cuff repair" toID="T2" toText="02/12/1990" type="BEFORE" />
<TLINK id="Sectime48" fromID="E9" fromText="general endotracheal tube anesthesia" toID="T2" toText="02/12/1990" type="BEFORE" />
<TLINK id="Sectime49" fromID="E10" fromText="intraoperative complications" toID="T2" toText="02/12/1990" type="BEFORE" />
<TLINK id="Sectime50" fromID="E36" fromText="His postoperative course" toID="T2" toText="02/12/1990" type="BEFORE" />
<TLINK id="Sectime51" fromID="E37" fromText="a prolonged course of advancement with range of motion" toID="T2" toText="02/12/1990" type="BEFORE" />
<TLINK id="Sectime52" fromID="E38" fromText="Occupational therapy" toID="T2" toText="02/12/1990" type="BEFORE" />
<SECTIME id="S0" start="18" end="28" text="02/04/1990" type="ADMISSION" dvalue="1990-02-04" />
<SECTIME id="S1" start="46" end="56" text="02/12/1990" type="DISCHARGE" dvalue="1990-02-12" />
</TAGS>
</ClinicalNarrativeTemporalAnnotation>