<?xml version="1.0" encoding="UTF-8" ?>
<ClinicalNarrativeTemporalAnnotation>
<TEXT><![CDATA[
ADMISSION DATE :
06-30-93
DISCHARGE DATE :
07-06-93
HISTORY OF PRESENT ILLNESS :
The patient is a 67 year old white male with a recent history of urinary frequency Q2-3H , stranguria , nocturia x 3-4 per night .
He was found on physical exam to have an asymmetric prostate with prominence on the left and a question of a nodule .
Repeat exam one month later showed a firm left-sided lobe .
Transrectal ultrasound showed a hypoechoic left-sided mass in the peripheral zone .
A biopsy showed moderately to poorly differentiated Grade III-IV adenocarcinoma on the left .
The right lobe was within normal limits .
This was done on 05/05/93 at FIH .
He also had a 3-4 year history of impotence .
HOSPITAL COURSE :
The patient was brought to the operating room on 06/30/93 after informed consent was obtained .
A radical retropubic prostatectomy with bilateral lymph node dissection was done .
He was afebrile postoperatively with vital signs stable .
His potassium was 3.7 and his hematocrit 33 .
His postoperative course was remarkable for a low grade temperature to 101.7 .
His blood cultures and chest X-ray were negative .
He had flatus on postoperative day # 3 .
His Jackson-Pratt drained about 35-40 cc per day and was discontinued on postoperative day # 3 .
His hematocrit on 07/03 was 28.1 .
On that day he was slightly diaphoretic with some tachycardia to 100 .
The remaining unit of autologous packed red blood cells was transfused .
A cardiology consult was obtained for this episode of diaphoresis with tachycardia , as well as for an EKG being read as having anterolateral changes .
He had no symptoms of chest pain or myocardial ischemia .
A repeat EKG showed no changes .
He subsequently did well , with a repeat hematocrit of 34.3 after the transfusion .
His creatinine was 1.2 on postoperative day # 5 .
On postoperative day # 6 his low grade temperature resolved .
His vital signs were stable .
He was discharged home on Percocet and Keflex .
He was discharged in good condition .
He will follow up with Dr. Iechalette Cancer in his office .
SIE ROOM , M.D.
]]></TEXT>
<TAGS>
<EVENT id="E0" start="1" end="10" text="ADMISSION" modality="FACTUAL" polarity="POS" type="OCCURRENCE" />
<EVENT id="E32" start="1037" end="1060" text="a low grade temperature" modality="FACTUAL" polarity="POS" type="PROBLEM" />
<EVENT id="E33" start="1072" end="1090" text="His blood cultures" modality="FACTUAL" polarity="POS" type="TEST" />
<EVENT id="E34" start="1095" end="1106" text="chest X-ray" modality="FACTUAL" polarity="POS" type="TEST" />
<EVENT id="E35" start="1130" end="1136" text="flatus" modality="FACTUAL" polarity="POS" type="OCCURRENCE" />
<EVENT id="E36" start="1164" end="1181" text="His Jackson-Pratt" modality="FACTUAL" polarity="POS" type="TREATMENT" />
<EVENT id="E37" start="1261" end="1275" text="His hematocrit" modality="FACTUAL" polarity="POS" type="TEST" />
<EVENT id="E38" start="1315" end="1335" text="slightly diaphoretic" modality="FACTUAL" polarity="POS" type="PROBLEM" />
<EVENT id="E39" start="1341" end="1357" text="some tachycardia" modality="FACTUAL" polarity="POS" type="PROBLEM" />
<EVENT id="E40" start="1389" end="1422" text="autologous packed red blood cells" modality="FACTUAL" polarity="POS" type="TREATMENT" />
<EVENT id="E41" start="1440" end="1460" text="A cardiology consult" modality="FACTUAL" polarity="POS" type="OCCURRENCE" />
<EVENT id="E2" start="147" end="164" text="urinary frequency" modality="FACTUAL" polarity="POS" type="PROBLEM" />
<EVENT id="E42" start="1494" end="1505" text="diaphoresis" modality="FACTUAL" polarity="POS" type="PROBLEM" />
<EVENT id="E43" start="1511" end="1522" text="tachycardia" modality="FACTUAL" polarity="POS" type="PROBLEM" />
<EVENT id="E44" start="1540" end="1546" text="an EKG" modality="FACTUAL" polarity="POS" type="TEST" />
<EVENT id="E45" start="1568" end="1589" text="anterolateral changes" modality="FACTUAL" polarity="POS" type="PROBLEM" />
<EVENT id="E46" start="1602" end="1610" text="symptoms" modality="FACTUAL" polarity="NEG" type="PROBLEM" />
<EVENT id="E47" start="1614" end="1624" text="chest pain" modality="FACTUAL" polarity="NEG" type="PROBLEM" />
<EVENT id="E48" start="1628" end="1647" text="myocardial ischemia" modality="FACTUAL" polarity="NEG" type="PROBLEM" />
<EVENT id="E49" start="1650" end="1662" text="A repeat EKG" modality="FACTUAL" polarity="POS" type="TEST" />
<EVENT id="E50" start="1663" end="1669" text="showed" modality="FACTUAL" polarity="POS" type="EVIDENTIAL" />
<EVENT id="E51" start="1673" end="1680" text="changes" modality="FACTUAL" polarity="NEG" type="PROBLEM" />
<EVENT id="E52" start="1699" end="1707" text="did well" modality="FACTUAL" polarity="POS" type="OCCURRENCE" />
<EVENT id="E53" start="1715" end="1734" text="a repeat hematocrit" modality="FACTUAL" polarity="POS" type="TEST" />
<EVENT id="E3" start="173" end="183" text="stranguria" modality="FACTUAL" polarity="POS" type="PROBLEM" />
<EVENT id="E54" start="1749" end="1764" text="the transfusion" modality="FACTUAL" polarity="POS" type="TREATMENT" />
<EVENT id="E55" start="1767" end="1781" text="His creatinine" modality="FACTUAL" polarity="POS" type="TEST" />
<EVENT id="E56" start="1842" end="1867" text="his low grade temperature" modality="FACTUAL" polarity="POS" type="PROBLEM" />
<EVENT id="E4" start="186" end="194" text="nocturia" modality="FACTUAL" polarity="POS" type="PROBLEM" />
<EVENT id="E57" start="1879" end="1894" text="His vital signs" modality="FACTUAL" polarity="POS" type="TEST" />
<EVENT id="E58" start="1900" end="1906" text="stable" modality="FACTUAL" polarity="POS" type="OCCURRENCE" />
<EVENT id="E59" start="1916" end="1926" text="discharged" modality="FACTUAL" polarity="POS" type="OCCURRENCE" />
<EVENT id="E60" start="1935" end="1943" text="Percocet" modality="FACTUAL" polarity="POS" type="TREATMENT" />
<EVENT id="E61" start="1948" end="1954" text="Keflex" modality="FACTUAL" polarity="POS" type="TREATMENT" />
<EVENT id="E62" start="1964" end="1974" text="discharged" modality="FACTUAL" polarity="POS" type="OCCURRENCE" />
<EVENT id="E63" start="1978" end="1992" text="good condition" modality="FACTUAL" polarity="POS" type="OCCURRENCE" />
<EVENT id="E64" start="2003" end="2012" text="follow up" modality="PROPOSED" polarity="POS" type="OCCURRENCE" />
<EVENT id="E5" start="229" end="242" text="physical exam" modality="FACTUAL" polarity="POS" type="TEST" />
<EVENT id="E6" start="251" end="273" text="an asymmetric prostate" modality="FACTUAL" polarity="POS" type="PROBLEM" />
<EVENT id="E1" start="27" end="36" text="DISCHARGE" modality="FACTUAL" polarity="POS" type="OCCURRENCE" />
<EVENT id="E7" start="279" end="301" text="prominence on the left" modality="FACTUAL" polarity="POS" type="PROBLEM" />
<EVENT id="E9" start="320" end="328" text="a nodule" modality="POSSIBLE" polarity="POS" type="PROBLEM" />
<EVENT id="E10" start="331" end="342" text="Repeat exam" modality="FACTUAL" polarity="POS" type="TEST" />
<EVENT id="E11" start="359" end="365" text="showed" modality="FACTUAL" polarity="POS" type="EVIDENTIAL" />
<EVENT id="E12" start="366" end="388" text="a firm left-sided lobe" modality="FACTUAL" polarity="POS" type="PROBLEM" />
<EVENT id="E13" start="391" end="413" text="Transrectal ultrasound" modality="FACTUAL" polarity="POS" type="TEST" />
<EVENT id="E14" start="414" end="420" text="showed" modality="FACTUAL" polarity="POS" type="EVIDENTIAL" />
<EVENT id="E15" start="421" end="472" text="a hypoechoic left-sided mass in the peripheral zone" modality="FACTUAL" polarity="POS" type="PROBLEM" />
<EVENT id="E16" start="475" end="483" text="A biopsy" modality="FACTUAL" polarity="POS" type="TEST" />
<EVENT id="E17" start="484" end="490" text="showed" modality="FACTUAL" polarity="POS" type="EVIDENTIAL" />
<EVENT id="E18" start="491" end="566" text="moderately to poorly differentiated Grade III-IV adenocarcinoma on the left" modality="FACTUAL" polarity="POS" type="PROBLEM" />
<EVENT id="E19" start="595" end="608" text="normal limits" modality="FACTUAL" polarity="POS" type="OCCURRENCE" />
<EVENT id="E20" start="640" end="643" text="FIH" modality="FACTUAL" polarity="POS" type="CLINICAL_DEPT" />
<EVENT id="E21" start="680" end="689" text="impotence" modality="FACTUAL" polarity="POS" type="PROBLEM" />
<EVENT id="E22" start="737" end="755" text="the operating room" modality="FACTUAL" polarity="POS" type="CLINICAL_DEPT" />
<EVENT id="E23" start="774" end="803" text="informed consent was obtained" modality="FACTUAL" polarity="POS" type="OCCURRENCE" />
<EVENT id="E24" start="806" end="840" text="A radical retropubic prostatectomy" modality="FACTUAL" polarity="POS" type="TREATMENT" />
<EVENT id="E25" start="846" end="877" text="bilateral lymph node dissection" modality="FACTUAL" polarity="POS" type="TREATMENT" />
<EVENT id="E26" start="896" end="904" text="afebrile" modality="FACTUAL" polarity="POS" type="PROBLEM" />
<EVENT id="E27" start="926" end="937" text="vital signs" modality="FACTUAL" polarity="POS" type="TEST" />
<EVENT id="E28" start="938" end="944" text="stable" modality="FACTUAL" polarity="POS" type="OCCURRENCE" />
<EVENT id="E29" start="947" end="960" text="His potassium" modality="FACTUAL" polarity="POS" type="TEST" />
<EVENT id="E30" start="973" end="987" text="his hematocrit" modality="FACTUAL" polarity="POS" type="TEST" />
<EVENT id="E31" start="993" end="1017" text="His postoperative course" modality="FACTUAL" polarity="POS" type="OCCURRENCE" />
<TIMEX3 id="T9" start="1140" end="1161" text="postoperative day # 3" type="DATE" val="1993-07-02" mod="NA" />
<TIMEX3 id="T10" start="1237" end="1258" text="postoperative day # 3" type="DATE" val="1993-07-02" mod="NA" />
<TIMEX3 id="T11" start="1279" end="1284" text="07/03" type="DATE" val="1993-07-03" mod="NA" />
<TIMEX3 id="T12" start="1299" end="1307" text="that day" type="DATE" val="1993-07-03" mod="NA" />
<TIMEX3 id="T2" start="165" end="170" text="Q2-3H" type="FREQUENCY" val="RPT2.5H" mod="APPROX" />
<TIMEX3 id="T13" start="1793" end="1814" text="postoperative day # 5" type="DATE" val="1993-07-04" mod="NA" />
<TIMEX3 id="T0" start="18" end="26" text="06-30-93" type="DATE" val="1993-06-30" mod="NA" />
<TIMEX3 id="T14" start="1820" end="1841" text="postoperative day # 6" type="DATE" val="1993-07-05" mod="NA" />
<TIMEX3 id="T3" start="195" end="210" text="x 3-4 per night" type="FREQUENCY" val="RPT2.5H" mod="APPROX" />
<TIMEX3 id="T5" start="343" end="352" text="one month" type="DURATION" val="p1m" mod="NA" />
<TIMEX3 id="T1" start="44" end="52" text="07-06-93" type="DATE" val="1993-07-06" mod="NA" />
<TIMEX3 id="T6" start="628" end="636" text="05/05/93" type="DATE" val="1993-05-05" mod="NA" />
<TIMEX3 id="T7" start="660" end="668" text="3-4 year" type="DURATION" val="p3.5y" mod="APPROX" />
<TIMEX3 id="T8" start="759" end="767" text="06/30/93" type="DATE" val="1993-06-30" mod="NA" />
<TLINK id="TL0" fromID="E0" fromText="ADMISSION" toID="T0" toText="06-30-93" type="SIMULTANEOUS" />
<TLINK id="TL1" fromID="E1" fromText="DISCHARGE" toID="T1" toText="07-06-93" type="SIMULTANEOUS" />
<TLINK id="TL10" fromID="E6" fromText="an asymmetric prostate" toID="E9" toText="a nodule" type="OVERLAP" />
<TLINK id="TL11" fromID="T5" fromText="one month" toID="E10" toText="Repeat exam" type="ENDED_BY" />
<TLINK id="TL12" fromID="E11" fromText="showed" toID="E10" toText="Repeat exam" type="SIMULTANEOUS" />
<TLINK id="TL13" fromID="E12" fromText="a firm left-sided lobe" toID="E7" toText="prominence on the left" type="SIMULTANEOUS" />
<TLINK id="TL15" fromID="E13" fromText="Transrectal ultrasound" toID="E10" toText="Repeat exam" type="AFTER" />
<TLINK id="TL16" fromID="E13" fromText="Transrectal ultrasound" toID="E14" toText="showed" type="OVERLAP" />
<TLINK id="TL17" fromID="E15" fromText="a hypoechoic left-sided mass in the peripheral zone" toID="E13" toText="Transrectal ultrasound" type="BEFORE_OVERLAP" />
<TLINK id="TL18" fromID="E15" fromText="a hypoechoic left-sided mass in the peripheral zone" toID="E12" toText="a firm left-sided lobe" type="OVERLAP" />
<TLINK id="TL19" fromID="E18" fromText="moderately to poorly differentiated Grade III-IV adenocarcinoma on the left" toID="E16" toText="A biopsy" type="BEFORE_OVERLAP" />
<TLINK id="TL2" fromID="E2" fromText="urinary frequency" toID="T2" toText="Q2-3H" type="SIMULTANEOUS" />
<TLINK id="TL20" fromID="T6" fromText="05/05/93" toID="E16" toText="A biopsy" type="SIMULTANEOUS" />
<TLINK id="TL21" fromID="E13" fromText="Transrectal ultrasound" toID="E16" toText="A biopsy" type="BEFORE" />
<TLINK id="TL22" fromID="E16" fromText="A biopsy" toID="E17" toText="showed" type="OVERLAP" />
<TLINK id="TL23" fromID="E18" fromText="moderately to poorly differentiated Grade III-IV adenocarcinoma on the left" toID="E15" toText="a hypoechoic left-sided mass in the peripheral zone" type="SIMULTANEOUS" />
<TLINK id="TL24" fromID="E19" fromText="normal limits" toID="E16" toText="A biopsy" type="OVERLAP" />
<TLINK id="TL25" fromID="E16" fromText="A biopsy" toID="E20" toText="FIH" type="OVERLAP" />
<TLINK id="TL26" fromID="T7" fromText="3-4 year" toID="E0" toText="ADMISSION" type="ENDED_BY" />
<TLINK id="TL27" fromID="E21" fromText="impotence" toID="T7" toText="3-4 year" type="OVERLAP" />
<TLINK id="TL28" fromID="E22" fromText="the operating room" toID="T8" toText="06/30/93" type="OVERLAP" />
<TLINK id="TL29" fromID="E23" fromText="informed consent was obtained" toID="E22" toText="the operating room" type="BEFORE" />
<TLINK id="TL3" fromID="E2" fromText="urinary frequency" toID="E0" toText="ADMISSION" type="BEFORE_OVERLAP" />
<TLINK id="TL30" fromID="E24" fromText="A radical retropubic prostatectomy" toID="E25" toText="bilateral lymph node dissection" type="SIMULTANEOUS" />
<TLINK id="TL31" fromID="E24" fromText="A radical retropubic prostatectomy" toID="E22" toText="the operating room" type="OVERLAP" />
<TLINK id="TL32" fromID="E26" fromText="afebrile" toID="E24" toText="A radical retropubic prostatectomy" type="AFTER" />
<TLINK id="TL33" fromID="E27" fromText="vital signs" toID="E26" toText="afebrile" type="OVERLAP" />
<TLINK id="TL34" fromID="E27" fromText="vital signs" toID="E28" toText="stable" type="SIMULTANEOUS" />
<TLINK id="TL35" fromID="E29" fromText="His potassium" toID="E24" toText="A radical retropubic prostatectomy" type="AFTER" />
<TLINK id="TL36" fromID="E29" fromText="His potassium" toID="E30" toText="his hematocrit" type="OVERLAP" />
<TLINK id="TL37" fromID="E31" fromText="His postoperative course" toID="E25" toText="bilateral lymph node dissection" type="BEGUN_BY" />
<TLINK id="TL38" fromID="E31" fromText="His postoperative course" toID="E1" toText="DISCHARGE" type="ENDED_BY" />
<TLINK id="TL39" fromID="E56" fromText="his low grade temperature" toID="E32" toText="a low grade temperature" type="SIMULTANEOUS" />
<TLINK id="TL4" fromID="E3" fromText="stranguria" toID="E0" toText="ADMISSION" type="BEFORE_OVERLAP" />
<TLINK id="TL40" fromID="E32" fromText="a low grade temperature" toID="E31" toText="His postoperative course" type="OVERLAP" />
<TLINK id="TL41" fromID="E33" fromText="His blood cultures" toID="E24" toText="A radical retropubic prostatectomy" type="AFTER" />
<TLINK id="TL42" fromID="E34" fromText="chest X-ray" toID="E31" toText="His postoperative course" type="AFTER" />
<TLINK id="TL43" fromID="E35" fromText="flatus" toID="T9" toText="postoperative day # 3" type="OVERLAP" />
<TLINK id="TL44" fromID="E36" fromText="His Jackson-Pratt" toID="T10" toText="postoperative day # 3" type="ENDED_BY" />
<TLINK id="TL45" fromID="E36" fromText="His Jackson-Pratt" toID="E24" toText="A radical retropubic prostatectomy" type="BEGUN_BY" />
<TLINK id="TL46" fromID="E37" fromText="His hematocrit" toID="T11" toText="07/03" type="OVERLAP" />
<TLINK id="TL47" fromID="T12" fromText="that day" toID="T11" toText="07/03" type="SIMULTANEOUS" />
<TLINK id="TL48" fromID="E42" fromText="diaphoresis" toID="E38" toText="slightly diaphoretic" type="SIMULTANEOUS" />
<TLINK id="TL49" fromID="E38" fromText="slightly diaphoretic" toID="T12" toText="that day" type="OVERLAP" />
<TLINK id="TL5" fromID="E4" fromText="nocturia" toID="E0" toText="ADMISSION" type="BEFORE_OVERLAP" />
<TLINK id="TL50" fromID="E38" fromText="slightly diaphoretic" toID="E39" toText="some tachycardia" type="OVERLAP" />
<TLINK id="TL51" fromID="E54" fromText="the transfusion" toID="E40" toText="autologous packed red blood cells" type="SIMULTANEOUS" />
<TLINK id="TL52" fromID="E40" fromText="autologous packed red blood cells" toID="E37" toText="His hematocrit" type="AFTER" />
<TLINK id="TL53" fromID="E41" fromText="A cardiology consult" toID="E38" toText="slightly diaphoretic" type="AFTER" />
<TLINK id="TL54" fromID="E43" fromText="tachycardia" toID="E39" toText="some tachycardia" type="SIMULTANEOUS" />
<TLINK id="TL55" fromID="E44" fromText="an EKG" toID="E41" toText="A cardiology consult" type="BEFORE" />
<TLINK id="TL56" fromID="E44" fromText="an EKG" toID="E39" toText="some tachycardia" type="OVERLAP" />
<TLINK id="TL57" fromID="E45" fromText="anterolateral changes" toID="E44" toText="an EKG" type="OVERLAP" />
<TLINK id="TL58" fromID="E46" fromText="symptoms" toID="E39" toText="some tachycardia" type="BEFORE_OVERLAP" />
<TLINK id="TL59" fromID="E46" fromText="symptoms" toID="E47" toText="chest pain" type="OVERLAP" />
<TLINK id="TL6" fromID="E4" fromText="nocturia" toID="T3" toText="x 3-4 per night" type="SIMULTANEOUS" />
<TLINK id="TL60" fromID="E47" fromText="chest pain" toID="E48" toText="myocardial ischemia" type="OVERLAP" />
<TLINK id="TL61" fromID="E49" fromText="A repeat EKG" toID="E50" toText="showed" type="OVERLAP" />
<TLINK id="TL62" fromID="E44" fromText="an EKG" toID="E49" toText="A repeat EKG" type="BEFORE" />
<TLINK id="TL63" fromID="E49" fromText="A repeat EKG" toID="E51" toText="changes" type="OVERLAP" />
<TLINK id="TL65" fromID="E52" fromText="did well" toID="E49" toText="A repeat EKG" type="AFTER" />
<TLINK id="TL66" fromID="E53" fromText="a repeat hematocrit" toID="E54" toText="the transfusion" type="AFTER" />
<TLINK id="TL67" fromID="E55" fromText="His creatinine" toID="T13" toText="postoperative day # 5" type="SIMULTANEOUS" />
<TLINK id="TL68" fromID="E56" fromText="his low grade temperature" toID="T14" toText="postoperative day # 6" type="ENDED_BY" />
<TLINK id="TL7" fromID="T5" fromText="one month" toID="E5" toText="physical exam" type="BEGUN_BY" />
<TLINK id="TL70" fromID="E57" fromText="His vital signs" toID="E58" toText="stable" type="OVERLAP" />
<TLINK id="TL71" fromID="E57" fromText="His vital signs" toID="T14" toText="postoperative day # 6" type="OVERLAP" />
<TLINK id="TL72" fromID="E59" fromText="discharged" toID="E1" toText="DISCHARGE" type="SIMULTANEOUS" />
<TLINK id="TL73" fromID="E60" fromText="Percocet" toID="E59" toText="discharged" type="BEFORE_OVERLAP" />
<TLINK id="TL74" fromID="E61" fromText="Keflex" toID="E59" toText="discharged" type="BEFORE_OVERLAP" />
<TLINK id="TL75" fromID="E59" fromText="discharged" toID="E62" toText="discharged" type="SIMULTANEOUS" />
<TLINK id="TL76" fromID="E63" fromText="good condition" toID="E62" toText="discharged" type="BEFORE_OVERLAP" />
<TLINK id="TL77" fromID="E64" fromText="follow up" toID="E62" toText="discharged" type="AFTER" />
<TLINK id="TL8" fromID="E6" fromText="an asymmetric prostate" toID="E5" toText="physical exam" type="BEFORE_OVERLAP" />
<TLINK id="TL9" fromID="E7" fromText="prominence on the left" toID="E6" toText="an asymmetric prostate" type="SIMULTANEOUS" />
<SECTIME id="S0" start="18" end="26" text="06-30-93" type="ADMISSION" dvalue="1993-06-30" />
<SECTIME id="S1" start="44" end="52" text="07-06-93" type="DISCHARGE" dvalue="1993-07-06" />
<TLINK id="SECTIME0" fromID="E32" fromText="a low grade temperature" toID="T1" toText="07-06-93" type="BEFORE" />
<TLINK id="SECTIME1" fromID="E33" fromText="His blood cultures" toID="T1" toText="07-06-93" type="BEFORE" />
<TLINK id="SECTIME2" fromID="E34" fromText="chest X-ray" toID="T1" toText="07-06-93" type="BEFORE" />
<TLINK id="SECTIME3" fromID="E35" fromText="flatus" toID="T1" toText="07-06-93" type="BEFORE" />
<TLINK id="SECTIME4" fromID="E36" fromText="His Jackson-Pratt" toID="T1" toText="07-06-93" type="BEFORE" />
<TLINK id="SECTIME5" fromID="E37" fromText="His hematocrit" toID="T1" toText="07-06-93" type="BEFORE" />
<TLINK id="SECTIME6" fromID="E38" fromText="slightly diaphoretic" toID="T1" toText="07-06-93" type="BEFORE" />
<TLINK id="SECTIME7" fromID="E39" fromText="some tachycardia" toID="T1" toText="07-06-93" type="BEFORE" />
<TLINK id="SECTIME8" fromID="E40" fromText="autologous packed red blood cells" toID="T1" toText="07-06-93" type="BEFORE" />
<TLINK id="SECTIME9" fromID="E41" fromText="A cardiology consult" toID="T1" toText="07-06-93" type="BEFORE" />
<TLINK id="SECTIME10" fromID="E2" fromText="urinary frequency" toID="T0" toText="06-30-93" type="BEFORE" />
<TLINK id="SECTIME11" fromID="E42" fromText="diaphoresis" toID="T1" toText="07-06-93" type="BEFORE" />
<TLINK id="SECTIME12" fromID="E43" fromText="tachycardia" toID="T1" toText="07-06-93" type="BEFORE" />
<TLINK id="SECTIME13" fromID="E44" fromText="an EKG" toID="T1" toText="07-06-93" type="BEFORE" />
<TLINK id="SECTIME14" fromID="E45" fromText="anterolateral changes" toID="T1" toText="07-06-93" type="BEFORE" />
<TLINK id="SECTIME15" fromID="E46" fromText="symptoms" toID="T1" toText="07-06-93" type="BEFORE" />
<TLINK id="SECTIME16" fromID="E47" fromText="chest pain" toID="T1" toText="07-06-93" type="BEFORE" />
<TLINK id="SECTIME17" fromID="E48" fromText="myocardial ischemia" toID="T1" toText="07-06-93" type="BEFORE" />
<TLINK id="SECTIME18" fromID="E49" fromText="A repeat EKG" toID="T1" toText="07-06-93" type="BEFORE" />
<TLINK id="SECTIME19" fromID="E50" fromText="showed" toID="T1" toText="07-06-93" type="BEFORE" />
<TLINK id="SECTIME20" fromID="E51" fromText="changes" toID="T1" toText="07-06-93" type="BEFORE" />
<TLINK id="SECTIME21" fromID="E52" fromText="did well" toID="T1" toText="07-06-93" type="BEFORE" />
<TLINK id="SECTIME22" fromID="E53" fromText="a repeat hematocrit" toID="T1" toText="07-06-93" type="BEFORE" />
<TLINK id="SECTIME23" fromID="E3" fromText="stranguria" toID="T0" toText="06-30-93" type="BEFORE" />
<TLINK id="SECTIME24" fromID="E54" fromText="the transfusion" toID="T1" toText="07-06-93" type="BEFORE" />
<TLINK id="SECTIME25" fromID="E55" fromText="His creatinine" toID="T1" toText="07-06-93" type="BEFORE" />
<TLINK id="SECTIME26" fromID="E56" fromText="his low grade temperature" toID="T1" toText="07-06-93" type="BEFORE" />
<TLINK id="SECTIME27" fromID="E4" fromText="nocturia" toID="T0" toText="06-30-93" type="BEFORE" />
<TLINK id="SECTIME28" fromID="E57" fromText="His vital signs" toID="T1" toText="07-06-93" type="BEFORE" />
<TLINK id="SECTIME29" fromID="E58" fromText="stable" toID="T1" toText="07-06-93" type="BEFORE" />
<TLINK id="SECTIME30" fromID="E59" fromText="discharged" toID="T1" toText="07-06-93" type="OVERLAP" />
<TLINK id="SECTIME31" fromID="E60" fromText="Percocet" toID="T1" toText="07-06-93" type="BEFORE" />
<TLINK id="SECTIME32" fromID="E61" fromText="Keflex" toID="T1" toText="07-06-93" type="BEFORE" />
<TLINK id="SECTIME33" fromID="E62" fromText="discharged" toID="T1" toText="07-06-93" type="BEFORE" />
<TLINK id="SECTIME34" fromID="E63" fromText="good condition" toID="T1" toText="07-06-93" type="BEFORE" />
<TLINK id="SECTIME35" fromID="E64" fromText="follow up" toID="T1" toText="07-06-93" type="AFTER" />
<TLINK id="SECTIME36" fromID="E5" fromText="physical exam" toID="T0" toText="06-30-93" type="BEFORE" />
<TLINK id="SECTIME37" fromID="E6" fromText="an asymmetric prostate" toID="T0" toText="06-30-93" type="BEFORE" />
<TLINK id="SECTIME38" fromID="E7" fromText="prominence on the left" toID="T0" toText="06-30-93" type="BEFORE" />
<TLINK id="SECTIME39" fromID="E9" fromText="a nodule" toID="T0" toText="06-30-93" type="BEFORE" />
<TLINK id="SECTIME40" fromID="E10" fromText="Repeat exam" toID="T0" toText="06-30-93" type="BEFORE" />
<TLINK id="SECTIME41" fromID="E11" fromText="showed" toID="T0" toText="06-30-93" type="BEFORE" />
<TLINK id="SECTIME42" fromID="E12" fromText="a firm left-sided lobe" toID="T0" toText="06-30-93" type="BEFORE" />
<TLINK id="SECTIME43" fromID="E13" fromText="Transrectal ultrasound" toID="T0" toText="06-30-93" type="BEFORE" />
<TLINK id="SECTIME44" fromID="E14" fromText="showed" toID="T0" toText="06-30-93" type="BEFORE" />
<TLINK id="SECTIME45" fromID="E15" fromText="a hypoechoic left-sided mass in the peripheral zone" toID="T0" toText="06-30-93" type="BEFORE" />
<TLINK id="SECTIME46" fromID="E16" fromText="A biopsy" toID="T0" toText="06-30-93" type="BEFORE" />
<TLINK id="SECTIME47" fromID="E17" fromText="showed" toID="T0" toText="06-30-93" type="BEFORE" />
<TLINK id="SECTIME48" fromID="E18" fromText="moderately to poorly differentiated Grade III-IV adenocarcinoma on the left" toID="T0" toText="06-30-93" type="BEFORE" />
<TLINK id="SECTIME49" fromID="E19" fromText="normal limits" toID="T0" toText="06-30-93" type="BEFORE" />
<TLINK id="SECTIME50" fromID="E20" fromText="FIH" toID="T0" toText="06-30-93" type="BEFORE" />
<TLINK id="SECTIME51" fromID="E21" fromText="impotence" toID="T0" toText="06-30-93" type="BEFORE" />
<TLINK id="SECTIME52" fromID="E22" fromText="the operating room" toID="T1" toText="07-06-93" type="BEFORE" />
<TLINK id="SECTIME53" fromID="E23" fromText="informed consent was obtained" toID="T1" toText="07-06-93" type="BEFORE" />
<TLINK id="SECTIME54" fromID="E24" fromText="A radical retropubic prostatectomy" toID="T1" toText="07-06-93" type="BEFORE" />
<TLINK id="SECTIME55" fromID="E25" fromText="bilateral lymph node dissection" toID="T1" toText="07-06-93" type="BEFORE" />
<TLINK id="SECTIME56" fromID="E26" fromText="afebrile" toID="T1" toText="07-06-93" type="BEFORE" />
<TLINK id="SECTIME57" fromID="E27" fromText="vital signs" toID="T1" toText="07-06-93" type="BEFORE" />
<TLINK id="SECTIME58" fromID="E28" fromText="stable" toID="T1" toText="07-06-93" type="BEFORE" />
<TLINK id="SECTIME59" fromID="E29" fromText="His potassium" toID="T1" toText="07-06-93" type="BEFORE" />
<TLINK id="SECTIME60" fromID="E30" fromText="his hematocrit" toID="T1" toText="07-06-93" type="BEFORE" />
<TLINK id="SECTIME61" fromID="E31" fromText="His postoperative course" toID="T1" toText="07-06-93" type="BEFORE" />
</TAGS>
</ClinicalNarrativeTemporalAnnotation>
