<?xml version="1.0" encoding="UTF-8" ?>
<ClinicalNarrativeTemporalAnnotation>
<TEXT><![CDATA[
Admission Date :
2009-06-23
Discharge Date :
2009-07-12
Service :
CMI ; then to Medcine ; then transferred to CCU
HISTORY OF PRESENT ILLNESS :
The patient is an 83-year-old male with a history of diabetes mellitus , steroid-treated polymyalgia rheumatica , hypertension , benign prostatic hypertrophy , and high cholesterol who presented for a lower extremity peripheral angiography for bilateral foot ulcers , and he was found to an evaluated blood urea nitrogen , and creatinine , and potassium .
The patient notes he developed worsening foot pain and ulcers four months ago .
Due to his worsening blood glucose , he was started on insulin .
His foot ulcers continued to develop , and the patient complained of pain in his feet ; primarily at night .
The patient was referred to for Vascular consultation because of the ulcerations and pain and scheduled for a lower extremity angiography on the day of admission , but due to his renal failure the procedure was cancelled .
The patient showed peaked T waves on electrocardiogram , and he was transferred to Medicine .
The patient denied any oliguria , hematuria , dysuria , foamy urine , flank pain , abdominal pain , or urinary hesitancy .
He has complained of fatigue , anorexia , and a 10-pound weight loss in the last four months .
He gets short of breath with one flight of stairs .
He denies any fevers , chills , recent infections , chest pain , orthopnea , nausea , vomiting , diarrhea , hematemesis , melena , or hematochezia .
The patient also notes he has had hoarseness for the last two to three weeks .
HOSPITAL COURSE :
The patient is an 83 - year-old male with a history of diabetes , steroid-treated polymyalgia rheumatica , hypertension , benign prostatic hypertrophy , and high cholesterol without presented to the hospital for lower extremity angiograph ; however , that was deferred due to new onset renal failure .
1. RENAL FAILURE :
The patient was initially thought to be prerenal , and his renal status improved after hydration and increased oral intake .
He did have a magnetic resonance angiography of his kidneys which showed mild right-sided renal artery stenosis .
His renal function fluctuated throughout his hospital stay , and when he was in the Medical Intensive Care Unit he did have decreased urine output in the setting of cardiogenic shock .
2. CARDIOVASCULAR :
The patient with severe peripheral vascular disease .
During his hospital stay , he developed some nonsustained ventricular tachycardia .
He also became hypotensive on 07-02 in the setting of infection .
The patient had a central line placed and went into sustained ventricular tachycardia that was treated with lidocaine .
After being treated with lidocaine , the patient became apneic requiring intubation and transfer to the Coronary Care Unit .
His nonsustained ventricular tachycardia was treated with a lidocaine drip .
It was found that he had elevated troponins and likely an ischemic event on the 07-02 .
A repeat echocardiogram showed a decreased ejection fraction from prior .
He had a cardiac catheterization which revealed 3-vessel disease .
Cardiothoracic Surgery was consulted , and due to the patient 's acute illness , they wanted to re-evaluate after the patient was extubated .
The patient continued to have intermittent episodes of ventricular tachycardia .
He was continued on lidocaine and eventually changed over to amiodarone .
He was noted to be cardiogenic shock requiring pressors .
Of note , he likely suffered a second ischemic event during his Coronary Care Unit stay .
The patient did have a Swan-Ganz catheter in place and had a low cardiac output .
The patient 's family eventually decided to withdraw care , and the patient was extubated and passed away on 2009-07-12 .
2. INFECTIOUS DISEASE :
The patient was initially treated with levofloxacin for a left lower lobe infiltrate and a urinary tract infection .
He then developed positive blood cultures with Staphylococcus aureus sensitive to levofloxacin , and that was continued .
When the patient became hypotensive and required intubation and pressors , his antibiotics were broadened , and he was put on stress-dose steroids .
He was found to have bilateral Staphylococcus pneumonia .
3. PULMONARY :
The patient required intubation in the setting of hypotension and ventricular tachycardia .
He was actually extubated on 07-09 , but then reintubated one hour later due to hypoxia .
He was also found to have a bilateral Staphylococcus pneumonia .
]]></TEXT>
<TAGS>
<EVENT id="E0" start="1" end="10" text="Admission" modality="FACTUAL" polarity="POS" type="OCCURRENCE" />
<EVENT id="E28" start="1014" end="1031" text="electrocardiogram" modality="FACTUAL" polarity="POS" type="TEST" />
<EVENT id="E29" start="1045" end="1056" text="transferred" modality="FACTUAL" polarity="POS" type="OCCURRENCE" />
<EVENT id="E30" start="1060" end="1068" text="Medicine" modality="FACTUAL" polarity="POS" type="CLINICAL_DEPT" />
<EVENT id="E31" start="1083" end="1089" text="denied" modality="FACTUAL" polarity="POS" type="EVIDENTIAL" />
<EVENT id="E32" start="1094" end="1102" text="oliguria" modality="FACTUAL" polarity="NEG" type="PROBLEM" />
<EVENT id="E33" start="1105" end="1114" text="hematuria" modality="FACTUAL" polarity="NEG" type="PROBLEM" />
<EVENT id="E34" start="1117" end="1124" text="dysuria" modality="FACTUAL" polarity="NEG" type="PROBLEM" />
<EVENT id="E35" start="1127" end="1138" text="foamy urine" modality="FACTUAL" polarity="NEG" type="PROBLEM" />
<EVENT id="E36" start="1141" end="1151" text="flank pain" modality="FACTUAL" polarity="NEG" type="PROBLEM" />
<EVENT id="E37" start="1154" end="1168" text="abdominal pain" modality="FACTUAL" polarity="NEG" type="PROBLEM" />
<EVENT id="E38" start="1174" end="1191" text="urinary hesitancy" modality="FACTUAL" polarity="NEG" type="PROBLEM" />
<EVENT id="E39" start="1201" end="1211" text="complained" modality="FACTUAL" polarity="POS" type="EVIDENTIAL" />
<EVENT id="E40" start="1215" end="1222" text="fatigue" modality="FACTUAL" polarity="POS" type="PROBLEM" />
<EVENT id="E41" start="1225" end="1233" text="anorexia" modality="FACTUAL" polarity="POS" type="PROBLEM" />
<EVENT id="E42" start="1240" end="1262" text="a 10-pound weight loss" modality="FACTUAL" polarity="POS" type="PROBLEM" />
<EVENT id="E43" start="1297" end="1312" text="short of breath" modality="FACTUAL" polarity="POS" type="PROBLEM" />
<EVENT id="E44" start="1344" end="1350" text="denies" modality="FACTUAL" polarity="POS" type="EVIDENTIAL" />
<EVENT id="E45" start="1351" end="1361" text="any fevers" modality="FACTUAL" polarity="NEG" type="PROBLEM" />
<EVENT id="E46" start="1364" end="1370" text="chills" modality="FACTUAL" polarity="NEG" type="PROBLEM" />
<EVENT id="E47" start="1373" end="1390" text="recent infections" modality="FACTUAL" polarity="NEG" type="PROBLEM" />
<EVENT id="E48" start="1393" end="1403" text="chest pain" modality="FACTUAL" polarity="NEG" type="PROBLEM" />
<EVENT id="E49" start="1406" end="1415" text="orthopnea" modality="FACTUAL" polarity="NEG" type="PROBLEM" />
<EVENT id="E50" start="1418" end="1424" text="nausea" modality="FACTUAL" polarity="NEG" type="PROBLEM" />
<EVENT id="E51" start="1427" end="1435" text="vomiting" modality="FACTUAL" polarity="NEG" type="PROBLEM" />
<EVENT id="E52" start="1438" end="1446" text="diarrhea" modality="FACTUAL" polarity="NEG" type="PROBLEM" />
<EVENT id="E53" start="1449" end="1460" text="hematemesis" modality="FACTUAL" polarity="NEG" type="PROBLEM" />
<EVENT id="E54" start="1463" end="1469" text="melena" modality="FACTUAL" polarity="NEG" type="PROBLEM" />
<EVENT id="E55" start="1475" end="1487" text="hematochezia" modality="FACTUAL" polarity="NEG" type="PROBLEM" />
<EVENT id="E56" start="1507" end="1512" text="notes" modality="FACTUAL" polarity="POS" type="EVIDENTIAL" />
<EVENT id="E57" start="1524" end="1534" text="hoarseness" modality="FACTUAL" polarity="POS" type="PROBLEM" />
<EVENT id="E58" start="1642" end="1650" text="diabetes" modality="FACTUAL" polarity="POS" type="PROBLEM" />
<EVENT id="E59" start="1653" end="1691" text="steroid-treated polymyalgia rheumatica" modality="FACTUAL" polarity="POS" type="PROBLEM" />
<EVENT id="E60" start="1694" end="1706" text="hypertension" modality="FACTUAL" polarity="POS" type="PROBLEM" />
<EVENT id="E61" start="1709" end="1737" text="benign prostatic hypertrophy" modality="FACTUAL" polarity="POS" type="PROBLEM" />
<EVENT id="E62" start="1744" end="1760" text="high cholesterol" modality="FACTUAL" polarity="POS" type="PROBLEM" />
<EVENT id="E63" start="1769" end="1778" text="presented" modality="FACTUAL" polarity="NEG" type="OCCURRENCE" />
<EVENT id="E64" start="1782" end="1794" text="the hospital" modality="FACTUAL" polarity="POS" type="CLINICAL_DEPT" />
<EVENT id="E65" start="1799" end="1825" text="lower extremity angiograph" modality="FACTUAL" polarity="POS" type="TEST" />
<EVENT id="E66" start="1838" end="1842" text="that" modality="FACTUAL" polarity="NEG" type="TEST" />
<EVENT id="E67" start="1847" end="1855" text="deferred" modality="FACTUAL" polarity="POS" type="OCCURRENCE" />
<EVENT id="E68" start="1863" end="1886" text="new onset renal failure" modality="FACTUAL" polarity="POS" type="PROBLEM" />
<EVENT id="E69" start="1948" end="1956" text="prerenal" modality="POSSIBLE" polarity="POS" type="PROBLEM" />
<EVENT id="E2" start="197" end="214" text="diabetes mellitus" modality="FACTUAL" polarity="POS" type="PROBLEM" />
<EVENT id="E70" start="1963" end="1979" text="his renal status" modality="FACTUAL" polarity="POS" type="PROBLEM" />
<EVENT id="E71" start="1980" end="1988" text="improved" modality="FACTUAL" polarity="POS" type="OCCURRENCE" />
<EVENT id="E72" start="1995" end="2004" text="hydration" modality="FACTUAL" polarity="POS" type="TREATMENT" />
<EVENT id="E73" start="2009" end="2030" text="increased oral intake" modality="FACTUAL" polarity="POS" type="TREATMENT" />
<EVENT id="E74" start="2045" end="2092" text="a magnetic resonance angiography of his kidneys" modality="FACTUAL" polarity="POS" type="TEST" />
<EVENT id="E75" start="2099" end="2105" text="showed" modality="FACTUAL" polarity="POS" type="EVIDENTIAL" />
<EVENT id="E76" start="2106" end="2144" text="mild right-sided renal artery stenosis" modality="FACTUAL" polarity="POS" type="PROBLEM" />
<EVENT id="E77" start="2147" end="2165" text="His renal function" modality="FACTUAL" polarity="POS" type="TEST" />
<EVENT id="E3" start="217" end="255" text="steroid-treated polymyalgia rheumatica" modality="FACTUAL" polarity="POS" type="PROBLEM" />
<EVENT id="E78" start="2166" end="2176" text="fluctuated" modality="FACTUAL" polarity="POS" type="OCCURRENCE" />
<EVENT id="E79" start="2188" end="2205" text="his hospital stay" modality="FACTUAL" polarity="POS" type="OCCURRENCE" />
<EVENT id="E80" start="2227" end="2258" text="the Medical Intensive Care Unit" modality="FACTUAL" polarity="POS" type="CLINICAL_DEPT" />
<EVENT id="E81" start="2271" end="2293" text="decreased urine output" modality="FACTUAL" polarity="POS" type="PROBLEM" />
<EVENT id="E82" start="2312" end="2329" text="cardiogenic shock" modality="FACTUAL" polarity="POS" type="PROBLEM" />
<EVENT id="E83" start="2369" end="2403" text="severe peripheral vascular disease" modality="FACTUAL" polarity="POS" type="PROBLEM" />
<EVENT id="E84" start="2413" end="2430" text="his hospital stay" modality="FACTUAL" polarity="POS" type="OCCURRENCE" />
<EVENT id="E85" start="2446" end="2487" text="some nonsustained ventricular tachycardia" modality="FACTUAL" polarity="POS" type="PROBLEM" />
<EVENT id="E86" start="2505" end="2516" text="hypotensive" modality="FACTUAL" polarity="POS" type="PROBLEM" />
<EVENT id="E87" start="2544" end="2553" text="infection" modality="FACTUAL" polarity="POS" type="PROBLEM" />
<EVENT id="E4" start="258" end="270" text="hypertension" modality="FACTUAL" polarity="POS" type="PROBLEM" />
<EVENT id="E88" start="2572" end="2586" text="a central line" modality="FACTUAL" polarity="POS" type="TREATMENT" />
<EVENT id="E89" start="2608" end="2641" text="sustained ventricular tachycardia" modality="FACTUAL" polarity="POS" type="PROBLEM" />
<EVENT id="E90" start="2664" end="2673" text="lidocaine" modality="FACTUAL" polarity="POS" type="TREATMENT" />
<EVENT id="E91" start="2701" end="2710" text="lidocaine" modality="FACTUAL" polarity="POS" type="TREATMENT" />
<EVENT id="E5" start="273" end="301" text="benign prostatic hypertrophy" modality="FACTUAL" polarity="POS" type="PROBLEM" />
<EVENT id="E92" start="2732" end="2738" text="apneic" modality="FACTUAL" polarity="POS" type="PROBLEM" />
<EVENT id="E93" start="2749" end="2759" text="intubation" modality="FACTUAL" polarity="POS" type="TREATMENT" />
<EVENT id="E94" start="2764" end="2772" text="transfer" modality="FACTUAL" polarity="POS" type="OCCURRENCE" />
<EVENT id="E95" start="2776" end="2798" text="the Coronary Care Unit" modality="FACTUAL" polarity="POS" type="CLINICAL_DEPT" />
<EVENT id="E96" start="2801" end="2841" text="His nonsustained ventricular tachycardia" modality="FACTUAL" polarity="POS" type="PROBLEM" />
<EVENT id="E97" start="2859" end="2875" text="a lidocaine drip" modality="FACTUAL" polarity="POS" type="TREATMENT" />
<EVENT id="E1" start="29" end="38" text="Discharge" modality="FACTUAL" polarity="POS" type="OCCURRENCE" />
<EVENT id="E98" start="2903" end="2921" text="elevated troponins" modality="FACTUAL" polarity="POS" type="PROBLEM" />
<EVENT id="E99" start="2933" end="2950" text="an ischemic event" modality="FACTUAL" polarity="POS" type="PROBLEM" />
<EVENT id="E100" start="2966" end="2989" text="A repeat echocardiogram" modality="FACTUAL" polarity="POS" type="TEST" />
<EVENT id="E101" start="2990" end="2996" text="showed" modality="FACTUAL" polarity="POS" type="EVIDENTIAL" />
<EVENT id="E102" start="2997" end="3026" text="a decreased ejection fraction" modality="FACTUAL" polarity="POS" type="PROBLEM" />
<EVENT id="E103" start="3032" end="3037" text="prior" modality="FACTUAL" polarity="POS" type="TEST" />
<EVENT id="E104" start="3047" end="3072" text="a cardiac catheterization" modality="FACTUAL" polarity="POS" type="TEST" />
<EVENT id="E6" start="308" end="324" text="high cholesterol" modality="FACTUAL" polarity="POS" type="PROBLEM" />
<EVENT id="E105" start="3079" end="3087" text="revealed" modality="FACTUAL" polarity="POS" type="EVIDENTIAL" />
<EVENT id="E106" start="3088" end="3104" text="3-vessel disease" modality="FACTUAL" polarity="POS" type="PROBLEM" />
<EVENT id="E107" start="3107" end="3129" text="Cardiothoracic Surgery" modality="FACTUAL" polarity="POS" type="CLINICAL_DEPT" />
<EVENT id="E108" start="3157" end="3185" text="the patient 's acute illness" modality="FACTUAL" polarity="POS" type="PROBLEM" />
<EVENT id="E109" start="3203" end="3214" text="re-evaluate" modality="FACTUAL" polarity="POS" type="TEST" />
<EVENT id="E110" start="3237" end="3246" text="extubated" modality="FACTUAL" polarity="POS" type="OCCURRENCE" />
<EVENT id="E7" start="329" end="338" text="presented" modality="FACTUAL" polarity="POS" type="OCCURRENCE" />
<EVENT id="E111" start="3304" end="3327" text="ventricular tachycardia" modality="FACTUAL" polarity="POS" type="PROBLEM" />
<EVENT id="E112" start="3350" end="3359" text="lidocaine" modality="FACTUAL" polarity="POS" type="TREATMENT" />
<EVENT id="E113" start="3391" end="3401" text="amiodarone" modality="FACTUAL" polarity="POS" type="TREATMENT" />
<EVENT id="E144" start="3411" end="3416" text="noted" modality="FACTUAL" polarity="POS" type="OCCURRENCE" />
<EVENT id="E8" start="343" end="383" text="a lower extremity peripheral angiography" modality="FACTUAL" polarity="POS" type="TEST" />
<EVENT id="E114" start="3423" end="3440" text="cardiogenic shock" modality="FACTUAL" polarity="POS" type="PROBLEM" />
<EVENT id="E115" start="3451" end="3459" text="pressors" modality="FACTUAL" polarity="POS" type="TREATMENT" />
<EVENT id="E116" start="3491" end="3514" text="a second ischemic event" modality="FACTUAL" polarity="POS" type="PROBLEM" />
<EVENT id="E117" start="3522" end="3544" text="his Coronary Care Unit" modality="FACTUAL" polarity="POS" type="CLINICAL_DEPT" />
<EVENT id="E119" start="3573" end="3593" text="a Swan-Ganz catheter" modality="FACTUAL" polarity="POS" type="TEST" />
<EVENT id="E120" start="3611" end="3631" text="a low cardiac output" modality="FACTUAL" polarity="POS" type="PROBLEM" />
<EVENT id="E121" start="3678" end="3691" text="withdraw care" modality="FACTUAL" polarity="POS" type="OCCURRENCE" />
<EVENT id="E122" start="3714" end="3723" text="extubated" modality="FACTUAL" polarity="POS" type="OCCURRENCE" />
<EVENT id="E123" start="3728" end="3739" text="passed away" modality="FACTUAL" polarity="POS" type="OCCURRENCE" />
<EVENT id="E124" start="3819" end="3831" text="levofloxacin" modality="FACTUAL" polarity="POS" type="TREATMENT" />
<EVENT id="E125" start="3836" end="3864" text="a left lower lobe infiltrate" modality="FACTUAL" polarity="POS" type="PROBLEM" />
<EVENT id="E126" start="3869" end="3894" text="a urinary tract infection" modality="FACTUAL" polarity="POS" type="PROBLEM" />
<EVENT id="E9" start="388" end="409" text="bilateral foot ulcers" modality="FACTUAL" polarity="POS" type="PROBLEM" />
<EVENT id="E127" start="3915" end="3938" text="positive blood cultures" modality="FACTUAL" polarity="POS" type="PROBLEM" />
<EVENT id="E128" start="3944" end="3965" text="Staphylococcus aureus" modality="FACTUAL" polarity="POS" type="PROBLEM" />
<EVENT id="E129" start="3979" end="3991" text="levofloxacin" modality="FACTUAL" polarity="POS" type="TREATMENT" />
<EVENT id="E130" start="3998" end="4002" text="that" modality="FACTUAL" polarity="POS" type="TREATMENT" />
<EVENT id="E131" start="4043" end="4054" text="hypotensive" modality="FACTUAL" polarity="POS" type="PROBLEM" />
<EVENT id="E132" start="4068" end="4078" text="intubation" modality="FACTUAL" polarity="POS" type="TREATMENT" />
<EVENT id="E133" start="4083" end="4091" text="pressors" modality="FACTUAL" polarity="POS" type="TREATMENT" />
<EVENT id="E134" start="4094" end="4109" text="his antibiotics" modality="FACTUAL" polarity="POS" type="TREATMENT" />
<EVENT id="E135" start="4145" end="4165" text="stress-dose steroids" modality="FACTUAL" polarity="POS" type="TREATMENT" />
<EVENT id="E136" start="4189" end="4223" text="bilateral Staphylococcus pneumonia" modality="FACTUAL" polarity="POS" type="PROBLEM" />
<EVENT id="E137" start="4262" end="4272" text="intubation" modality="FACTUAL" polarity="POS" type="TREATMENT" />
<EVENT id="E138" start="4291" end="4302" text="hypotension" modality="FACTUAL" polarity="POS" type="PROBLEM" />
<EVENT id="E139" start="4307" end="4330" text="ventricular tachycardia" modality="FACTUAL" polarity="POS" type="PROBLEM" />
<EVENT id="E10" start="432" end="497" text="an evaluated blood urea nitrogen , and creatinine , and potassium" modality="FACTUAL" polarity="POS" type="PROBLEM" />
<EVENT id="E140" start="4349" end="4358" text="extubated" modality="FACTUAL" polarity="POS" type="OCCURRENCE" />
<EVENT id="E141" start="4379" end="4390" text="reintubated" modality="FACTUAL" polarity="POS" type="TREATMENT" />
<EVENT id="E142" start="4413" end="4420" text="hypoxia" modality="FACTUAL" polarity="POS" type="PROBLEM" />
<EVENT id="E143" start="4449" end="4485" text="a bilateral Staphylococcus pneumonia" modality="FACTUAL" polarity="POS" type="PROBLEM" />
<EVENT id="E11" start="512" end="517" text="notes" modality="FACTUAL" polarity="POS" type="EVIDENTIAL" />
<EVENT id="E12" start="531" end="550" text="worsening foot pain" modality="FACTUAL" polarity="POS" type="PROBLEM" />
<EVENT id="E13" start="555" end="561" text="ulcers" modality="FACTUAL" polarity="POS" type="PROBLEM" />
<EVENT id="E14" start="587" end="614" text="his worsening blood glucose" modality="FACTUAL" polarity="POS" type="PROBLEM" />
<EVENT id="E15" start="635" end="642" text="insulin" modality="FACTUAL" polarity="POS" type="TREATMENT" />
<EVENT id="E16" start="645" end="660" text="His foot ulcers" modality="FACTUAL" polarity="POS" type="PROBLEM" />
<EVENT id="E17" start="700" end="710" text="complained" modality="FACTUAL" polarity="POS" type="EVIDENTIAL" />
<EVENT id="E18" start="714" end="730" text="pain in his feet" modality="FACTUAL" polarity="POS" type="PROBLEM" />
<EVENT id="E19" start="770" end="778" text="referred" modality="FACTUAL" polarity="POS" type="OCCURRENCE" />
<EVENT id="E20" start="786" end="807" text="Vascular consultation" modality="FACTUAL" polarity="POS" type="TEST" />
<EVENT id="E21" start="819" end="834" text="the ulcerations" modality="FACTUAL" polarity="POS" type="PROBLEM" />
<EVENT id="E22" start="839" end="843" text="pain" modality="FACTUAL" polarity="POS" type="PROBLEM" />
<EVENT id="E23" start="864" end="891" text="lower extremity angiography" modality="FACTUAL" polarity="POS" type="TEST" />
<EVENT id="E24" start="929" end="946" text="his renal failure" modality="FACTUAL" polarity="POS" type="PROBLEM" />
<EVENT id="E25" start="947" end="960" text="the procedure" modality="FACTUAL" polarity="NEG" type="TEST" />
<EVENT id="E27" start="989" end="995" text="showed" modality="FACTUAL" polarity="POS" type="EVIDENTIAL" />
<EVENT id="E26" start="996" end="1010" text="peaked T waves" modality="FACTUAL" polarity="POS" type="PROBLEM" />
<TIMEX3 id="T4" start="1266" end="1286" text="the last four months" type="DURATION" val="P4M" mod="NA" />
<TIMEX3 id="T5" start="1539" end="1566" text="the last two to three weeks" type="DURATION" val="P17D" mod="APPROX" />
<TIMEX3 id="T0" start="18" end="28" text="2009-06-23" type="DATE" val="2009-06-23" mod="NA" />
<TIMEX3 id="T6" start="2520" end="2525" text="07-02" type="DATE" val="2009-07-02" mod="NA" />
<TIMEX3 id="T7" start="2954" end="2963" text="the 07-02" type="DATE" val="2009-07-02" mod="NA" />
<TIMEX3 id="T8" start="3743" end="3753" text="2009-07-12" type="DATE" val="2009-07-12" mod="NA" />
<TIMEX3 id="T9" start="4362" end="4367" text="07-09" type="DATE" val="2009-07-09" mod="NA" />
<TIMEX3 id="T10" start="4391" end="4399" text="one hour" type="DURATION" val="RPT1H" mod="NA" />
<TIMEX3 id="T1" start="46" end="56" text="2009-07-12" type="DATE" val="2009-07-12" mod="NA" />
<TIMEX3 id="T2" start="562" end="577" text="four months ago" type="DATE" val="2009-02-23" mod="APPROX" />
<TIMEX3 id="T3" start="895" end="902" text="the day" type="DATE" val="2009-06-23" mod="NA" />
<TLINK id="TL0" fromID="E0" fromText="Admission" toID="T0" toText="2009-06-23" type="OVERLAP" />
<TLINK id="TL1" fromID="E31" fromText="denied" toID="E0" toText="Admission" type="SIMULTANEOUS" />
<TLINK id="TL10" fromID="E2" fromText="diabetes mellitus" toID="E0" toText="Admission" type="BEFORE_OVERLAP" />
<TLINK id="TL100" fromID="E87" fromText="infection" toID="E86" toText="hypotensive" type="OVERLAP" />
<TLINK id="TL101" fromID="E89" fromText="sustained ventricular tachycardia" toID="E88" toText="a central line" type="AFTER" />
<TLINK id="TL102" fromID="E88" fromText="a central line" toID="T6" toText="07-02" type="OVERLAP" />
<TLINK id="TL103" fromID="E89" fromText="sustained ventricular tachycardia" toID="E90" toText="lidocaine" type="BEFORE_OVERLAP" />
<TLINK id="TL104" fromID="E91" fromText="lidocaine" toID="E90" toText="lidocaine" type="SIMULTANEOUS" />
<TLINK id="TL105" fromID="E92" fromText="apneic" toID="E91" toText="lidocaine" type="AFTER" />
<TLINK id="TL106" fromID="E92" fromText="apneic" toID="E93" toText="intubation" type="BEFORE_OVERLAP" />
<TLINK id="TL107" fromID="E95" fromText="the Coronary Care Unit" toID="E94" toText="transfer" type="BEGUN_BY" />
<TLINK id="TL108" fromID="E94" fromText="transfer" toID="E93" toText="intubation" type="AFTER" />
<TLINK id="TL109" fromID="E117" fromText="his Coronary Care Unit" toID="E95" toText="the Coronary Care Unit" type="SIMULTANEOUS" />
<TLINK id="TL11" fromID="E3" fromText="steroid-treated polymyalgia rheumatica" toID="E4" toText="hypertension" type="OVERLAP" />
<TLINK id="TL110" fromID="E96" fromText="His nonsustained ventricular tachycardia" toID="E97" toText="a lidocaine drip" type="BEFORE_OVERLAP" />
<TLINK id="TL111" fromID="E96" fromText="His nonsustained ventricular tachycardia" toID="E95" toText="the Coronary Care Unit" type="DURING" />
<TLINK id="TL112" fromID="E98" fromText="elevated troponins" toID="T7" toText="the 07-02" type="OVERLAP" />
<TLINK id="TL113" fromID="E99" fromText="an ischemic event" toID="T7" toText="the 07-02" type="SIMULTANEOUS" />
<TLINK id="TL114" fromID="E100" fromText="A repeat echocardiogram" toID="E101" toText="showed" type="SIMULTANEOUS" />
<TLINK id="TL115" fromID="E102" fromText="a decreased ejection fraction" toID="E101" toText="showed" type="BEFORE_OVERLAP" />
<TLINK id="TL116" fromID="E102" fromText="a decreased ejection fraction" toID="E103" toText="prior" type="AFTER" />
<TLINK id="TL118" fromID="E105" fromText="revealed" toID="E104" toText="a cardiac catheterization" type="OVERLAP" />
<TLINK id="TL12" fromID="E3" fromText="steroid-treated polymyalgia rheumatica" toID="E59" toText="steroid-treated polymyalgia rheumatica" type="SIMULTANEOUS" />
<TLINK id="TL120" fromID="E106" fromText="3-vessel disease" toID="E105" toText="revealed" type="BEFORE_OVERLAP" />
<TLINK id="TL121" fromID="E107" fromText="Cardiothoracic Surgery" toID="E104" toText="a cardiac catheterization" type="AFTER" />
<TLINK id="TL122" fromID="E108" fromText="the patient 's acute illness" toID="E107" toText="Cardiothoracic Surgery" type="BEFORE_OVERLAP" />
<TLINK id="TL123" fromID="E109" fromText="re-evaluate" toID="E107" toText="Cardiothoracic Surgery" type="AFTER" />
<TLINK id="TL124" fromID="E109" fromText="re-evaluate" toID="E110" toText="extubated" type="AFTER" />
<TLINK id="TL125" fromID="E139" fromText="ventricular tachycardia" toID="E111" toText="ventricular tachycardia" type="SIMULTANEOUS" />
<TLINK id="TL126" fromID="E112" fromText="lidocaine" toID="E111" toText="ventricular tachycardia" type="OVERLAP" />
<TLINK id="TL127" fromID="E112" fromText="lidocaine" toID="E113" toText="amiodarone" type="ENDED_BY" />
<TLINK id="TL128" fromID="E113" fromText="amiodarone" toID="E112" toText="lidocaine" type="AFTER" />
<TLINK id="TL129" fromID="E144" fromText="noted" toID="E84" toText="his hospital stay" type="DURING" />
<TLINK id="TL13" fromID="E5" fromText="benign prostatic hypertrophy" toID="E4" toText="hypertension" type="OVERLAP" />
<TLINK id="TL130" fromID="E114" fromText="cardiogenic shock" toID="E144" toText="noted" type="BEFORE_OVERLAP" />
<TLINK id="TL131" fromID="E114" fromText="cardiogenic shock" toID="E115" toText="pressors" type="BEFORE_OVERLAP" />
<TLINK id="TL132" fromID="E116" fromText="a second ischemic event" toID="E99" toText="an ischemic event" type="AFTER" />
<TLINK id="TL133" fromID="E116" fromText="a second ischemic event" toID="E117" toText="his Coronary Care Unit" type="DURING" />
<TLINK id="TL134" fromID="E119" fromText="a Swan-Ganz catheter" toID="E120" toText="a low cardiac output" type="OVERLAP" />
<TLINK id="TL135" fromID="E119" fromText="a Swan-Ganz catheter" toID="E84" toText="his hospital stay" type="DURING" />
<TLINK id="TL136" fromID="E121" fromText="withdraw care" toID="E122" toText="extubated" type="BEFORE_OVERLAP" />
<TLINK id="TL137" fromID="E122" fromText="extubated" toID="E123" toText="passed away" type="BEFORE" />
<TLINK id="TL138" fromID="E123" fromText="passed away" toID="T8" toText="2009-07-12" type="SIMULTANEOUS" />
<TLINK id="TL139" fromID="E121" fromText="withdraw care" toID="E123" toText="passed away" type="ENDED_BY" />
<TLINK id="TL140" fromID="E125" fromText="a left lower lobe infiltrate" toID="E124" toText="levofloxacin" type="BEFORE_OVERLAP" />
<TLINK id="TL141" fromID="E126" fromText="a urinary tract infection" toID="E124" toText="levofloxacin" type="BEFORE_OVERLAP" />
<TLINK id="TL142" fromID="E129" fromText="levofloxacin" toID="E124" toText="levofloxacin" type="SIMULTANEOUS" />
<TLINK id="TL143" fromID="E124" fromText="levofloxacin" toID="E84" toText="his hospital stay" type="DURING" />
<TLINK id="TL144" fromID="E127" fromText="positive blood cultures" toID="E128" toText="Staphylococcus aureus" type="OVERLAP" />
<TLINK id="TL145" fromID="E128" fromText="Staphylococcus aureus" toID="E129" toText="levofloxacin" type="OVERLAP" />
<TLINK id="TL146" fromID="E130" fromText="that" toID="E129" toText="levofloxacin" type="SIMULTANEOUS" />
<TLINK id="TL147" fromID="E131" fromText="hypotensive" toID="E133" toText="pressors" type="BEFORE_OVERLAP" />
<TLINK id="TL148" fromID="E131" fromText="hypotensive" toID="E132" toText="intubation" type="BEFORE_OVERLAP" />
<TLINK id="TL149" fromID="E138" fromText="hypotension" toID="E131" toText="hypotensive" type="SIMULTANEOUS" />
<TLINK id="TL15" fromID="E4" fromText="hypertension" toID="E60" toText="hypertension" type="SIMULTANEOUS" />
<TLINK id="TL150" fromID="E134" fromText="his antibiotics" toID="E131" toText="hypotensive" type="BEGUN_BY" />
<TLINK id="TL151" fromID="E134" fromText="his antibiotics" toID="E135" toText="stress-dose steroids" type="OVERLAP" />
<TLINK id="TL152" fromID="E135" fromText="stress-dose steroids" toID="E133" toText="pressors" type="BEGUN_BY" />
<TLINK id="TL153" fromID="E143" fromText="a bilateral Staphylococcus pneumonia" toID="E136" toText="bilateral Staphylococcus pneumonia" type="SIMULTANEOUS" />
<TLINK id="TL154" fromID="E136" fromText="bilateral Staphylococcus pneumonia" toID="E84" toText="his hospital stay" type="DURING" />
<TLINK id="TL155" fromID="E137" fromText="intubation" toID="E132" toText="intubation" type="SIMULTANEOUS" />
<TLINK id="TL156" fromID="E138" fromText="hypotension" toID="E137" toText="intubation" type="BEFORE_OVERLAP" />
<TLINK id="TL157" fromID="E139" fromText="ventricular tachycardia" toID="E137" toText="intubation" type="BEFORE_OVERLAP" />
<TLINK id="TL158" fromID="E137" fromText="intubation" toID="E140" toText="extubated" type="ENDED_BY" />
<TLINK id="TL159" fromID="E140" fromText="extubated" toID="T9" toText="07-09" type="OVERLAP" />
<TLINK id="TL16" fromID="E5" fromText="benign prostatic hypertrophy" toID="E6" toText="high cholesterol" type="OVERLAP" />
<TLINK id="TL160" fromID="T10" fromText="one hour" toID="E140" toText="extubated" type="BEGUN_BY" />
<TLINK id="TL161" fromID="E141" fromText="reintubated" toID="T10" toText="one hour" type="AFTER" />
<TLINK id="TL162" fromID="E142" fromText="hypoxia" toID="E141" toText="reintubated" type="BEFORE_OVERLAP" />
<TLINK id="TL17" fromID="E5" fromText="benign prostatic hypertrophy" toID="E61" toText="benign prostatic hypertrophy" type="SIMULTANEOUS" />
<TLINK id="TL18" fromID="E6" fromText="high cholesterol" toID="E7" toText="presented" type="BEFORE_OVERLAP" />
<TLINK id="TL19" fromID="E6" fromText="high cholesterol" toID="E62" toText="high cholesterol" type="SIMULTANEOUS" />
<TLINK id="TL20" fromID="E7" fromText="presented" toID="E8" toText="a lower extremity peripheral angiography" type="BEFORE" />
<TLINK id="TL21" fromID="E10" fromText="an evaluated blood urea nitrogen , and creatinine , and potassium" toID="E7" toText="presented" type="BEFORE_OVERLAP" />
<TLINK id="TL22" fromID="E9" fromText="bilateral foot ulcers" toID="E8" toText="a lower extremity peripheral angiography" type="BEFORE_OVERLAP" />
<TLINK id="TL23" fromID="E12" fromText="worsening foot pain" toID="E11" toText="notes" type="BEFORE_OVERLAP" />
<TLINK id="TL24" fromID="E17" fromText="complained" toID="E11" toText="notes" type="SIMULTANEOUS" />
<TLINK id="TL25" fromID="E13" fromText="ulcers" toID="T2" toText="four months ago" type="BEGUN_BY" />
<TLINK id="TL26" fromID="E16" fromText="His foot ulcers" toID="E13" toText="ulcers" type="SIMULTANEOUS" />
<TLINK id="TL27" fromID="E13" fromText="ulcers" toID="E11" toText="notes" type="OVERLAP" />
<TLINK id="TL28" fromID="E14" fromText="his worsening blood glucose" toID="E15" toText="insulin" type="BEFORE_OVERLAP" />
<TLINK id="TL29" fromID="E21" fromText="the ulcerations" toID="E16" toText="His foot ulcers" type="SIMULTANEOUS" />
<TLINK id="TL3" fromID="E7" fromText="presented" toID="E0" toText="Admission" type="OVERLAP" />
<TLINK id="TL30" fromID="E18" fromText="pain in his feet" toID="E16" toText="His foot ulcers" type="OVERLAP" />
<TLINK id="TL31" fromID="E18" fromText="pain in his feet" toID="E17" toText="complained" type="BEFORE_OVERLAP" />
<TLINK id="TL32" fromID="E17" fromText="complained" toID="E19" toText="referred" type="BEFORE" />
<TLINK id="TL33" fromID="E20" fromText="Vascular consultation" toID="E19" toText="referred" type="OVERLAP" />
<TLINK id="TL34" fromID="E21" fromText="the ulcerations" toID="E20" toText="Vascular consultation" type="BEFORE_OVERLAP" />
<TLINK id="TL35" fromID="E22" fromText="pain" toID="E20" toText="Vascular consultation" type="BEFORE_OVERLAP" />
<TLINK id="TL36" fromID="E20" fromText="Vascular consultation" toID="E23" toText="lower extremity angiography" type="OVERLAP" />
<TLINK id="TL37" fromID="E23" fromText="lower extremity angiography" toID="T3" toText="the day" type="OVERLAP" />
<TLINK id="TL38" fromID="E25" fromText="the procedure" toID="E23" toText="lower extremity angiography" type="SIMULTANEOUS" />
<TLINK id="TL39" fromID="E24" fromText="his renal failure" toID="E25" toText="the procedure" type="BEFORE_OVERLAP" />
<TLINK id="TL4" fromID="E1" fromText="Discharge" toID="T1" toText="2009-07-12" type="OVERLAP" />
<TLINK id="TL40" fromID="E24" fromText="his renal failure" toID="E68" toText="new onset renal failure" type="SIMULTANEOUS" />
<TLINK id="TL41" fromID="E26" fromText="peaked T waves" toID="E28" toText="electrocardiogram" type="SIMULTANEOUS" />
<TLINK id="TL42" fromID="E29" fromText="transferred" toID="E28" toText="electrocardiogram" type="AFTER" />
<TLINK id="TL43" fromID="E30" fromText="Medicine" toID="E29" toText="transferred" type="BEGUN_BY" />
<TLINK id="TL44" fromID="E39" fromText="complained" toID="E31" toText="denied" type="OVERLAP" />
<TLINK id="TL45" fromID="E32" fromText="oliguria" toID="E31" toText="denied" type="BEFORE_OVERLAP" />
<TLINK id="TL46" fromID="E32" fromText="oliguria" toID="E33" toText="hematuria" type="OVERLAP" />
<TLINK id="TL47" fromID="E33" fromText="hematuria" toID="E34" toText="dysuria" type="OVERLAP" />
<TLINK id="TL48" fromID="E35" fromText="foamy urine" toID="E34" toText="dysuria" type="OVERLAP" />
<TLINK id="TL49" fromID="E35" fromText="foamy urine" toID="E36" toText="flank pain" type="OVERLAP" />
<TLINK id="TL5" fromID="E79" fromText="his hospital stay" toID="E1" toText="Discharge" type="ENDED_BY" />
<TLINK id="TL50" fromID="E37" fromText="abdominal pain" toID="E36" toText="flank pain" type="OVERLAP" />
<TLINK id="TL51" fromID="E37" fromText="abdominal pain" toID="E38" toText="urinary hesitancy" type="OVERLAP" />
<TLINK id="TL52" fromID="E40" fromText="fatigue" toID="E39" toText="complained" type="BEFORE_OVERLAP" />
<TLINK id="TL53" fromID="E44" fromText="denies" toID="E39" toText="complained" type="OVERLAP" />
<TLINK id="TL54" fromID="E40" fromText="fatigue" toID="E41" toText="anorexia" type="OVERLAP" />
<TLINK id="TL55" fromID="E42" fromText="a 10-pound weight loss" toID="E41" toText="anorexia" type="SIMULTANEOUS" />
<TLINK id="TL56" fromID="E42" fromText="a 10-pound weight loss" toID="T4" toText="the last four months" type="DURING" />
<TLINK id="TL57" fromID="T4" fromText="the last four months" toID="E0" toText="Admission" type="ENDED_BY" />
<TLINK id="TL59" fromID="E43" fromText="short of breath" toID="E0" toText="Admission" type="BEFORE" />
<TLINK id="TL6" fromID="E83" fromText="severe peripheral vascular disease" toID="E0" toText="Admission" type="BEFORE_OVERLAP" />
<TLINK id="TL60" fromID="E45" fromText="any fevers" toID="E44" toText="denies" type="BEFORE_OVERLAP" />
<TLINK id="TL61" fromID="E46" fromText="chills" toID="E45" toText="any fevers" type="OVERLAP" />
<TLINK id="TL62" fromID="E46" fromText="chills" toID="E47" toText="recent infections" type="OVERLAP" />
<TLINK id="TL63" fromID="E47" fromText="recent infections" toID="E48" toText="chest pain" type="OVERLAP" />
<TLINK id="TL64" fromID="E49" fromText="orthopnea" toID="E48" toText="chest pain" type="OVERLAP" />
<TLINK id="TL65" fromID="E50" fromText="nausea" toID="E49" toText="orthopnea" type="OVERLAP" />
<TLINK id="TL66" fromID="E50" fromText="nausea" toID="E51" toText="vomiting" type="OVERLAP" />
<TLINK id="TL67" fromID="E52" fromText="diarrhea" toID="E51" toText="vomiting" type="OVERLAP" />
<TLINK id="TL68" fromID="E53" fromText="hematemesis" toID="E52" toText="diarrhea" type="OVERLAP" />
<TLINK id="TL69" fromID="E53" fromText="hematemesis" toID="E54" toText="melena" type="OVERLAP" />
<TLINK id="TL7" fromID="E79" fromText="his hospital stay" toID="E0" toText="Admission" type="BEGUN_BY" />
<TLINK id="TL70" fromID="E54" fromText="melena" toID="E55" toText="hematochezia" type="OVERLAP" />
<TLINK id="TL71" fromID="E56" fromText="notes" toID="E44" toText="denies" type="OVERLAP" />
<TLINK id="TL72" fromID="E57" fromText="hoarseness" toID="E56" toText="notes" type="BEFORE_OVERLAP" />
<TLINK id="TL73" fromID="E57" fromText="hoarseness" toID="T5" toText="the last two to three weeks" type="DURING" />
<TLINK id="TL74" fromID="T5" fromText="the last two to three weeks" toID="E56" toText="notes" type="ENDED_BY" />
<TLINK id="TL75" fromID="E62" fromText="high cholesterol" toID="E63" toText="presented" type="BEFORE_OVERLAP" />
<TLINK id="TL76" fromID="E64" fromText="the hospital" toID="E63" toText="presented" type="BEGUN_BY" />
<TLINK id="TL77" fromID="E65" fromText="lower extremity angiograph" toID="E64" toText="the hospital" type="DURING" />
<TLINK id="TL78" fromID="E66" fromText="that" toID="E65" toText="lower extremity angiograph" type="SIMULTANEOUS" />
<TLINK id="TL79" fromID="E8" fromText="a lower extremity peripheral angiography" toID="E65" toText="lower extremity angiograph" type="SIMULTANEOUS" />
<TLINK id="TL8" fromID="E3" fromText="steroid-treated polymyalgia rheumatica" toID="E2" toText="diabetes mellitus" type="OVERLAP" />
<TLINK id="TL80" fromID="E66" fromText="that" toID="E67" toText="deferred" type="OVERLAP" />
<TLINK id="TL81" fromID="E68" fromText="new onset renal failure" toID="E67" toText="deferred" type="BEFORE" />
<TLINK id="TL82" fromID="E69" fromText="prerenal" toID="E63" toText="presented" type="SIMULTANEOUS" />
<TLINK id="TL84" fromID="E70" fromText="his renal status" toID="E71" toText="improved" type="OVERLAP" />
<TLINK id="TL85" fromID="E69" fromText="prerenal" toID="E71" toText="improved" type="ENDED_BY" />
<TLINK id="TL86" fromID="E71" fromText="improved" toID="E72" toText="hydration" type="AFTER" />
<TLINK id="TL87" fromID="E71" fromText="improved" toID="E73" toText="increased oral intake" type="AFTER" />
<TLINK id="TL88" fromID="E75" fromText="showed" toID="E74" toText="a magnetic resonance angiography of his kidneys" type="OVERLAP" />
<TLINK id="TL9" fromID="E58" fromText="diabetes" toID="E2" toText="diabetes mellitus" type="SIMULTANEOUS" />
<TLINK id="TL90" fromID="E76" fromText="mild right-sided renal artery stenosis" toID="E75" toText="showed" type="BEFORE_OVERLAP" />
<TLINK id="TL91" fromID="E78" fromText="fluctuated" toID="E79" toText="his hospital stay" type="DURING" />
<TLINK id="TL92" fromID="E77" fromText="His renal function" toID="E78" toText="fluctuated" type="OVERLAP" />
<TLINK id="TL93" fromID="E80" fromText="the Medical Intensive Care Unit" toID="E79" toText="his hospital stay" type="DURING" />
<TLINK id="TL94" fromID="E81" fromText="decreased urine output" toID="E80" toText="the Medical Intensive Care Unit" type="DURING" />
<TLINK id="TL95" fromID="E82" fromText="cardiogenic shock" toID="E81" toText="decreased urine output" type="OVERLAP" />
<TLINK id="TL96" fromID="E84" fromText="his hospital stay" toID="E79" toText="his hospital stay" type="SIMULTANEOUS" />
<TLINK id="TL97" fromID="E85" fromText="some nonsustained ventricular tachycardia" toID="E84" toText="his hospital stay" type="DURING" />
<TLINK id="TL98" fromID="E96" fromText="His nonsustained ventricular tachycardia" toID="E85" toText="some nonsustained ventricular tachycardia" type="SIMULTANEOUS" />
<TLINK id="TL99" fromID="E86" fromText="hypotensive" toID="T6" toText="07-02" type="BEGUN_BY" />
<SECTIME id="S0" start="18" end="28" text="2009-06-23" type="ADMISSION" dvalue="2009-06-23" />
<SECTIME id="S1" start="46" end="56" text="2009-07-12" type="DISCHARGE" dvalue="2009-07-12" />
<TLINK id="SECTIME0" fromID="E28" fromText="electrocardiogram" toID="T0" toText="2009-06-23" type="BEFORE" />
<TLINK id="SECTIME1" fromID="E29" fromText="transferred" toID="T0" toText="2009-06-23" type="OVERLAP" />
<TLINK id="SECTIME2" fromID="E30" fromText="Medicine" toID="T0" toText="2009-06-23" type="OVERLAP" />
<TLINK id="SECTIME3" fromID="E31" fromText="denied" toID="T0" toText="2009-06-23" type="OVERLAP" />
<TLINK id="SECTIME4" fromID="E32" fromText="oliguria" toID="T0" toText="2009-06-23" type="BEFORE" />
<TLINK id="SECTIME5" fromID="E33" fromText="hematuria" toID="T0" toText="2009-06-23" type="BEFORE" />
<TLINK id="SECTIME6" fromID="E34" fromText="dysuria" toID="T0" toText="2009-06-23" type="BEFORE" />
<TLINK id="SECTIME7" fromID="E35" fromText="foamy urine" toID="T0" toText="2009-06-23" type="BEFORE" />
<TLINK id="SECTIME8" fromID="E36" fromText="flank pain" toID="T0" toText="2009-06-23" type="BEFORE" />
<TLINK id="SECTIME9" fromID="E37" fromText="abdominal pain" toID="T0" toText="2009-06-23" type="BEFORE" />
<TLINK id="SECTIME10" fromID="E38" fromText="urinary hesitancy" toID="T0" toText="2009-06-23" type="BEFORE" />
<TLINK id="SECTIME11" fromID="E39" fromText="complained" toID="T0" toText="2009-06-23" type="OVERLAP" />
<TLINK id="SECTIME12" fromID="E40" fromText="fatigue" toID="T0" toText="2009-06-23" type="BEFORE" />
<TLINK id="SECTIME13" fromID="E41" fromText="anorexia" toID="T0" toText="2009-06-23" type="BEFORE" />
<TLINK id="SECTIME14" fromID="E42" fromText="a 10-pound weight loss" toID="T0" toText="2009-06-23" type="BEFORE" />
<TLINK id="SECTIME15" fromID="E43" fromText="short of breath" toID="T0" toText="2009-06-23" type="BEFORE" />
<TLINK id="SECTIME16" fromID="E44" fromText="denies" toID="T0" toText="2009-06-23" type="OVERLAP" />
<TLINK id="SECTIME17" fromID="E45" fromText="any fevers" toID="T0" toText="2009-06-23" type="BEFORE" />
<TLINK id="SECTIME18" fromID="E46" fromText="chills" toID="T0" toText="2009-06-23" type="BEFORE" />
<TLINK id="SECTIME19" fromID="E47" fromText="recent infections" toID="T0" toText="2009-06-23" type="BEFORE" />
<TLINK id="SECTIME20" fromID="E48" fromText="chest pain" toID="T0" toText="2009-06-23" type="BEFORE" />
<TLINK id="SECTIME21" fromID="E49" fromText="orthopnea" toID="T0" toText="2009-06-23" type="BEFORE" />
<TLINK id="SECTIME22" fromID="E50" fromText="nausea" toID="T0" toText="2009-06-23" type="BEFORE" />
<TLINK id="SECTIME23" fromID="E51" fromText="vomiting" toID="T0" toText="2009-06-23" type="BEFORE" />
<TLINK id="SECTIME24" fromID="E52" fromText="diarrhea" toID="T0" toText="2009-06-23" type="BEFORE" />
<TLINK id="SECTIME25" fromID="E53" fromText="hematemesis" toID="T0" toText="2009-06-23" type="BEFORE" />
<TLINK id="SECTIME26" fromID="E54" fromText="melena" toID="T0" toText="2009-06-23" type="BEFORE" />
<TLINK id="SECTIME27" fromID="E55" fromText="hematochezia" toID="T0" toText="2009-06-23" type="BEFORE" />
<TLINK id="SECTIME28" fromID="E56" fromText="notes" toID="T0" toText="2009-06-23" type="OVERLAP" />
<TLINK id="SECTIME29" fromID="E57" fromText="hoarseness" toID="T0" toText="2009-06-23" type="BEFORE" />
<TLINK id="SECTIME30" fromID="E58" fromText="diabetes" toID="T1" toText="2009-07-12" type="BEFORE" />
<TLINK id="SECTIME31" fromID="E59" fromText="steroid-treated polymyalgia rheumatica" toID="T1" toText="2009-07-12" type="BEFORE" />
<TLINK id="SECTIME32" fromID="E60" fromText="hypertension" toID="T1" toText="2009-07-12" type="BEFORE" />
<TLINK id="SECTIME33" fromID="E61" fromText="benign prostatic hypertrophy" toID="T1" toText="2009-07-12" type="BEFORE" />
<TLINK id="SECTIME34" fromID="E62" fromText="high cholesterol" toID="T1" toText="2009-07-12" type="BEFORE" />
<TLINK id="SECTIME35" fromID="E63" fromText="presented" toID="T1" toText="2009-07-12" type="BEFORE" />
<TLINK id="SECTIME36" fromID="E64" fromText="the hospital" toID="T1" toText="2009-07-12" type="BEFORE" />
<TLINK id="SECTIME37" fromID="E65" fromText="lower extremity angiograph" toID="T1" toText="2009-07-12" type="BEFORE" />
<TLINK id="SECTIME38" fromID="E66" fromText="that" toID="T1" toText="2009-07-12" type="BEFORE" />
<TLINK id="SECTIME39" fromID="E67" fromText="deferred" toID="T1" toText="2009-07-12" type="BEFORE" />
<TLINK id="SECTIME40" fromID="E68" fromText="new onset renal failure" toID="T1" toText="2009-07-12" type="BEFORE" />
<TLINK id="SECTIME41" fromID="E69" fromText="prerenal" toID="T1" toText="2009-07-12" type="BEFORE" />
<TLINK id="SECTIME42" fromID="E2" fromText="diabetes mellitus" toID="T0" toText="2009-06-23" type="BEFORE" />
<TLINK id="SECTIME43" fromID="E70" fromText="his renal status" toID="T1" toText="2009-07-12" type="BEFORE" />
<TLINK id="SECTIME44" fromID="E71" fromText="improved" toID="T1" toText="2009-07-12" type="BEFORE" />
<TLINK id="SECTIME45" fromID="E72" fromText="hydration" toID="T1" toText="2009-07-12" type="BEFORE" />
<TLINK id="SECTIME46" fromID="E73" fromText="increased oral intake" toID="T1" toText="2009-07-12" type="BEFORE" />
<TLINK id="SECTIME47" fromID="E74" fromText="a magnetic resonance angiography of his kidneys" toID="T1" toText="2009-07-12" type="BEFORE" />
<TLINK id="SECTIME48" fromID="E75" fromText="showed" toID="T1" toText="2009-07-12" type="BEFORE" />
<TLINK id="SECTIME49" fromID="E76" fromText="mild right-sided renal artery stenosis" toID="T1" toText="2009-07-12" type="BEFORE" />
<TLINK id="SECTIME50" fromID="E77" fromText="His renal function" toID="T1" toText="2009-07-12" type="BEFORE" />
<TLINK id="SECTIME51" fromID="E3" fromText="steroid-treated polymyalgia rheumatica" toID="T0" toText="2009-06-23" type="BEFORE" />
<TLINK id="SECTIME52" fromID="E78" fromText="fluctuated" toID="T1" toText="2009-07-12" type="BEFORE" />
<TLINK id="SECTIME53" fromID="E79" fromText="his hospital stay" toID="T1" toText="2009-07-12" type="BEFORE" />
<TLINK id="SECTIME54" fromID="E80" fromText="the Medical Intensive Care Unit" toID="T1" toText="2009-07-12" type="BEFORE" />
<TLINK id="SECTIME55" fromID="E81" fromText="decreased urine output" toID="T1" toText="2009-07-12" type="BEFORE" />
<TLINK id="SECTIME56" fromID="E82" fromText="cardiogenic shock" toID="T1" toText="2009-07-12" type="BEFORE" />
<TLINK id="SECTIME57" fromID="E83" fromText="severe peripheral vascular disease" toID="T1" toText="2009-07-12" type="BEFORE" />
<TLINK id="SECTIME58" fromID="E84" fromText="his hospital stay" toID="T1" toText="2009-07-12" type="BEFORE" />
<TLINK id="SECTIME59" fromID="E85" fromText="some nonsustained ventricular tachycardia" toID="T1" toText="2009-07-12" type="BEFORE" />
<TLINK id="SECTIME60" fromID="E86" fromText="hypotensive" toID="T1" toText="2009-07-12" type="BEFORE" />
<TLINK id="SECTIME61" fromID="E87" fromText="infection" toID="T1" toText="2009-07-12" type="BEFORE" />
<TLINK id="SECTIME62" fromID="E4" fromText="hypertension" toID="T0" toText="2009-06-23" type="BEFORE" />
<TLINK id="SECTIME63" fromID="E88" fromText="a central line" toID="T1" toText="2009-07-12" type="BEFORE" />
<TLINK id="SECTIME64" fromID="E89" fromText="sustained ventricular tachycardia" toID="T1" toText="2009-07-12" type="BEFORE" />
<TLINK id="SECTIME65" fromID="E90" fromText="lidocaine" toID="T1" toText="2009-07-12" type="BEFORE" />
<TLINK id="SECTIME66" fromID="E91" fromText="lidocaine" toID="T1" toText="2009-07-12" type="BEFORE" />
<TLINK id="SECTIME67" fromID="E5" fromText="benign prostatic hypertrophy" toID="T0" toText="2009-06-23" type="BEFORE" />
<TLINK id="SECTIME68" fromID="E92" fromText="apneic" toID="T1" toText="2009-07-12" type="BEFORE" />
<TLINK id="SECTIME69" fromID="E93" fromText="intubation" toID="T1" toText="2009-07-12" type="BEFORE" />
<TLINK id="SECTIME70" fromID="E94" fromText="transfer" toID="T1" toText="2009-07-12" type="BEFORE" />
<TLINK id="SECTIME71" fromID="E95" fromText="the Coronary Care Unit" toID="T1" toText="2009-07-12" type="BEFORE" />
<TLINK id="SECTIME72" fromID="E96" fromText="His nonsustained ventricular tachycardia" toID="T1" toText="2009-07-12" type="BEFORE" />
<TLINK id="SECTIME73" fromID="E97" fromText="a lidocaine drip" toID="T1" toText="2009-07-12" type="BEFORE" />
<TLINK id="SECTIME74" fromID="E98" fromText="elevated troponins" toID="T1" toText="2009-07-12" type="BEFORE" />
<TLINK id="SECTIME75" fromID="E99" fromText="an ischemic event" toID="T1" toText="2009-07-12" type="BEFORE" />
<TLINK id="SECTIME76" fromID="E100" fromText="A repeat echocardiogram" toID="T1" toText="2009-07-12" type="BEFORE" />
<TLINK id="SECTIME77" fromID="E101" fromText="showed" toID="T1" toText="2009-07-12" type="BEFORE" />
<TLINK id="SECTIME78" fromID="E102" fromText="a decreased ejection fraction" toID="T1" toText="2009-07-12" type="BEFORE" />
<TLINK id="SECTIME79" fromID="E103" fromText="prior" toID="T1" toText="2009-07-12" type="BEFORE" />
<TLINK id="SECTIME80" fromID="E104" fromText="a cardiac catheterization" toID="T1" toText="2009-07-12" type="BEFORE" />
<TLINK id="SECTIME81" fromID="E6" fromText="high cholesterol" toID="T0" toText="2009-06-23" type="BEFORE" />
<TLINK id="SECTIME82" fromID="E105" fromText="revealed" toID="T1" toText="2009-07-12" type="BEFORE" />
<TLINK id="SECTIME83" fromID="E106" fromText="3-vessel disease" toID="T1" toText="2009-07-12" type="BEFORE" />
<TLINK id="SECTIME84" fromID="E107" fromText="Cardiothoracic Surgery" toID="T1" toText="2009-07-12" type="BEFORE" />
<TLINK id="SECTIME85" fromID="E108" fromText="the patient 's acute illness" toID="T1" toText="2009-07-12" type="BEFORE" />
<TLINK id="SECTIME86" fromID="E109" fromText="re-evaluate" toID="T1" toText="2009-07-12" type="BEFORE" />
<TLINK id="SECTIME87" fromID="E110" fromText="extubated" toID="T1" toText="2009-07-12" type="BEFORE" />
<TLINK id="SECTIME88" fromID="E7" fromText="presented" toID="T0" toText="2009-06-23" type="OVERLAP" />
<TLINK id="SECTIME89" fromID="E111" fromText="ventricular tachycardia" toID="T1" toText="2009-07-12" type="BEFORE" />
<TLINK id="SECTIME90" fromID="E112" fromText="lidocaine" toID="T1" toText="2009-07-12" type="BEFORE" />
<TLINK id="SECTIME91" fromID="E113" fromText="amiodarone" toID="T1" toText="2009-07-12" type="BEFORE" />
<TLINK id="SECTIME92" fromID="E144" fromText="noted" toID="T1" toText="2009-07-12" type="BEFORE" />
<TLINK id="SECTIME93" fromID="E8" fromText="a lower extremity peripheral angiography" toID="T0" toText="2009-06-23" type="BEFORE" />
<TLINK id="SECTIME94" fromID="E114" fromText="cardiogenic shock" toID="T1" toText="2009-07-12" type="BEFORE" />
<TLINK id="SECTIME95" fromID="E115" fromText="pressors" toID="T1" toText="2009-07-12" type="BEFORE" />
<TLINK id="SECTIME96" fromID="E116" fromText="a second ischemic event" toID="T1" toText="2009-07-12" type="BEFORE" />
<TLINK id="SECTIME97" fromID="E117" fromText="his Coronary Care Unit" toID="T1" toText="2009-07-12" type="BEFORE" />
<TLINK id="SECTIME98" fromID="E119" fromText="a Swan-Ganz catheter" toID="T1" toText="2009-07-12" type="BEFORE" />
<TLINK id="SECTIME99" fromID="E120" fromText="a low cardiac output" toID="T1" toText="2009-07-12" type="BEFORE" />
<TLINK id="SECTIME100" fromID="E121" fromText="withdraw care" toID="T1" toText="2009-07-12" type="BEFORE" />
<TLINK id="SECTIME101" fromID="E122" fromText="extubated" toID="T1" toText="2009-07-12" type="BEFORE" />
<TLINK id="SECTIME102" fromID="E123" fromText="passed away" toID="T1" toText="2009-07-12" type="OVERLAP" />
<TLINK id="SECTIME103" fromID="E124" fromText="levofloxacin" toID="T1" toText="2009-07-12" type="BEFORE" />
<TLINK id="SECTIME104" fromID="E125" fromText="a left lower lobe infiltrate" toID="T1" toText="2009-07-12" type="BEFORE" />
<TLINK id="SECTIME105" fromID="E126" fromText="a urinary tract infection" toID="T1" toText="2009-07-12" type="BEFORE" />
<TLINK id="SECTIME106" fromID="E9" fromText="bilateral foot ulcers" toID="T0" toText="2009-06-23" type="BEFORE" />
<TLINK id="SECTIME107" fromID="E127" fromText="positive blood cultures" toID="T1" toText="2009-07-12" type="BEFORE" />
<TLINK id="SECTIME108" fromID="E128" fromText="Staphylococcus aureus" toID="T1" toText="2009-07-12" type="BEFORE" />
<TLINK id="SECTIME109" fromID="E129" fromText="levofloxacin" toID="T1" toText="2009-07-12" type="BEFORE" />
<TLINK id="SECTIME110" fromID="E130" fromText="that" toID="T1" toText="2009-07-12" type="BEFORE" />
<TLINK id="SECTIME111" fromID="E131" fromText="hypotensive" toID="T1" toText="2009-07-12" type="BEFORE" />
<TLINK id="SECTIME112" fromID="E132" fromText="intubation" toID="T1" toText="2009-07-12" type="BEFORE" />
<TLINK id="SECTIME113" fromID="E133" fromText="pressors" toID="T1" toText="2009-07-12" type="BEFORE" />
<TLINK id="SECTIME114" fromID="E134" fromText="his antibiotics" toID="T1" toText="2009-07-12" type="BEFORE" />
<TLINK id="SECTIME115" fromID="E135" fromText="stress-dose steroids" toID="T1" toText="2009-07-12" type="BEFORE" />
<TLINK id="SECTIME116" fromID="E136" fromText="bilateral Staphylococcus pneumonia" toID="T1" toText="2009-07-12" type="BEFORE" />
<TLINK id="SECTIME117" fromID="E137" fromText="intubation" toID="T1" toText="2009-07-12" type="BEFORE" />
<TLINK id="SECTIME118" fromID="E138" fromText="hypotension" toID="T1" toText="2009-07-12" type="BEFORE" />
<TLINK id="SECTIME119" fromID="E139" fromText="ventricular tachycardia" toID="T1" toText="2009-07-12" type="BEFORE" />
<TLINK id="SECTIME120" fromID="E10" fromText="an evaluated blood urea nitrogen , and creatinine , and potassium" toID="T0" toText="2009-06-23" type="BEFORE" />
<TLINK id="SECTIME121" fromID="E140" fromText="extubated" toID="T1" toText="2009-07-12" type="BEFORE" />
<TLINK id="SECTIME122" fromID="E141" fromText="reintubated" toID="T1" toText="2009-07-12" type="BEFORE" />
<TLINK id="SECTIME123" fromID="E142" fromText="hypoxia" toID="T1" toText="2009-07-12" type="BEFORE" />
<TLINK id="SECTIME124" fromID="E143" fromText="a bilateral Staphylococcus pneumonia" toID="T1" toText="2009-07-12" type="BEFORE" />
<TLINK id="SECTIME125" fromID="E11" fromText="notes" toID="T0" toText="2009-06-23" type="OVERLAP" />
<TLINK id="SECTIME126" fromID="E12" fromText="worsening foot pain" toID="T0" toText="2009-06-23" type="BEFORE" />
<TLINK id="SECTIME127" fromID="E13" fromText="ulcers" toID="T0" toText="2009-06-23" type="BEFORE" />
<TLINK id="SECTIME128" fromID="E14" fromText="his worsening blood glucose" toID="T0" toText="2009-06-23" type="BEFORE" />
<TLINK id="SECTIME129" fromID="E15" fromText="insulin" toID="T0" toText="2009-06-23" type="BEFORE" />
<TLINK id="SECTIME130" fromID="E16" fromText="His foot ulcers" toID="T0" toText="2009-06-23" type="BEFORE" />
<TLINK id="SECTIME131" fromID="E17" fromText="complained" toID="T0" toText="2009-06-23" type="BEFORE" />
<TLINK id="SECTIME132" fromID="E18" fromText="pain in his feet" toID="T0" toText="2009-06-23" type="BEFORE" />
<TLINK id="SECTIME133" fromID="E19" fromText="referred" toID="T0" toText="2009-06-23" type="BEFORE" />
<TLINK id="SECTIME134" fromID="E20" fromText="Vascular consultation" toID="T0" toText="2009-06-23" type="BEFORE" />
<TLINK id="SECTIME135" fromID="E21" fromText="the ulcerations" toID="T0" toText="2009-06-23" type="BEFORE" />
<TLINK id="SECTIME136" fromID="E22" fromText="pain" toID="T0" toText="2009-06-23" type="BEFORE" />
<TLINK id="SECTIME137" fromID="E23" fromText="lower extremity angiography" toID="T0" toText="2009-06-23" type="OVERLAP" />
<TLINK id="SECTIME138" fromID="E24" fromText="his renal failure" toID="T0" toText="2009-06-23" type="BEFORE" />
<TLINK id="SECTIME139" fromID="E25" fromText="the procedure" toID="T0" toText="2009-06-23" type="OVERLAP" />
<TLINK id="SECTIME140" fromID="E27" fromText="showed" toID="T0" toText="2009-06-23" type="BEFORE" />
<TLINK id="SECTIME141" fromID="E26" fromText="peaked T waves" toID="T0" toText="2009-06-23" type="BEFORE" />
</TAGS>
</ClinicalNarrativeTemporalAnnotation>
