<?xml version="1.0" encoding="UTF-8" ?>
<ClinicalNarrativeTemporalAnnotation>
<TEXT><![CDATA[
ADMISSION DATE :
10/19/93
DISCHARGE DATE :
10/25/93
HISTORY OF PRESENT ILLNESS :
Mrs. Dua is a 34 year old white female with an unclear history of hypertension for at least five years .
She was in her usual state of health until around 12:40 on October 19 , when while on the phone , started to have difficulty in talking .
Her speech became slurred , this was followed a few seconds after by weakness and numbness of her arm and leg .
She did not complain of headache , diplopia , or any other neurological symptoms .
She was seen at A Memorial Hospital where her blood pressure was measured at 240/120 and was found to have a mild left hemiparesis .
She was then transferred to Ro Woodma Healthcare for further management .
HOSPITAL COURSE :
Given the localization of the hematoma and the history of hypertension , the most likely cause for Mrs. Dua &apos;s cerebellar hemorrhage is hypertension .
A magnetic resonance imaging study will be scheduled as an outpatient in three months to rule out a small vascular malformation if responsible for the hemorrhage .
At the time of discharge , Mrs. Dua has had a remarkable recovery .
She is now able to walk fitfully and use her left hand with no problem .
The exam is remarkable for a mild leftsided face , arm and leg weakness and sensory deficit that should further improve with physical therapy and occupational therapy help .
She will be followed by the OT / PT dept. for that .
Her hypertension was difficult to manage initially and required three days of Intensive Care Unit with A-line and Nipride intravenously .
It was finally under control with high doses of Captopril , Nifedipine , and hydrochlorothiazide .
The workup to rule out secondary cause of hypertension given the patient &apos;s young age and the difficulty controlling the blood pressure was started as an inpatient and will be completed by Dr. ______________as an outpatient .
So far no secondary causes of hypertension were identified but causes like lymphocytic ? chromocytoma or renal artery stenosis have not been ruled out yet .
]]></TEXT>
<TAGS>
<EVENT id="E0" start="1" end="10" text="ADMISSION" modality="FACTUAL" polarity="POS" type="OCCURRENCE" />
<EVENT id="E22" start="1048" end="1062" text="the hemorrhage" modality="FACTUAL" polarity="POS" type="PROBLEM" />
<EVENT id="E24" start="1109" end="1130" text="a remarkable recovery" modality="FACTUAL" polarity="POS" type="OCCURRENCE" />
<EVENT id="E25" start="1144" end="1165" text="able to walk fitfully" modality="FACTUAL" polarity="POS" type="OCCURRENCE" />
<EVENT id="E26" start="1170" end="1187" text="use her left hand" modality="FACTUAL" polarity="POS" type="OCCURRENCE" />
<EVENT id="E27" start="1196" end="1203" text="problem" modality="FACTUAL" polarity="NEG" type="PROBLEM" />
<EVENT id="E28" start="1206" end="1214" text="The exam" modality="FACTUAL" polarity="POS" type="TEST" />
<EVENT id="E29" start="1233" end="1254" text="a mild leftsided face" modality="FACTUAL" polarity="POS" type="PROBLEM" />
<EVENT id="E30" start="1257" end="1277" text="arm and leg weakness" modality="FACTUAL" polarity="POS" type="PROBLEM" />
<EVENT id="E31" start="1282" end="1297" text="sensory deficit" modality="FACTUAL" polarity="POS" type="PROBLEM" />
<EVENT id="E32" start="1331" end="1347" text="physical therapy" modality="FACTUAL" polarity="POS" type="TREATMENT" />
<EVENT id="E33" start="1352" end="1372" text="occupational therapy" modality="FACTUAL" polarity="POS" type="TREATMENT" />
<EVENT id="E34" start="1404" end="1415" text="the OT / PT" modality="FACTUAL" polarity="POS" type="CLINICAL_DEPT" />
<EVENT id="E35" start="1433" end="1449" text="Her hypertension" modality="FACTUAL" polarity="POS" type="PROBLEM" />
<EVENT id="E2" start="148" end="160" text="hypertension" modality="FACTUAL" polarity="POS" type="PROBLEM" />
<EVENT id="E36" start="1511" end="1530" text="Intensive Care Unit" modality="FACTUAL" polarity="POS" type="CLINICAL_DEPT" />
<EVENT id="E37" start="1536" end="1542" text="A-line" modality="FACTUAL" polarity="POS" type="TREATMENT" />
<EVENT id="E38" start="1547" end="1568" text="Nipride intravenously" modality="FACTUAL" polarity="POS" type="TREATMENT" />
<EVENT id="E39" start="1619" end="1628" text="Captopril" modality="FACTUAL" polarity="POS" type="TREATMENT" />
<EVENT id="E40" start="1631" end="1641" text="Nifedipine" modality="FACTUAL" polarity="POS" type="TREATMENT" />
<EVENT id="E41" start="1648" end="1667" text="hydrochlorothiazide" modality="FACTUAL" polarity="POS" type="TREATMENT" />
<EVENT id="E42" start="1670" end="1680" text="The workup" modality="FACTUAL" polarity="POS" type="TEST" />
<EVENT id="E43" start="1693" end="1708" text="secondary cause" modality="FACTUAL" polarity="POS" type="PROBLEM" />
<EVENT id="E44" start="1712" end="1724" text="hypertension" modality="FACTUAL" polarity="POS" type="PROBLEM" />
<EVENT id="E45" start="1765" end="1810" text="the difficulty controlling the blood pressure" modality="FACTUAL" polarity="POS" type="OCCURRENCE" />
<EVENT id="E46" start="1911" end="1927" text="secondary causes" modality="FACTUAL" polarity="NEG" type="PROBLEM" />
<EVENT id="E47" start="1931" end="1943" text="hypertension" modality="FACTUAL" polarity="POS" type="PROBLEM" />
<EVENT id="E48" start="1976" end="2002" text="lymphocytic ? chromocytoma" modality="POSSIBLE" polarity="POS" type="PROBLEM" />
<EVENT id="E49" start="2006" end="2027" text="renal artery stenosis" modality="POSSIBLE" polarity="POS" type="PROBLEM" />
<EVENT id="E3" start="198" end="223" text="her usual state of health" modality="FACTUAL" polarity="POS" type="OCCURRENCE" />
<EVENT id="E1" start="27" end="36" text="DISCHARGE" modality="FACTUAL" polarity="POS" type="OCCURRENCE" />
<EVENT id="E4" start="301" end="322" text="difficulty in talking" modality="FACTUAL" polarity="POS" type="PROBLEM" />
<EVENT id="E5" start="343" end="350" text="slurred" modality="FACTUAL" polarity="POS" type="PROBLEM" />
<EVENT id="E6" start="394" end="434" text="weakness and numbness of her arm and leg" modality="FACTUAL" polarity="POS" type="PROBLEM" />
<EVENT id="E7" start="461" end="469" text="headache" modality="FACTUAL" polarity="NEG" type="PROBLEM" />
<EVENT id="E8" start="472" end="480" text="diplopia" modality="FACTUAL" polarity="NEG" type="PROBLEM" />
<EVENT id="E9" start="486" end="517" text="any other neurological symptoms" modality="FACTUAL" polarity="NEG" type="PROBLEM" />
<EVENT id="E10" start="536" end="555" text="A Memorial Hospital" modality="FACTUAL" polarity="POS" type="CLINICAL_DEPT" />
<EVENT id="E11" start="562" end="580" text="her blood pressure" modality="FACTUAL" polarity="POS" type="TEST" />
<EVENT id="E12" start="627" end="650" text="a mild left hemiparesis" modality="FACTUAL" polarity="POS" type="PROBLEM" />
<EVENT id="E13" start="666" end="677" text="transferred" modality="FACTUAL" polarity="POS" type="OCCURRENCE" />
<EVENT id="E14" start="681" end="701" text="Ro Woodma Healthcare" modality="FACTUAL" polarity="POS" type="CLINICAL_DEPT" />
<EVENT id="E15" start="706" end="724" text="further management" modality="FACTUAL" polarity="POS" type="TREATMENT" />
<EVENT id="E16" start="771" end="783" text="the hematoma" modality="FACTUAL" polarity="POS" type="PROBLEM" />
<EVENT id="E17" start="803" end="815" text="hypertension" modality="FACTUAL" polarity="POS" type="PROBLEM" />
<EVENT id="E18" start="861" end="882" text="cerebellar hemorrhage" modality="FACTUAL" polarity="POS" type="PROBLEM" />
<EVENT id="E19" start="886" end="898" text="hypertension" modality="FACTUAL" polarity="POS" type="PROBLEM" />
<EVENT id="E20" start="901" end="935" text="A magnetic resonance imaging study" modality="FACTUAL" polarity="POS" type="TEST" />
<EVENT id="E21" start="999" end="1028" text="a small vascular malformation" modality="FACTUAL" polarity="POS" type="PROBLEM" />
<TIMEX3 id="T6" start="1068" end="1076" text="the time" type="DATE" val="1993-10-25" mod="NA" />
<TIMEX3 id="T7" start="1497" end="1507" text="three days" type="DURATION" val="P3D" mod="NA" />
<TIMEX3 id="T2" start="174" end="184" text="five years" type="DURATION" val="P5Y" mod="NA" />
<TIMEX3 id="T0" start="18" end="26" text="10/19/93" type="DATE" val="1993-10-19" mod="NA" />
<TIMEX3 id="T3" start="237" end="256" text="12:40 on October 19" type="TIME" val="1993-10-19T12:40" mod="NA" />
<TIMEX3 id="T4" start="371" end="384" text="a few seconds" type="DURATION" val="P5S" mod="APPROX" />
<TIMEX3 id="T1" start="44" end="52" text="10/25/93" type="DATE" val="1993-10-25" mod="NA" />
<TIMEX3 id="T5" start="974" end="986" text="three months" type="DATE" val="1994-01-25" mod="APPROX" />
<TLINK id="TL0" fromID="E0" fromText="ADMISSION" toID="T0" toText="10/19/93" type="SIMULTANEOUS" />
<TLINK id="TL1" fromID="E2" fromText="hypertension" toID="E0" toText="ADMISSION" type="BEFORE_OVERLAP" />
<TLINK id="TL10" fromID="T3" fromText="12:40 on October 19" toID="E4" toText="difficulty in talking" type="SIMULTANEOUS" />
<TLINK id="TL11" fromID="T4" fromText="a few seconds" toID="E5" toText="slurred" type="BEGUN_BY" />
<TLINK id="TL12" fromID="T2" fromText="five years" toID="E0" toText="ADMISSION" type="ENDED_BY" />
<TLINK id="TL13" fromID="E6" fromText="weakness and numbness of her arm and leg" toID="T4" toText="a few seconds" type="BEGUN_BY" />
<TLINK id="TL14" fromID="E7" fromText="headache" toID="E8" toText="diplopia" type="OVERLAP" />
<TLINK id="TL15" fromID="E8" fromText="diplopia" toID="E9" toText="any other neurological symptoms" type="OVERLAP" />
<TLINK id="TL16" fromID="E10" fromText="A Memorial Hospital" toID="T3" toText="12:40 on October 19" type="AFTER" />
<TLINK id="TL17" fromID="E11" fromText="her blood pressure" toID="E10" toText="A Memorial Hospital" type="DURING" />
<TLINK id="TL18" fromID="E12" fromText="a mild left hemiparesis" toID="E10" toText="A Memorial Hospital" type="BEFORE_OVERLAP" />
<TLINK id="TL19" fromID="E10" fromText="A Memorial Hospital" toID="E13" toText="transferred" type="ENDED_BY" />
<TLINK id="TL2" fromID="E2" fromText="hypertension" toID="T0" toText="10/19/93" type="BEFORE_OVERLAP" />
<TLINK id="TL20" fromID="E15" fromText="further management" toID="E14" toText="Ro Woodma Healthcare" type="DURING" />
<TLINK id="TL21" fromID="E16" fromText="the hematoma" toID="E18" toText="cerebellar hemorrhage" type="simultaneous" />
<TLINK id="TL22" fromID="E16" fromText="the hematoma" toID="E17" toText="hypertension" type="AFTER" />
<TLINK id="TL23" fromID="E18" fromText="cerebellar hemorrhage" toID="E19" toText="hypertension" type="AFTER" />
<TLINK id="TL24" fromID="E20" fromText="A magnetic resonance imaging study" toID="T5" toText="three months" type="OVERLAP" />
<TLINK id="TL25" fromID="E21" fromText="a small vascular malformation" toID="E20" toText="A magnetic resonance imaging study" type="BEFORE_OVERLAP" />
<TLINK id="TL26" fromID="E18" fromText="cerebellar hemorrhage" toID="E22" toText="the hemorrhage" type="simultaneous" />
<TLINK id="TL27" fromID="E21" fromText="a small vascular malformation" toID="E22" toText="the hemorrhage" type="OVERLAP" />
<TLINK id="TL28" fromID="E24" fromText="a remarkable recovery" toID="T6" toText="the time" type="OVERLAP" />
<TLINK id="TL29" fromID="E25" fromText="able to walk fitfully" toID="T6" toText="the time" type="OVERLAP" />
<TLINK id="TL3" fromID="E2" fromText="hypertension" toID="T2" toText="five years" type="DURING" />
<TLINK id="TL30" fromID="E26" fromText="use her left hand" toID="T6" toText="the time" type="OVERLAP" />
<TLINK id="TL31" fromID="E26" fromText="use her left hand" toID="E27" toText="problem" type="OVERLAP" />
<TLINK id="TL32" fromID="E29" fromText="a mild leftsided face" toID="E28" toText="The exam" type="BEFORE_OVERLAP" />
<TLINK id="TL33" fromID="E30" fromText="arm and leg weakness" toID="E28" toText="The exam" type="BEFORE_OVERLAP" />
<TLINK id="TL34" fromID="E31" fromText="sensory deficit" toID="E28" toText="The exam" type="BEFORE_OVERLAP" />
<TLINK id="TL35" fromID="E32" fromText="physical therapy" toID="E31" toText="sensory deficit" type="AFTER" />
<TLINK id="TL36" fromID="E32" fromText="physical therapy" toID="E33" toText="occupational therapy" type="OVERLAP" />
<TLINK id="TL37" fromID="E34" fromText="the OT / PT" toID="E33" toText="occupational therapy" type="SIMULTANEOUS" />
<TLINK id="TL38" fromID="E34" fromText="the OT / PT" toID="E32" toText="physical therapy" type="SIMULTANEOUS" />
<TLINK id="TL39" fromID="T7" fromText="three days" toID="E35" toText="Her hypertension" type="" />
<TLINK id="TL4" fromID="E2" fromText="hypertension" toID="E17" toText="hypertension" type="simultaneous" />
<TLINK id="TL40" fromID="E36" fromText="Intensive Care Unit" toID="E37" toText="A-line" type="OVERLAP" />
<TLINK id="TL41" fromID="T7" fromText="three days" toID="E36" toText="Intensive Care Unit" type="OVERLAP" />
<TLINK id="TL42" fromID="E36" fromText="Intensive Care Unit" toID="E38" toText="Nipride intravenously" type="OVERLAP" />
<TLINK id="TL43" fromID="E39" fromText="Captopril" toID="E40" toText="Nifedipine" type="OVERLAP" />
<TLINK id="TL44" fromID="E39" fromText="Captopril" toID="E41" toText="hydrochlorothiazide" type="OVERLAP" />
<TLINK id="TL45" fromID="E35" fromText="Her hypertension" toID="E39" toText="Captopril" type="ENDED_BY" />
<TLINK id="TL46" fromID="E42" fromText="The workup" toID="E43" toText="secondary cause" type="OVERLAP" />
<TLINK id="TL47" fromID="E43" fromText="secondary cause" toID="E44" toText="hypertension" type="OVERLAP" />
<TLINK id="TL48" fromID="E45" fromText="the difficulty controlling the blood pressure" toID="E42" toText="The workup" type="BEFORE_OVERLAP" />
<TLINK id="TL49" fromID="E47" fromText="hypertension" toID="E46" toText="secondary causes" type="OVERLAP" />
<TLINK id="TL5" fromID="E2" fromText="hypertension" toID="E35" toText="Her hypertension" type="SIMULTANEOUS" />
<TLINK id="TL50" fromID="E48" fromText="lymphocytic ? chromocytoma" toID="E46" toText="secondary causes" type="OVERLAP" />
<TLINK id="TL51" fromID="E49" fromText="renal artery stenosis" toID="E46" toText="secondary causes" type="OVERLAP" />
<TLINK id="TL6" fromID="E44" fromText="hypertension" toID="E2" toText="hypertension" type="SIMULTANEOUS" />
<TLINK id="TL7" fromID="E2" fromText="hypertension" toID="E47" toText="hypertension" type="SIMULTANEOUS" />
<TLINK id="TL8" fromID="E19" fromText="hypertension" toID="E2" toText="hypertension" type="SIMULTANEOUS" />
<TLINK id="TL9" fromID="E3" fromText="her usual state of health" toID="T3" toText="12:40 on October 19" type="ENDED_BY" />
<TLINK id="Sectime0" fromID="E22" fromText="the hemorrhage" toID="T1" toText="10/25/93" type="BEFORE" />
<TLINK id="Sectime1" fromID="E24" fromText="a remarkable recovery" toID="T1" toText="10/25/93" type="OVERLAP" />
<TLINK id="Sectime2" fromID="E25" fromText="able to walk fitfully" toID="T1" toText="10/25/93" type="BEFORE" />
<TLINK id="Sectime3" fromID="E26" fromText="use her left hand" toID="T1" toText="10/25/93" type="BEFORE" />
<TLINK id="Sectime4" fromID="E27" fromText="problem" toID="T1" toText="10/25/93" type="BEFORE" />
<TLINK id="Sectime5" fromID="E28" fromText="The exam" toID="T1" toText="10/25/93" type="BEFORE" />
<TLINK id="Sectime6" fromID="E29" fromText="a mild leftsided face" toID="T1" toText="10/25/93" type="BEFORE_OVERLAP" />
<TLINK id="Sectime7" fromID="E30" fromText="arm and leg weakness" toID="T1" toText="10/25/93" type="BEFORE_OVERLAP" />
<TLINK id="Sectime8" fromID="E31" fromText="sensory deficit" toID="T1" toText="10/25/93" type="BEFORE_OVERLAP" />
<TLINK id="Sectime9" fromID="E32" fromText="physical therapy" toID="T1" toText="10/25/93" type="AFTER" />
<TLINK id="Sectime10" fromID="E33" fromText="occupational therapy" toID="T1" toText="10/25/93" type="AFTER" />
<TLINK id="Sectime11" fromID="E34" fromText="the OT / PT" toID="T1" toText="10/25/93" type="AFTER" />
<TLINK id="Sectime12" fromID="E35" fromText="Her hypertension" toID="T1" toText="10/25/93" type="BEFORE_OVERLAP" />
<TLINK id="Sectime13" fromID="E36" fromText="Intensive Care Unit" toID="T1" toText="10/25/93" type="BEFORE" />
<TLINK id="Sectime14" fromID="E37" fromText="A-line" toID="T1" toText="10/25/93" type="BEFORE" />
<TLINK id="Sectime15" fromID="E38" fromText="Nipride intravenously" toID="T1" toText="10/25/93" type="BEFORE" />
<TLINK id="Sectime16" fromID="E39" fromText="Captopril" toID="T1" toText="10/25/93" type="BEFORE" />
<TLINK id="Sectime17" fromID="E40" fromText="Nifedipine" toID="T1" toText="10/25/93" type="BEFORE" />
<TLINK id="Sectime18" fromID="E41" fromText="hydrochlorothiazide" toID="T1" toText="10/25/93" type="BEFORE" />
<TLINK id="Sectime19" fromID="E42" fromText="The workup" toID="T1" toText="10/25/93" type="BEFORE" />
<TLINK id="Sectime20" fromID="E43" fromText="secondary cause" toID="T1" toText="10/25/93" type="BEFORE_OVERLAP" />
<TLINK id="Sectime21" fromID="E44" fromText="hypertension" toID="T1" toText="10/25/93" type="BEFORE_OVERLAP" />
<TLINK id="Sectime22" fromID="E45" fromText="the difficulty controlling the blood pressure" toID="T1" toText="10/25/93" type="BEFORE" />
<TLINK id="Sectime23" fromID="E46" fromText="secondary causes" toID="T1" toText="10/25/93" type="BEFORE_OVERLAP" />
<TLINK id="Sectime24" fromID="E47" fromText="hypertension" toID="T1" toText="10/25/93" type="BEFORE_OVERLAP" />
<TLINK id="Sectime25" fromID="E48" fromText="lymphocytic ? chromocytoma" toID="T1" toText="10/25/93" type="BEFORE_OVERLAP" />
<TLINK id="Sectime26" fromID="E49" fromText="renal artery stenosis" toID="T1" toText="10/25/93" type="BEFORE_OVERLAP" />
<TLINK id="Sectime1" fromID="E3" fromText="her usual state of health" toID="T0" toText="10/19/93" type="BEFORE" />
<TLINK id="Sectime2" fromID="E4" fromText="difficulty in talking" toID="T0" toText="10/19/93" type="BEFORE" />
<TLINK id="Sectime3" fromID="E5" fromText="slurred" toID="T0" toText="10/19/93" type="BEFORE" />
<TLINK id="Sectime4" fromID="E6" fromText="weakness and numbness of her arm and leg" toID="T0" toText="10/19/93" type="BEFORE" />
<TLINK id="Sectime5" fromID="E7" fromText="headache" toID="T0" toText="10/19/93" type="BEFORE" />
<TLINK id="Sectime6" fromID="E8" fromText="diplopia" toID="T0" toText="10/19/93" type="BEFORE" />
<TLINK id="Sectime7" fromID="E9" fromText="any other neurological symptoms" toID="T0" toText="10/19/93" type="BEFORE" />
<TLINK id="Sectime8" fromID="E10" fromText="A Memorial Hospital" toID="T0" toText="10/19/93" type="BEFORE" />
<TLINK id="Sectime9" fromID="E11" fromText="her blood pressure" toID="T0" toText="10/19/93" type="BEFORE" />
<TLINK id="Sectime10" fromID="E12" fromText="a mild left hemiparesis" toID="T0" toText="10/19/93" type="BEFORE" />
<TLINK id="Sectime11" fromID="E13" fromText="transferred" toID="T0" toText="10/19/93" type="BEFORE" />
<TLINK id="Sectime12" fromID="E14" fromText="Ro Woodma Healthcare" toID="T0" toText="10/19/93" type="BEFORE" />
<TLINK id="Sectime13" fromID="E15" fromText="further management" toID="T0" toText="10/19/93" type="BEFORE" />
<TLINK id="Sectime27" fromID="E16" fromText="the hematoma" toID="T1" toText="10/25/93" type="BEFORE" />
<TLINK id="Sectime28" fromID="E17" fromText="hypertension" toID="T1" toText="10/25/93" type="BEFORE_OVERLAP" />
<TLINK id="Sectime29" fromID="E18" fromText="cerebellar hemorrhage" toID="T1" toText="10/25/93" type="BEFORE" />
<TLINK id="Sectime30" fromID="E19" fromText="hypertension" toID="T1" toText="10/25/93" type="BEFORE_OVERLAP" />
<TLINK id="Sectime31" fromID="E20" fromText="A magnetic resonance imaging study" toID="T1" toText="10/25/93" type="AFTER" />
<TLINK id="Sectime32" fromID="E21" fromText="a small vascular malformation" toID="T1" toText="10/25/93" type="OVERLAP" />
<SECTIME id="S0" start="18" end="26" text="10/19/93" type="ADMISSION" dvalue="1993-10-19" />
<SECTIME id="S1" start="44" end="52" text="10/25/93" type="DISCHARGE" dvalue="1993-10-25" />
</TAGS>
</ClinicalNarrativeTemporalAnnotation>