<?xml version="1.0" encoding="UTF-8" ?>
<ClinicalNarrativeTemporalAnnotation>
<TEXT><![CDATA[
Admission Date :
2013-04-25
Discharge Date :
2013-05-11
Service :
CMED CSRU
HISTORY OF PRESENT ILLNESS :
The patient is a 49 year old man who was admitted to the Medical Intensive Care Unit status post cardiac arrest .
History was obtained per the Emergency Department report as well as from the patient 's family .
Information was very limited regarding the circumstances of his cardiac arrest .
Reportedly , the patient was at a local restaurant where he was noted to be unresponsive .
EMS was called and reported to arrive on scene within three minutes .
The patient was asystolic but regained a perfusing rhythm after 2 mg of Epinephrine and 2 mg of Atropine .
He was intubated in the field and brought to the Emergency Department .
He remained unresponsive despite the administration of Narcan .
CT examinations of the head , chest , abdomen and pelvis were all unremarkable .
Initial chest x-ray showed a left retrocardiac opacity and prominent interstitium though his lung volumes were low .
Subsequent chest x-ray showed right main stem intubation with left lung collapse which had corrected with withdrawal of the endotracheal tube .
The patient was then transferred to the Medical Intensive Care Unit for induced hypothermia given his hemodynamic stability , ongoing unresponsiveness and recent out of hospital cardiac arrest .
HOSPITAL COURSE :
Cardiac arrest - His arrest was of unknown etiology at the time of admission .
No further history was ever gained about his cardiac arrest throughout his hospitalization .
CT angiogram had been negative for pulmonary embolism .
The patient had an echocardiogram on 2013-04-26 , which showed a normal ejection fraction and trivial mitral regurgitation ; otherwise no obvious abnormalities were seen .
Given the patient had an out of hospital arrest , remained unresponsive despite hemodynamic stability , he was treated with induced hypothermia and with cold packs and a cooling blanket were placed with goals of reducing his core body temperature to 32 degrees Celsius for a period of twelve hours at which point he would be rewarmed over the subsequent six hours .
This was done , however , as in problem number two below , we were not successful in any neurologic recovery .
Neurology - The patient remained unresponsive after the induced hypothermia , the patient was noticed to develop myoclonic jerks and occasional fluttering of his eyelids .
Electroencephalogram revealed the patient was experiencing persistent seizure activity .
Neurology was consulted and the patient was treated very aggressively , loaded with multiple drugs , including Ativan and Propofol drips .
The patient continued to demonstrate seizure activity despite this .
He was loaded with Dilantin and ultimately was treated with a Pentobarb coma .
After multiple attempts of weaning the Pentobarb , the patient was continually reverting to status epilepticus which was never able to be suppressed .
Infectious disease - Over the course of his hospital stay , the patient 's white blood cell count rose to a peak of 17 .
Multiple cultures were done and the patient was ultimately found to have methicillin resistant Staphylococcus aureus bacteremia , pneumonia , and urinary tract infection .
For all these infections , the patient was treated with Vancomycin and he was also on Levofloxacin and Flagyl for presumed aspiration pneumonia at the time of his admission .
Blood cultures cleared by 2013-05-03 .
Sputum culture as late as 2013-05-10 , however was still positive for coagulase positive Staphylococcus which was methicillin resistant Staphylococcus aureus .
The patient remained gravely ill throughout his hospital stay and had multiple meetings were held with his family with his son being his next of kin .
Ultimately it was decided that the patient 's wishes would be to not be maintained in a vegetative state and given his poor prognosis ultimately the decision was made to pursue comfort measures only .
With these goals of care , the patient expired on 2013-05-11 .
The family did consent to a postmortem examination .
]]></TEXT>
<TAGS>
<EVENT id="E60" start="1" end="10" text="Admission" modality="FACTUAL" polarity="POS" type="OCCURRENCE" />
<EVENT id="E71" start="1023" end="1029" text="showed" modality="FACTUAL" polarity="POS" type="EVIDENTIAL" />
<EVENT id="E13" start="1030" end="1056" text="right main stem intubation" modality="FACTUAL" polarity="POS" type="TREATMENT" />
<EVENT id="E14" start="1062" end="1080" text="left lung collapse" modality="FACTUAL" polarity="POS" type="PROBLEM" />
<EVENT id="E15" start="1106" end="1141" text="withdrawal of the endotracheal tube" modality="FACTUAL" polarity="POS" type="TREATMENT" />
<EVENT id="E72" start="1165" end="1176" text="transferred" modality="FACTUAL" polarity="POS" type="OCCURRENCE" />
<EVENT id="E73" start="1180" end="1211" text="the Medical Intensive Care Unit" modality="FACTUAL" polarity="POS" type="CLINICAL_DEPT" />
<EVENT id="E74" start="1216" end="1235" text="induced hypothermia" modality="FACTUAL" polarity="POS" type="TREATMENT" />
<EVENT id="E75" start="1242" end="1267" text="his hemodynamic stability" modality="FACTUAL" polarity="POS" type="OCCURRENCE" />
<EVENT id="E76" start="1270" end="1294" text="ongoing unresponsiveness" modality="FACTUAL" polarity="POS" type="PROBLEM" />
<EVENT id="E16" start="1299" end="1336" text="recent out of hospital cardiac arrest" modality="FACTUAL" polarity="POS" type="PROBLEM" />
<EVENT id="E17" start="1357" end="1371" text="Cardiac arrest" modality="FACTUAL" polarity="POS" type="PROBLEM" />
<EVENT id="E18" start="1374" end="1384" text="His arrest" modality="FACTUAL" polarity="POS" type="PROBLEM" />
<EVENT id="E97" start="1424" end="1433" text="admission" modality="FACTUAL" polarity="POS" type="OCCURRENCE" />
<EVENT id="E0" start="147" end="155" text="admitted" modality="FACTUAL" polarity="POS" type="OCCURRENCE" />
<EVENT id="E19" start="1477" end="1495" text="his cardiac arrest" modality="FACTUAL" polarity="POS" type="PROBLEM" />
<EVENT id="E77" start="1507" end="1526" text="his hospitalization" modality="FACTUAL" polarity="POS" type="OCCURRENCE" />
<EVENT id="E20" start="1529" end="1541" text="CT angiogram" modality="FACTUAL" polarity="POS" type="TEST" />
<EVENT id="E21" start="1564" end="1582" text="pulmonary embolism" modality="FACTUAL" polarity="NEG" type="PROBLEM" />
<EVENT id="E63" start="159" end="190" text="the Medical Intensive Care Unit" modality="FACTUAL" polarity="POS" type="CLINICAL_DEPT" />
<EVENT id="E22" start="1601" end="1618" text="an echocardiogram" modality="FACTUAL" polarity="POS" type="TEST" />
<EVENT id="E78" start="1641" end="1647" text="showed" modality="FACTUAL" polarity="POS" type="EVIDENTIAL" />
<EVENT id="E79" start="1657" end="1674" text="ejection fraction" modality="FACTUAL" polarity="POS" type="TEST" />
<EVENT id="E23" start="1679" end="1707" text="trivial mitral regurgitation" modality="FACTUAL" polarity="POS" type="PROBLEM" />
<EVENT id="E24" start="1723" end="1744" text="obvious abnormalities" modality="FACTUAL" polarity="NEG" type="PROBLEM" />
<EVENT id="E25" start="1779" end="1804" text="an out of hospital arrest" modality="FACTUAL" polarity="POS" type="PROBLEM" />
<EVENT id="E26" start="1816" end="1828" text="unresponsive" modality="FACTUAL" polarity="POS" type="PROBLEM" />
<EVENT id="E80" start="1837" end="1858" text="hemodynamic stability" modality="FACTUAL" polarity="POS" type="OCCURRENCE" />
<EVENT id="E27" start="1881" end="1900" text="induced hypothermia" modality="FACTUAL" polarity="POS" type="TREATMENT" />
<EVENT id="E28" start="1910" end="1920" text="cold packs" modality="FACTUAL" polarity="POS" type="TREATMENT" />
<EVENT id="E29" start="1925" end="1942" text="a cooling blanket" modality="FACTUAL" polarity="POS" type="TREATMENT" />
<EVENT id="E30" start="1978" end="2003" text="his core body temperature" modality="FACTUAL" polarity="POS" type="TEST" />
<EVENT id="E1" start="203" end="217" text="cardiac arrest" modality="FACTUAL" polarity="POS" type="PROBLEM" />
<EVENT id="E82" start="2082" end="2090" text="rewarmed" modality="FACTUAL" polarity="POS" type="TREATMENT" />
<EVENT id="E83" start="2212" end="2231" text="neurologic recovery" modality="FACTUAL" polarity="NEG" type="OCCURRENCE" />
<EVENT id="E31" start="2267" end="2279" text="unresponsive" modality="FACTUAL" polarity="POS" type="PROBLEM" />
<EVENT id="E32" start="2286" end="2309" text="the induced hypothermia" modality="FACTUAL" polarity="POS" type="TREATMENT" />
<EVENT id="E33" start="2347" end="2362" text="myoclonic jerks" modality="FACTUAL" polarity="POS" type="PROBLEM" />
<EVENT id="E84" start="2378" end="2403" text="fluttering of his eyelids" modality="FACTUAL" polarity="POS" type="PROBLEM" />
<EVENT id="E34" start="2406" end="2426" text="Electroencephalogram" modality="FACTUAL" polarity="POS" type="TEST" />
<EVENT id="E85" start="2427" end="2435" text="revealed" modality="FACTUAL" polarity="POS" type="EVIDENTIAL" />
<EVENT id="E35" start="2465" end="2492" text="persistent seizure activity" modality="FACTUAL" polarity="POS" type="PROBLEM" />
<EVENT id="E86" start="2509" end="2518" text="consulted" modality="FACTUAL" polarity="POS" type="OCCURRENCE" />
<EVENT id="E36" start="2579" end="2593" text="multiple drugs" modality="FACTUAL" polarity="POS" type="TREATMENT" />
<EVENT id="E37" start="2606" end="2612" text="Ativan" modality="FACTUAL" polarity="POS" type="TREATMENT" />
<EVENT id="E38" start="2617" end="2631" text="Propofol drips" modality="FACTUAL" polarity="POS" type="TREATMENT" />
<EVENT id="E39" start="2671" end="2687" text="seizure activity" modality="FACTUAL" polarity="POS" type="PROBLEM" />
<EVENT id="E40" start="2722" end="2730" text="Dilantin" modality="FACTUAL" polarity="POS" type="TREATMENT" />
<EVENT id="E41" start="2763" end="2779" text="a Pentobarb coma" modality="FACTUAL" polarity="POS" type="TREATMENT" />
<EVENT id="E87" start="2809" end="2816" text="weaning" modality="FACTUAL" polarity="POS" type="TREATMENT" />
<EVENT id="E42" start="2817" end="2830" text="the Pentobarb" modality="FACTUAL" polarity="POS" type="TREATMENT" />
<EVENT id="E43" start="2874" end="2892" text="status epilepticus" modality="FACTUAL" polarity="POS" type="PROBLEM" />
<EVENT id="E61" start="29" end="38" text="Discharge" modality="FACTUAL" polarity="POS" type="OCCURRENCE" />
<EVENT id="E88" start="2959" end="2990" text="the course of his hospital stay" modality="FACTUAL" polarity="POS" type="OCCURRENCE" />
<EVENT id="E44" start="2993" end="3030" text="the patient 's white blood cell count" modality="FACTUAL" polarity="POS" type="TEST" />
<EVENT id="E45" start="3054" end="3071" text="Multiple cultures" modality="FACTUAL" polarity="POS" type="TEST" />
<EVENT id="E46" start="3127" end="3181" text="methicillin resistant Staphylococcus aureus bacteremia" modality="FACTUAL" polarity="POS" type="PROBLEM" />
<EVENT id="E47" start="3184" end="3193" text="pneumonia" modality="FACTUAL" polarity="POS" type="PROBLEM" />
<EVENT id="E48" start="3200" end="3223" text="urinary tract infection" modality="FACTUAL" polarity="POS" type="PROBLEM" />
<EVENT id="E49" start="3234" end="3250" text="these infections" modality="FACTUAL" polarity="POS" type="PROBLEM" />
<EVENT id="E50" start="3282" end="3292" text="Vancomycin" modality="FACTUAL" polarity="POS" type="TREATMENT" />
<EVENT id="E51" start="3312" end="3324" text="Levofloxacin" modality="FACTUAL" polarity="POS" type="TREATMENT" />
<EVENT id="E52" start="3329" end="3335" text="Flagyl" modality="FACTUAL" polarity="POS" type="TREATMENT" />
<EVENT id="E53" start="3349" end="3369" text="aspiration pneumonia" modality="POSSIBLE" polarity="POS" type="PROBLEM" />
<EVENT id="E89" start="3385" end="3398" text="his admission" modality="FACTUAL" polarity="POS" type="OCCURRENCE" />
<EVENT id="E54" start="3401" end="3415" text="Blood cultures" modality="FACTUAL" polarity="POS" type="TEST" />
<EVENT id="E90" start="3416" end="3423" text="cleared" modality="FACTUAL" polarity="POS" type="OCCURRENCE" />
<EVENT id="E55" start="3440" end="3454" text="Sputum culture" modality="FACTUAL" polarity="POS" type="TEST" />
<EVENT id="E56" start="3510" end="3543" text="coagulase positive Staphylococcus" modality="FACTUAL" polarity="POS" type="PROBLEM" />
<EVENT id="E57" start="3554" end="3597" text="methicillin resistant Staphylococcus aureus" modality="FACTUAL" polarity="POS" type="PROBLEM" />
<EVENT id="E58" start="3621" end="3632" text="gravely ill" modality="FACTUAL" polarity="POS" type="PROBLEM" />
<EVENT id="E91" start="3644" end="3661" text="his hospital stay" modality="FACTUAL" polarity="POS" type="OCCURRENCE" />
<EVENT id="E92" start="3670" end="3687" text="multiple meetings" modality="FACTUAL" polarity="POS" type="OCCURRENCE" />
<EVENT id="E2" start="377" end="395" text="his cardiac arrest" modality="FACTUAL" polarity="POS" type="PROBLEM" />
<EVENT id="E98" start="3769" end="3776" text="decided" modality="FACTUAL" polarity="POS" type="OCCURRENCE" />
<EVENT id="E93" start="3866" end="3884" text="his poor prognosis" modality="FACTUAL" polarity="POS" type="OCCURRENCE" />
<EVENT id="E59" start="3928" end="3944" text="comfort measures" modality="FACTUAL" polarity="POS" type="TREATMENT" />
<EVENT id="E62" start="3991" end="3998" text="expired" modality="FACTUAL" polarity="POS" type="OCCURRENCE" />
<EVENT id="E94" start="4041" end="4065" text="a postmortem examination" modality="FACTUAL" polarity="POS" type="TEST" />
<EVENT id="E3" start="474" end="486" text="unresponsive" modality="FACTUAL" polarity="POS" type="PROBLEM" />
<EVENT id="E95" start="497" end="503" text="called" modality="FACTUAL" polarity="POS" type="OCCURRENCE" />
<EVENT id="E96" start="520" end="526" text="arrive" modality="FACTUAL" polarity="POS" type="OCCURRENCE" />
<EVENT id="E4" start="575" end="584" text="asystolic" modality="FACTUAL" polarity="POS" type="PROBLEM" />
<EVENT id="E64" start="598" end="616" text="a perfusing rhythm" modality="FACTUAL" polarity="POS" type="OCCURRENCE" />
<EVENT id="E5" start="631" end="642" text="Epinephrine" modality="FACTUAL" polarity="POS" type="TREATMENT" />
<EVENT id="E6" start="655" end="663" text="Atropine" modality="FACTUAL" polarity="POS" type="TREATMENT" />
<EVENT id="E65" start="673" end="682" text="intubated" modality="FACTUAL" polarity="POS" type="TREATMENT" />
<EVENT id="E66" start="711" end="735" text="the Emergency Department" modality="FACTUAL" polarity="POS" type="CLINICAL_DEPT" />
<EVENT id="E67" start="750" end="762" text="unresponsive" modality="FACTUAL" polarity="POS" type="PROBLEM" />
<EVENT id="E7" start="793" end="799" text="Narcan" modality="FACTUAL" polarity="POS" type="TREATMENT" />
<EVENT id="E8" start="802" end="858" text="CT examinations of the head , chest , abdomen and pelvis" modality="FACTUAL" polarity="POS" type="TEST" />
<EVENT id="E9" start="883" end="902" text="Initial chest x-ray" modality="FACTUAL" polarity="POS" type="TEST" />
<EVENT id="E68" start="903" end="909" text="showed" modality="FACTUAL" polarity="POS" type="EVIDENTIAL" />
<EVENT id="E10" start="910" end="937" text="a left retrocardiac opacity" modality="FACTUAL" polarity="POS" type="PROBLEM" />
<EVENT id="E11" start="942" end="964" text="prominent interstitium" modality="FACTUAL" polarity="POS" type="PROBLEM" />
<EVENT id="E69" start="972" end="988" text="his lung volumes" modality="FACTUAL" polarity="POS" type="TEST" />
<EVENT id="E70" start="994" end="997" text="low" modality="FACTUAL" polarity="POS" type="PROBLEM" />
<EVENT id="E12" start="1000" end="1022" text="Subsequent chest x-ray" modality="FACTUAL" polarity="POS" type="TEST" />
<TIMEX3 id="T3" start="1622" end="1632" text="2013-04-26" type="DATE" val="2013-04-26" mod="NA" />
<TIMEX3 id="T1" start="18" end="28" text="2013-04-25" type="DATE" val="2013-04-25" mod="NA" />
<TIMEX3 id="T6" start="2042" end="2054" text="twelve hours" type="DURATION" val="PT12H" mod="NA" />
<TIMEX3 id="T7" start="2111" end="2120" text="six hours" type="DURATION" val="PT6H" mod="NA" />
<TIMEX3 id="T4" start="3427" end="3437" text="2013-05-03" type="DATE" val="2013-05-03" mod="NA" />
<TIMEX3 id="T5" start="3466" end="3476" text="2013-05-10" type="DATE" val="2013-05-10" mod="NA" />
<TIMEX3 id="T8" start="4002" end="4012" text="2013-05-11" type="DATE" val="2013-05-11" mod="NA" />
<TIMEX3 id="T2" start="46" end="56" text="2013-05-11" type="DATE" val="2013-05-11" mod="NA" />
<TIMEX3 id="T0" start="543" end="556" text="three minutes" type="DURATION" val="PT3M" mod="NA" />
<TLINK id="TL0" fromID="E60" fromText="Admission" toID="T1" toText="2013-04-25" type="SIMULTANEOUS" />
<TLINK id="TL1" fromID="E1" fromText="cardiac arrest" toID="E2" toText="his cardiac arrest" type="simultaneous" />
<TLINK id="TL10" fromID="E5" fromText="Epinephrine" toID="E6" toText="Atropine" type="OVERLAP" />
<TLINK id="TL100" fromID="E87" fromText="weaning" toID="E42" toText="the Pentobarb" type="OVERLAP" />
<TLINK id="TL101" fromID="E43" fromText="status epilepticus" toID="E87" toText="weaning" type="SIMULTANEOUS" />
<TLINK id="TL102" fromID="E44" fromText="the patient 's white blood cell count" toID="E88" toText="the course of his hospital stay" type="DURING" />
<TLINK id="TL103" fromID="E45" fromText="Multiple cultures" toID="E44" toText="the patient 's white blood cell count" type="OVERLAP" />
<TLINK id="TL104" fromID="E46" fromText="methicillin resistant Staphylococcus aureus bacteremia" toID="E45" toText="Multiple cultures" type="BEFORE_OVERLAP" />
<TLINK id="TL105" fromID="E47" fromText="pneumonia" toID="E45" toText="Multiple cultures" type="BEFORE_OVERLAP" />
<TLINK id="TL106" fromID="E48" fromText="urinary tract infection" toID="E45" toText="Multiple cultures" type="BEFORE_OVERLAP" />
<TLINK id="TL107" fromID="E49" fromText="these infections" toID="E46" toText="methicillin resistant Staphylococcus aureus bacteremia" type="SIMULTANEOUS" />
<TLINK id="TL108" fromID="E50" fromText="Vancomycin" toID="E45" toText="Multiple cultures" type="AFTER" />
<TLINK id="TL109" fromID="E50" fromText="Vancomycin" toID="E49" toText="these infections" type="OVERLAP" />
<TLINK id="TL11" fromID="E14" fromText="left lung collapse" toID="E15" toText="withdrawal of the endotracheal tube" type="ENDED_BY" />
<TLINK id="TL110" fromID="E50" fromText="Vancomycin" toID="E51" toText="Levofloxacin" type="OVERLAP" />
<TLINK id="TL111" fromID="E89" fromText="his admission" toID="E60" toText="Admission" type="SIMULTANEOUS" />
<TLINK id="TL112" fromID="E54" fromText="Blood cultures" toID="E45" toText="Multiple cultures" type="AFTER" />
<TLINK id="TL113" fromID="E46" fromText="methicillin resistant Staphylococcus aureus bacteremia" toID="E90" toText="cleared" type="ENDED_BY" />
<TLINK id="TL114" fromID="E90" fromText="cleared" toID="T4" toText="2013-05-03" type="SIMULTANEOUS" />
<TLINK id="TL115" fromID="E55" fromText="Sputum culture" toID="T5" toText="2013-05-10" type="SIMULTANEOUS" />
<TLINK id="TL116" fromID="E58" fromText="gravely ill" toID="E91" toText="his hospital stay" type="BEFORE_OVERLAP" />
<TLINK id="TL117" fromID="E92" fromText="multiple meetings" toID="E91" toText="his hospital stay" type="DURING" />
<TLINK id="TL118" fromID="E93" fromText="his poor prognosis" toID="E58" toText="gravely ill" type="OVERLAP" />
<TLINK id="TL119" fromID="E98" fromText="decided" toID="E92" toText="multiple meetings" type="AFTER" />
<TLINK id="TL12" fromID="E46" fromText="methicillin resistant Staphylococcus aureus bacteremia" toID="E47" toText="pneumonia" type="OVERLAP" />
<TLINK id="TL120" fromID="E59" fromText="comfort measures" toID="E98" toText="decided" type="BEGUN_BY" />
<TLINK id="TL121" fromID="E62" fromText="expired" toID="T8" toText="2013-05-11" type="SIMULTANEOUS" />
<TLINK id="TL122" fromID="E94" fromText="a postmortem examination" toID="E62" toText="expired" type="AFTER" />
<TLINK id="TL13" fromID="E47" fromText="pneumonia" toID="E48" toText="urinary tract infection" type="OVERLAP" />
<TLINK id="TL14" fromID="E51" fromText="Levofloxacin" toID="E52" toText="Flagyl" type="OVERLAP" />
<TLINK id="TL15" fromID="E56" fromText="coagulase positive Staphylococcus" toID="E57" toText="methicillin resistant Staphylococcus aureus" type="SIMULTANEOUS" />
<TLINK id="TL16" fromID="E61" fromText="Discharge" toID="T2" toText="2013-05-11" type="SIMULTANEOUS" />
<TLINK id="TL17" fromID="E60" fromText="Admission" toID="E0" toText="admitted" type="SIMULTANEOUS" />
<TLINK id="TL18" fromID="E63" fromText="the Medical Intensive Care Unit" toID="E73" toText="the Medical Intensive Care Unit" type="SIMULTANEOUS" />
<TLINK id="TL19" fromID="E63" fromText="the Medical Intensive Care Unit" toID="E0" toText="admitted" type="BEGUN_BY" />
<TLINK id="TL2" fromID="E47" fromText="pneumonia" toID="E53" toText="aspiration pneumonia" type="simultaneous" />
<TLINK id="TL20" fromID="E63" fromText="the Medical Intensive Care Unit" toID="E61" toText="Discharge" type="ENDED_BY" />
<TLINK id="TL21" fromID="E3" fromText="unresponsive" toID="E2" toText="his cardiac arrest" type="OVERLAP" />
<TLINK id="TL22" fromID="T0" fromText="three minutes" toID="E95" toText="called" type="BEGUN_BY" />
<TLINK id="TL24" fromID="E95" fromText="called" toID="E2" toText="his cardiac arrest" type="AFTER" />
<TLINK id="TL25" fromID="T0" fromText="three minutes" toID="E96" toText="arrive" type="ENDED_BY" />
<TLINK id="TL26" fromID="E4" fromText="asystolic" toID="E3" toText="unresponsive" type="OVERLAP" />
<TLINK id="TL27" fromID="E5" fromText="Epinephrine" toID="E96" toText="arrive" type="AFTER" />
<TLINK id="TL29" fromID="E4" fromText="asystolic" toID="E2" toText="his cardiac arrest" type="BEGUN_BY" />
<TLINK id="TL3" fromID="E35" fromText="persistent seizure activity" toID="E39" toText="seizure activity" type="simultaneous" />
<TLINK id="TL30" fromID="E4" fromText="asystolic" toID="E5" toText="Epinephrine" type="ENDED_BY" />
<TLINK id="TL31" fromID="E64" fromText="a perfusing rhythm" toID="E5" toText="Epinephrine" type="BEGUN_BY" />
<TLINK id="TL33" fromID="E65" fromText="intubated" toID="E96" toText="arrive" type="AFTER" />
<TLINK id="TL34" fromID="E66" fromText="the Emergency Department" toID="E65" toText="intubated" type="AFTER" />
<TLINK id="TL35" fromID="E66" fromText="the Emergency Department" toID="E5" toText="Epinephrine" type="AFTER" />
<TLINK id="TL36" fromID="E67" fromText="unresponsive" toID="E7" toText="Narcan" type="BEFORE_OVERLAP" />
<TLINK id="TL37" fromID="E67" fromText="unresponsive" toID="E3" toText="unresponsive" type="SIMULTANEOUS" />
<TLINK id="TL38" fromID="E8" fromText="CT examinations of the head , chest , abdomen and pelvis" toID="E66" toText="the Emergency Department" type="OVERLAP" />
<TLINK id="TL39" fromID="E9" fromText="Initial chest x-ray" toID="E10" toText="a left retrocardiac opacity" type="OVERLAP" />
<TLINK id="TL4" fromID="E19" fromText="his cardiac arrest" toID="E25" toText="an out of hospital arrest" type="simultaneous" />
<TLINK id="TL40" fromID="E9" fromText="Initial chest x-ray" toID="E66" toText="the Emergency Department" type="OVERLAP" />
<TLINK id="TL41" fromID="E11" fromText="prominent interstitium" toID="E9" toText="Initial chest x-ray" type="OVERLAP" />
<TLINK id="TL43" fromID="E68" fromText="showed" toID="E9" toText="Initial chest x-ray" type="OVERLAP" />
<TLINK id="TL44" fromID="E69" fromText="his lung volumes" toID="E9" toText="Initial chest x-ray" type="OVERLAP" />
<TLINK id="TL45" fromID="E70" fromText="low" toID="E9" toText="Initial chest x-ray" type="BEFORE_OVERLAP" />
<TLINK id="TL46" fromID="E14" fromText="left lung collapse" toID="E12" toText="Subsequent chest x-ray" type="BEFORE_OVERLAP" />
<TLINK id="TL47" fromID="E12" fromText="Subsequent chest x-ray" toID="E9" toText="Initial chest x-ray" type="AFTER" />
<TLINK id="TL48" fromID="E71" fromText="showed" toID="E12" toText="Subsequent chest x-ray" type="OVERLAP" />
<TLINK id="TL49" fromID="E13" fromText="right main stem intubation" toID="E65" toText="intubated" type="BEGUN_BY" />
<TLINK id="TL5" fromID="E26" fromText="unresponsive" toID="E31" toText="unresponsive" type="simultaneous" />
<TLINK id="TL50" fromID="E13" fromText="right main stem intubation" toID="E15" toText="withdrawal of the endotracheal tube" type="ENDED_BY" />
<TLINK id="TL51" fromID="E13" fromText="right main stem intubation" toID="E14" toText="left lung collapse" type="OVERLAP" />
<TLINK id="TL52" fromID="E15" fromText="withdrawal of the endotracheal tube" toID="E12" toText="Subsequent chest x-ray" type="AFTER" />
<TLINK id="TL53" fromID="E66" fromText="the Emergency Department" toID="E72" toText="transferred" type="ENDED_BY" />
<TLINK id="TL54" fromID="E72" fromText="transferred" toID="E0" toText="admitted" type="SIMULTANEOUS" />
<TLINK id="TL55" fromID="E73" fromText="the Medical Intensive Care Unit" toID="E72" toText="transferred" type="BEGUN_BY" />
<TLINK id="TL56" fromID="E74" fromText="induced hypothermia" toID="E73" toText="the Medical Intensive Care Unit" type="OVERLAP" />
<TLINK id="TL57" fromID="E75" fromText="his hemodynamic stability" toID="E74" toText="induced hypothermia" type="BEFORE_OVERLAP" />
<TLINK id="TL58" fromID="E76" fromText="ongoing unresponsiveness" toID="E67" toText="unresponsive" type="SIMULTANEOUS" />
<TLINK id="TL59" fromID="E16" fromText="recent out of hospital cardiac arrest" toID="E2" toText="his cardiac arrest" type="SIMULTANEOUS" />
<TLINK id="TL6" fromID="E2" fromText="his cardiac arrest" toID="E17" toText="Cardiac arrest" type="simultaneous" />
<TLINK id="TL60" fromID="E97" fromText="admission" toID="E60" toText="Admission" type="SIMULTANEOUS" />
<TLINK id="TL61" fromID="E88" fromText="the course of his hospital stay" toID="E77" toText="his hospitalization" type="SIMULTANEOUS" />
<TLINK id="TL62" fromID="E91" fromText="his hospital stay" toID="E77" toText="his hospitalization" type="SIMULTANEOUS" />
<TLINK id="TL63" fromID="E77" fromText="his hospitalization" toID="E60" toText="Admission" type="BEGUN_BY" />
<TLINK id="TL64" fromID="E77" fromText="his hospitalization" toID="E61" toText="Discharge" type="ENDED_BY" />
<TLINK id="TL65" fromID="E20" fromText="CT angiogram" toID="E77" toText="his hospitalization" type="DURING" />
<TLINK id="TL66" fromID="E21" fromText="pulmonary embolism" toID="E20" toText="CT angiogram" type="BEFORE_OVERLAP" />
<TLINK id="TL67" fromID="E22" fromText="an echocardiogram" toID="T3" toText="2013-04-26" type="OVERLAP" />
<TLINK id="TL68" fromID="E78" fromText="showed" toID="E22" toText="an echocardiogram" type="OVERLAP" />
<TLINK id="TL69" fromID="E79" fromText="ejection fraction" toID="E22" toText="an echocardiogram" type="SIMULTANEOUS" />
<TLINK id="TL7" fromID="E18" fromText="His arrest" toID="E19" toText="his cardiac arrest" type="simultaneous" />
<TLINK id="TL70" fromID="E23" fromText="trivial mitral regurgitation" toID="E22" toText="an echocardiogram" type="BEFORE_OVERLAP" />
<TLINK id="TL71" fromID="E24" fromText="obvious abnormalities" toID="E22" toText="an echocardiogram" type="BEFORE_OVERLAP" />
<TLINK id="TL72" fromID="E67" fromText="unresponsive" toID="E26" toText="unresponsive" type="simultaneous" />
<TLINK id="TL73" fromID="E80" fromText="hemodynamic stability" toID="E75" toText="his hemodynamic stability" type="SIMULTANEOUS" />
<TLINK id="TL74" fromID="E27" fromText="induced hypothermia" toID="E74" toText="induced hypothermia" type="SIMULTANEOUS" />
<TLINK id="TL75" fromID="E27" fromText="induced hypothermia" toID="E28" toText="cold packs" type="SIMULTANEOUS" />
<TLINK id="TL76" fromID="E27" fromText="induced hypothermia" toID="E29" toText="a cooling blanket" type="SIMULTANEOUS" />
<TLINK id="TL77" fromID="E27" fromText="induced hypothermia" toID="E30" toText="his core body temperature" type="OVERLAP" />
<TLINK id="TL78" fromID="E30" fromText="his core body temperature" toID="T6" toText="twelve hours" type="OVERLAP" />
<TLINK id="TL79" fromID="T6" fromText="twelve hours" toID="E73" toText="the Medical Intensive Care Unit" type="DURING" />
<TLINK id="TL8" fromID="E17" fromText="Cardiac arrest" toID="E18" toText="His arrest" type="simultaneous" />
<TLINK id="TL80" fromID="T6" fromText="twelve hours" toID="E82" toText="rewarmed" type="ENDED_BY" />
<TLINK id="TL81" fromID="E82" fromText="rewarmed" toID="T7" toText="six hours" type="DURING" />
<TLINK id="TL82" fromID="E83" fromText="neurologic recovery" toID="E82" toText="rewarmed" type="AFTER" />
<TLINK id="TL83" fromID="E31" fromText="unresponsive" toID="E32" toText="the induced hypothermia" type="BEFORE_OVERLAP" />
<TLINK id="TL84" fromID="E31" fromText="unresponsive" toID="E67" toText="unresponsive" type="SIMULTANEOUS" />
<TLINK id="TL85" fromID="E32" fromText="the induced hypothermia" toID="E27" toText="induced hypothermia" type="SIMULTANEOUS" />
<TLINK id="TL86" fromID="E33" fromText="myoclonic jerks" toID="E32" toText="the induced hypothermia" type="AFTER" />
<TLINK id="TL87" fromID="E33" fromText="myoclonic jerks" toID="E84" toText="fluttering of his eyelids" type="OVERLAP" />
<TLINK id="TL88" fromID="E34" fromText="Electroencephalogram" toID="E85" toText="revealed" type="OVERLAP" />
<TLINK id="TL89" fromID="E35" fromText="persistent seizure activity" toID="E34" toText="Electroencephalogram" type="BEFORE_OVERLAP" />
<TLINK id="TL9" fromID="E53" fromText="aspiration pneumonia" toID="E56" toText="coagulase positive Staphylococcus" type="simultaneous" />
<TLINK id="TL90" fromID="E34" fromText="Electroencephalogram" toID="E32" toText="the induced hypothermia" type="AFTER" />
<TLINK id="TL91" fromID="E35" fromText="persistent seizure activity" toID="E33" toText="myoclonic jerks" type="OVERLAP" />
<TLINK id="TL92" fromID="E36" fromText="multiple drugs" toID="E86" toText="consulted" type="BEGUN_BY" />
<TLINK id="TL93" fromID="E86" fromText="consulted" toID="E34" toText="Electroencephalogram" type="AFTER" />
<TLINK id="TL94" fromID="E36" fromText="multiple drugs" toID="E37" toText="Ativan" type="SIMULTANEOUS" />
<TLINK id="TL95" fromID="E36" fromText="multiple drugs" toID="E38" toText="Propofol drips" type="SIMULTANEOUS" />
<TLINK id="TL96" fromID="E39" fromText="seizure activity" toID="E36" toText="multiple drugs" type="BEFORE_OVERLAP" />
<TLINK id="TL97" fromID="E40" fromText="Dilantin" toID="E41" toText="a Pentobarb coma" type="OVERLAP" />
<TLINK id="TL98" fromID="E40" fromText="Dilantin" toID="E36" toText="multiple drugs" type="AFTER" />
<TLINK id="TL99" fromID="E42" fromText="the Pentobarb" toID="E42" toText="the Pentobarb" type="SIMULTANEOUS" />
<SECTIME id="S0" start="18" end="28" text="2013-04-25" type="ADMISSION" dvalue="2013-04-25" />
<SECTIME id="S1" start="46" end="56" text="2013-05-11" type="DISCHARGE" dvalue="2013-05-11" />
<TLINK id="SECTIME0" fromID="E71" fromText="showed" toID="T1" toText="2013-04-25" type="BEFORE" />
<TLINK id="SECTIME1" fromID="E13" fromText="right main stem intubation" toID="T1" toText="2013-04-25" type="BEFORE" />
<TLINK id="SECTIME2" fromID="E14" fromText="left lung collapse" toID="T1" toText="2013-04-25" type="BEFORE" />
<TLINK id="SECTIME3" fromID="E15" fromText="withdrawal of the endotracheal tube" toID="T1" toText="2013-04-25" type="BEFORE" />
<TLINK id="SECTIME4" fromID="E72" fromText="transferred" toID="T1" toText="2013-04-25" type="OVERLAP" />
<TLINK id="SECTIME5" fromID="E73" fromText="the Medical Intensive Care Unit" toID="T1" toText="2013-04-25" type="AFTER" />
<TLINK id="SECTIME6" fromID="E74" fromText="induced hypothermia" toID="T1" toText="2013-04-25" type="AFTER" />
<TLINK id="SECTIME7" fromID="E75" fromText="his hemodynamic stability" toID="T1" toText="2013-04-25" type="BEFORE" />
<TLINK id="SECTIME8" fromID="E76" fromText="ongoing unresponsiveness" toID="T1" toText="2013-04-25" type="BEFORE" />
<TLINK id="SECTIME9" fromID="E16" fromText="recent out of hospital cardiac arrest" toID="T1" toText="2013-04-25" type="BEFORE" />
<TLINK id="SECTIME10" fromID="E17" fromText="Cardiac arrest" toID="T2" toText="2013-05-11" type="BEFORE" />
<TLINK id="SECTIME11" fromID="E18" fromText="His arrest" toID="T2" toText="2013-05-11" type="BEFORE" />
<TLINK id="SECTIME12" fromID="E97" fromText="admission" toID="T2" toText="2013-05-11" type="BEFORE" />
<TLINK id="SECTIME13" fromID="E0" fromText="admitted" toID="T1" toText="2013-04-25" type="OVERLAP" />
<TLINK id="SECTIME14" fromID="E19" fromText="his cardiac arrest" toID="T2" toText="2013-05-11" type="BEFORE" />
<TLINK id="SECTIME15" fromID="E77" fromText="his hospitalization" toID="T2" toText="2013-05-11" type="BEFORE" />
<TLINK id="SECTIME16" fromID="E20" fromText="CT angiogram" toID="T2" toText="2013-05-11" type="BEFORE" />
<TLINK id="SECTIME17" fromID="E21" fromText="pulmonary embolism" toID="T2" toText="2013-05-11" type="BEFORE" />
<TLINK id="SECTIME18" fromID="E63" fromText="the Medical Intensive Care Unit" toID="T1" toText="2013-04-25" type="AFTER" />
<TLINK id="SECTIME19" fromID="E22" fromText="an echocardiogram" toID="T2" toText="2013-05-11" type="BEFORE" />
<TLINK id="SECTIME20" fromID="E78" fromText="showed" toID="T2" toText="2013-05-11" type="BEFORE" />
<TLINK id="SECTIME21" fromID="E79" fromText="ejection fraction" toID="T2" toText="2013-05-11" type="BEFORE" />
<TLINK id="SECTIME22" fromID="E23" fromText="trivial mitral regurgitation" toID="T2" toText="2013-05-11" type="BEFORE" />
<TLINK id="SECTIME23" fromID="E24" fromText="obvious abnormalities" toID="T2" toText="2013-05-11" type="BEFORE" />
<TLINK id="SECTIME24" fromID="E25" fromText="an out of hospital arrest" toID="T2" toText="2013-05-11" type="BEFORE" />
<TLINK id="SECTIME25" fromID="E26" fromText="unresponsive" toID="T2" toText="2013-05-11" type="BEFORE" />
<TLINK id="SECTIME26" fromID="E80" fromText="hemodynamic stability" toID="T2" toText="2013-05-11" type="BEFORE" />
<TLINK id="SECTIME27" fromID="E27" fromText="induced hypothermia" toID="T2" toText="2013-05-11" type="BEFORE" />
<TLINK id="SECTIME28" fromID="E28" fromText="cold packs" toID="T2" toText="2013-05-11" type="BEFORE" />
<TLINK id="SECTIME29" fromID="E29" fromText="a cooling blanket" toID="T2" toText="2013-05-11" type="BEFORE" />
<TLINK id="SECTIME30" fromID="E30" fromText="his core body temperature" toID="T2" toText="2013-05-11" type="BEFORE" />
<TLINK id="SECTIME31" fromID="E1" fromText="cardiac arrest" toID="T1" toText="2013-04-25" type="BEFORE" />
<TLINK id="SECTIME32" fromID="E82" fromText="rewarmed" toID="T2" toText="2013-05-11" type="BEFORE" />
<TLINK id="SECTIME33" fromID="E83" fromText="neurologic recovery" toID="T2" toText="2013-05-11" type="BEFORE" />
<TLINK id="SECTIME34" fromID="E31" fromText="unresponsive" toID="T2" toText="2013-05-11" type="BEFORE" />
<TLINK id="SECTIME35" fromID="E32" fromText="the induced hypothermia" toID="T2" toText="2013-05-11" type="BEFORE" />
<TLINK id="SECTIME36" fromID="E33" fromText="myoclonic jerks" toID="T2" toText="2013-05-11" type="BEFORE" />
<TLINK id="SECTIME37" fromID="E84" fromText="fluttering of his eyelids" toID="T2" toText="2013-05-11" type="BEFORE" />
<TLINK id="SECTIME38" fromID="E34" fromText="Electroencephalogram" toID="T2" toText="2013-05-11" type="BEFORE" />
<TLINK id="SECTIME39" fromID="E85" fromText="revealed" toID="T2" toText="2013-05-11" type="BEFORE" />
<TLINK id="SECTIME40" fromID="E35" fromText="persistent seizure activity" toID="T2" toText="2013-05-11" type="BEFORE" />
<TLINK id="SECTIME41" fromID="E86" fromText="consulted" toID="T2" toText="2013-05-11" type="BEFORE" />
<TLINK id="SECTIME42" fromID="E36" fromText="multiple drugs" toID="T2" toText="2013-05-11" type="BEFORE" />
<TLINK id="SECTIME43" fromID="E37" fromText="Ativan" toID="T2" toText="2013-05-11" type="BEFORE" />
<TLINK id="SECTIME44" fromID="E38" fromText="Propofol drips" toID="T2" toText="2013-05-11" type="BEFORE" />
<TLINK id="SECTIME45" fromID="E39" fromText="seizure activity" toID="T2" toText="2013-05-11" type="BEFORE" />
<TLINK id="SECTIME46" fromID="E40" fromText="Dilantin" toID="T2" toText="2013-05-11" type="BEFORE" />
<TLINK id="SECTIME47" fromID="E41" fromText="a Pentobarb coma" toID="T2" toText="2013-05-11" type="BEFORE" />
<TLINK id="SECTIME48" fromID="E87" fromText="weaning" toID="T2" toText="2013-05-11" type="BEFORE" />
<TLINK id="SECTIME49" fromID="E42" fromText="the Pentobarb" toID="T2" toText="2013-05-11" type="BEFORE" />
<TLINK id="SECTIME50" fromID="E43" fromText="status epilepticus" toID="T2" toText="2013-05-11" type="BEFORE" />
<TLINK id="SECTIME51" fromID="E88" fromText="the course of his hospital stay" toID="T2" toText="2013-05-11" type="BEFORE" />
<TLINK id="SECTIME52" fromID="E44" fromText="the patient 's white blood cell count" toID="T2" toText="2013-05-11" type="BEFORE" />
<TLINK id="SECTIME53" fromID="E45" fromText="Multiple cultures" toID="T2" toText="2013-05-11" type="BEFORE" />
<TLINK id="SECTIME54" fromID="E46" fromText="methicillin resistant Staphylococcus aureus bacteremia" toID="T2" toText="2013-05-11" type="BEFORE" />
<TLINK id="SECTIME55" fromID="E47" fromText="pneumonia" toID="T2" toText="2013-05-11" type="BEFORE" />
<TLINK id="SECTIME56" fromID="E48" fromText="urinary tract infection" toID="T2" toText="2013-05-11" type="BEFORE" />
<TLINK id="SECTIME57" fromID="E49" fromText="these infections" toID="T2" toText="2013-05-11" type="BEFORE" />
<TLINK id="SECTIME58" fromID="E50" fromText="Vancomycin" toID="T2" toText="2013-05-11" type="BEFORE" />
<TLINK id="SECTIME59" fromID="E51" fromText="Levofloxacin" toID="T2" toText="2013-05-11" type="BEFORE" />
<TLINK id="SECTIME60" fromID="E52" fromText="Flagyl" toID="T2" toText="2013-05-11" type="BEFORE" />
<TLINK id="SECTIME61" fromID="E53" fromText="aspiration pneumonia" toID="T2" toText="2013-05-11" type="BEFORE" />
<TLINK id="SECTIME62" fromID="E89" fromText="his admission" toID="T2" toText="2013-05-11" type="BEFORE" />
<TLINK id="SECTIME63" fromID="E54" fromText="Blood cultures" toID="T2" toText="2013-05-11" type="BEFORE" />
<TLINK id="SECTIME64" fromID="E90" fromText="cleared" toID="T2" toText="2013-05-11" type="BEFORE" />
<TLINK id="SECTIME65" fromID="E55" fromText="Sputum culture" toID="T2" toText="2013-05-11" type="BEFORE" />
<TLINK id="SECTIME66" fromID="E56" fromText="coagulase positive Staphylococcus" toID="T2" toText="2013-05-11" type="BEFORE" />
<TLINK id="SECTIME67" fromID="E57" fromText="methicillin resistant Staphylococcus aureus" toID="T2" toText="2013-05-11" type="BEFORE" />
<TLINK id="SECTIME68" fromID="E58" fromText="gravely ill" toID="T2" toText="2013-05-11" type="BEFORE" />
<TLINK id="SECTIME69" fromID="E91" fromText="his hospital stay" toID="T2" toText="2013-05-11" type="BEFORE" />
<TLINK id="SECTIME70" fromID="E92" fromText="multiple meetings" toID="T2" toText="2013-05-11" type="BEFORE" />
<TLINK id="SECTIME71" fromID="E2" fromText="his cardiac arrest" toID="T1" toText="2013-04-25" type="BEFORE" />
<TLINK id="SECTIME72" fromID="E98" fromText="decided" toID="T2" toText="2013-05-11" type="BEFORE" />
<TLINK id="SECTIME73" fromID="E93" fromText="his poor prognosis" toID="T2" toText="2013-05-11" type="BEFORE" />
<TLINK id="SECTIME74" fromID="E59" fromText="comfort measures" toID="T2" toText="2013-05-11" type="BEFORE" />
<TLINK id="SECTIME75" fromID="E62" fromText="expired" toID="T2" toText="2013-05-11" type="BEFORE" />
<TLINK id="SECTIME76" fromID="E94" fromText="a postmortem examination" toID="T2" toText="2013-05-11" type="AFTER" />
<TLINK id="SECTIME77" fromID="E3" fromText="unresponsive" toID="T1" toText="2013-04-25" type="BEFORE" />
<TLINK id="SECTIME78" fromID="E95" fromText="called" toID="T1" toText="2013-04-25" type="BEFORE" />
<TLINK id="SECTIME79" fromID="E96" fromText="arrive" toID="T1" toText="2013-04-25" type="BEFORE" />
<TLINK id="SECTIME80" fromID="E4" fromText="asystolic" toID="T1" toText="2013-04-25" type="BEFORE" />
<TLINK id="SECTIME81" fromID="E64" fromText="a perfusing rhythm" toID="T1" toText="2013-04-25" type="BEFORE" />
<TLINK id="SECTIME82" fromID="E5" fromText="Epinephrine" toID="T1" toText="2013-04-25" type="BEFORE" />
<TLINK id="SECTIME83" fromID="E6" fromText="Atropine" toID="T1" toText="2013-04-25" type="BEFORE" />
<TLINK id="SECTIME84" fromID="E65" fromText="intubated" toID="T1" toText="2013-04-25" type="BEFORE" />
<TLINK id="SECTIME85" fromID="E66" fromText="the Emergency Department" toID="T1" toText="2013-04-25" type="BEFORE" />
<TLINK id="SECTIME86" fromID="E67" fromText="unresponsive" toID="T1" toText="2013-04-25" type="BEFORE" />
<TLINK id="SECTIME87" fromID="E7" fromText="Narcan" toID="T1" toText="2013-04-25" type="BEFORE" />
<TLINK id="SECTIME88" fromID="E8" fromText="CT examinations of the head , chest , abdomen and pelvis" toID="T1" toText="2013-04-25" type="BEFORE" />
<TLINK id="SECTIME89" fromID="E9" fromText="Initial chest x-ray" toID="T1" toText="2013-04-25" type="BEFORE" />
<TLINK id="SECTIME90" fromID="E68" fromText="showed" toID="T1" toText="2013-04-25" type="BEFORE" />
<TLINK id="SECTIME91" fromID="E10" fromText="a left retrocardiac opacity" toID="T1" toText="2013-04-25" type="BEFORE" />
<TLINK id="SECTIME92" fromID="E11" fromText="prominent interstitium" toID="T1" toText="2013-04-25" type="BEFORE" />
<TLINK id="SECTIME93" fromID="E69" fromText="his lung volumes" toID="T1" toText="2013-04-25" type="BEFORE" />
<TLINK id="SECTIME94" fromID="E70" fromText="low" toID="T1" toText="2013-04-25" type="BEFORE" />
<TLINK id="SECTIME95" fromID="E12" fromText="Subsequent chest x-ray" toID="T1" toText="2013-04-25" type="BEFORE" />
</TAGS>
</ClinicalNarrativeTemporalAnnotation>
