<?xml version="1.0" encoding="UTF-8" ?>
<ClinicalNarrativeTemporalAnnotation>
<TEXT><![CDATA[
Admission Date :
2015-04-16
Discharge Date :
2015-04-24
Service :
SURGERY
History of Present Illness :
This 78 year old Mexican speaking female presented to the emergency department on 2015-04-16 .
Her family memebers stated that she was found at home with altered mental status and diaphoresis .
She is diabetic .
Mental status improved after binasal cannula oxygen applied , at which time she localized right upper quadrant pain .
She developed leukocytosis and transaminasemia .
Brief Hospital Course :
Ms Malek was admitted on 2015-04-16 due to altered mental status and acute right upper quadrant abdominal pain .
Gallbladder ultra sound revealed a distended 1.6 cm_ non mobile stone in the neck .
HD # 01 20 She was monitored closely in the CMED .
On 2015-04-17 she was taken to the OR for lap converted to open cholecystectomy .
She tolerated the procedure well , see op report for details .
She was extubated and recovered well in PACU .
She remained NPO with IV fluids , foley catheter and Dilaudid IV for pain control , Unasyn for antibiotic coverage .
She returned to CMED for further monitoring .
She was noted to have low urine output at times .
She responded well to fluid bolusing .
POD#1 she was transferred to CC6 for further recovery .
She remained afebrile , she was given ice chips .
Physical therapy was consulted for strength and mobility .
POD#2 her pain was somewhat uncontrolled , she was placed on Dilaudid PCA with fair effect .
Urine output remained adequate .
She was monitored on telemetry for mild tachycardia and recieved IV beta blockers .
She ambulated with assistance .
POD#3 she was advanced to sips and clears , foley catheter was discontinued .
POD#4 , bilious drainage was noted in her JP .
She had worsening abdominal pain on exam .
She was held NPO .
She was taken to ERCP where sphincterotomy was performed and biliary stent was placed .
She tolerated the procedure well and returned to CC6 post-procedure .
JP remained intact with serosainguinous drainage .
POD#5 she c/o difficulty voiding , pt was straight cathed after bladder scan was obtained and revealed > 600 ccs urine .
POD# 05 25 she continued with intermittent complaints of urinary retention .
However she was able to void .
Renal function remained normal .
She did not require further straight catheterization .
She was advanced to clear liquids again without nausea or vomiting .
Her pain was well controlled by Tylenol .
Her home regimen of lantus was resumed for elevated blood glucose .
POD#6 , her diet was advanced to regular .
She required disimpaction and had hard stool in the rectum .
She was initiated on a bowel regimen and had no further incidents of diarrhea or constipation .
POD#7 she was discharged to rehab in stable condition .
Appropriate follow up appointments are recommended as well as prescriptions .
She should return in 6 weeks for removal of biliary stent .
]]></TEXT>
<TAGS>
<EVENT id="E0" start="1" end="10" text="Admission" modality="FACTUAL" polarity="POS" type="OCCURRENCE" />
<EVENT id="E14" start="1016" end="1028" text="pain control" modality="FACTUAL" polarity="POS" type="TREATMENT" />
<EVENT id="E15" start="1031" end="1037" text="Unasyn" modality="FACTUAL" polarity="POS" type="TREATMENT" />
<EVENT id="E16" start="1042" end="1061" text="antibiotic coverage" modality="FACTUAL" polarity="POS" type="TREATMENT" />
<EVENT id="E80" start="1068" end="1076" text="returned" modality="FACTUAL" polarity="POS" type="OCCURRENCE" />
<EVENT id="E57" start="1080" end="1084" text="CMED" modality="FACTUAL" polarity="POS" type="CLINICAL_DEPT" />
<EVENT id="E17" start="1089" end="1107" text="further monitoring" modality="FACTUAL" polarity="POS" type="TEST" />
<EVENT id="E81" start="1132" end="1148" text="low urine output" modality="FACTUAL" polarity="POS" type="PROBLEM" />
<EVENT id="E82" start="1164" end="1178" text="responded well" modality="FACTUAL" polarity="POS" type="OCCURRENCE" />
<EVENT id="E18" start="1182" end="1196" text="fluid bolusing" modality="FACTUAL" polarity="POS" type="TREATMENT" />
<EVENT id="E83" start="1213" end="1224" text="transferred" modality="FACTUAL" polarity="POS" type="OCCURRENCE" />
<EVENT id="E58" start="1228" end="1231" text="CC6" modality="FACTUAL" polarity="POS" type="CLINICAL_DEPT" />
<EVENT id="E84" start="1236" end="1252" text="further recovery" modality="FACTUAL" polarity="POS" type="OCCURRENCE" />
<EVENT id="E19" start="1268" end="1276" text="afebrile" modality="FACTUAL" polarity="POS" type="PROBLEM" />
<EVENT id="E85" start="1293" end="1302" text="ice chips" modality="FACTUAL" polarity="POS" type="OCCURRENCE" />
<EVENT id="E86" start="1326" end="1335" text="consulted" modality="FACTUAL" polarity="POS" type="OCCURRENCE" />
<EVENT id="E20" start="1370" end="1378" text="her pain" modality="FACTUAL" polarity="POS" type="PROBLEM" />
<EVENT id="E87" start="1392" end="1404" text="uncontrolled" modality="FACTUAL" polarity="POS" type="PROBLEM" />
<EVENT id="E21" start="1425" end="1437" text="Dilaudid PCA" modality="FACTUAL" polarity="POS" type="TREATMENT" />
<EVENT id="E88" start="1443" end="1454" text="fair effect" modality="FACTUAL" polarity="POS" type="OCCURRENCE" />
<EVENT id="E63" start="145" end="154" text="presented" modality="FACTUAL" polarity="POS" type="EVIDENTIAL" />
<EVENT id="E22" start="1457" end="1469" text="Urine output" modality="FACTUAL" polarity="POS" type="TEST" />
<EVENT id="E89" start="1498" end="1507" text="monitored" modality="FACTUAL" polarity="POS" type="TEST" />
<EVENT id="E23" start="1511" end="1520" text="telemetry" modality="FACTUAL" polarity="POS" type="TEST" />
<EVENT id="E24" start="1525" end="1541" text="mild tachycardia" modality="FACTUAL" polarity="POS" type="PROBLEM" />
<EVENT id="E25" start="1555" end="1571" text="IV beta blockers" modality="FACTUAL" polarity="POS" type="TREATMENT" />
<EVENT id="E90" start="1578" end="1587" text="ambulated" modality="FACTUAL" polarity="POS" type="OCCURRENCE" />
<EVENT id="E64" start="158" end="182" text="the emergency department" modality="FACTUAL" polarity="POS" type="CLINICAL_DEPT" />
<EVENT id="E91" start="1593" end="1603" text="assistance" modality="FACTUAL" polarity="POS" type="TREATMENT" />
<EVENT id="E26" start="1632" end="1647" text="sips and clears" modality="FACTUAL" polarity="POS" type="TREATMENT" />
<EVENT id="E27" start="1650" end="1664" text="foley catheter" modality="FACTUAL" polarity="POS" type="TREATMENT" />
<EVENT id="E28" start="1692" end="1708" text="bilious drainage" modality="FACTUAL" polarity="POS" type="PROBLEM" />
<EVENT id="E29" start="1722" end="1728" text="her JP" modality="FACTUAL" polarity="POS" type="TREATMENT" />
<EVENT id="E92" start="1739" end="1763" text="worsening abdominal pain" modality="FACTUAL" polarity="POS" type="PROBLEM" />
<EVENT id="E30" start="1767" end="1771" text="exam" modality="FACTUAL" polarity="POS" type="TEST" />
<EVENT id="E31" start="1787" end="1790" text="NPO" modality="FACTUAL" polarity="POS" type="TREATMENT" />
<EVENT id="E32" start="1810" end="1814" text="ERCP" modality="FACTUAL" polarity="POS" type="TEST" />
<EVENT id="E33" start="1821" end="1835" text="sphincterotomy" modality="FACTUAL" polarity="POS" type="TREATMENT" />
<EVENT id="E34" start="1854" end="1867" text="biliary stent" modality="FACTUAL" polarity="POS" type="TREATMENT" />
<EVENT id="E93" start="1885" end="1894" text="tolerated" modality="FACTUAL" polarity="POS" type="OCCURRENCE" />
<EVENT id="E35" start="1895" end="1908" text="the procedure" modality="FACTUAL" polarity="POS" type="TREATMENT" />
<EVENT id="E59" start="1930" end="1933" text="CC6" modality="FACTUAL" polarity="POS" type="CLINICAL_DEPT" />
<EVENT id="E36" start="1951" end="1953" text="JP" modality="FACTUAL" polarity="POS" type="TREATMENT" />
<EVENT id="E37" start="1975" end="1999" text="serosainguinous drainage" modality="FACTUAL" polarity="POS" type="PROBLEM" />
<EVENT id="E38" start="2016" end="2034" text="difficulty voiding" modality="FACTUAL" polarity="POS" type="PROBLEM" />
<EVENT id="E39" start="2044" end="2059" text="straight cathed" modality="FACTUAL" polarity="POS" type="TREATMENT" />
<EVENT id="E40" start="2066" end="2078" text="bladder scan" modality="FACTUAL" polarity="POS" type="TEST" />
<EVENT id="E94" start="2096" end="2104" text="revealed" modality="FACTUAL" polarity="POS" type="EVIDENTIAL" />
<EVENT id="E95" start="2166" end="2176" text="complaints" modality="FACTUAL" polarity="POS" type="EVIDENTIAL" />
<EVENT id="E41" start="2180" end="2197" text="urinary retention" modality="FACTUAL" polarity="POS" type="PROBLEM" />
<EVENT id="E65" start="219" end="225" text="stated" modality="FACTUAL" polarity="POS" type="EVIDENTIAL" />
<EVENT id="E96" start="2216" end="2228" text="able to void" modality="FACTUAL" polarity="POS" type="OCCURRENCE" />
<EVENT id="E42" start="2231" end="2245" text="Renal function" modality="FACTUAL" polarity="POS" type="TEST" />
<EVENT id="E43" start="2284" end="2316" text="further straight catheterization" modality="FACTUAL" polarity="NEG" type="TREATMENT" />
<EVENT id="E44" start="2339" end="2352" text="clear liquids" modality="FACTUAL" polarity="POS" type="TREATMENT" />
<EVENT id="E45" start="2367" end="2373" text="nausea" modality="FACTUAL" polarity="NEG" type="PROBLEM" />
<EVENT id="E46" start="2377" end="2385" text="vomiting" modality="FACTUAL" polarity="NEG" type="PROBLEM" />
<EVENT id="E47" start="2388" end="2396" text="Her pain" modality="FACTUAL" polarity="POS" type="PROBLEM" />
<EVENT id="E97" start="2401" end="2416" text="well controlled" modality="FACTUAL" polarity="POS" type="TREATMENT" />
<EVENT id="E48" start="2420" end="2427" text="Tylenol" modality="FACTUAL" polarity="POS" type="TREATMENT" />
<EVENT id="E49" start="2450" end="2456" text="lantus" modality="FACTUAL" polarity="POS" type="TREATMENT" />
<EVENT id="E50" start="2473" end="2495" text="elevated blood glucose" modality="FACTUAL" polarity="POS" type="PROBLEM" />
<EVENT id="E98" start="2519" end="2538" text="advanced to regular" modality="FACTUAL" polarity="POS" type="OCCURRENCE" />
<EVENT id="E51" start="2554" end="2566" text="disimpaction" modality="FACTUAL" polarity="POS" type="TREATMENT" />
<EVENT id="E1" start="258" end="279" text="altered mental status" modality="FACTUAL" polarity="POS" type="PROBLEM" />
<EVENT id="E52" start="2575" end="2599" text="hard stool in the rectum" modality="FACTUAL" polarity="POS" type="PROBLEM" />
<EVENT id="E53" start="2623" end="2638" text="a bowel regimen" modality="FACTUAL" polarity="POS" type="TREATMENT" />
<EVENT id="E54" start="2671" end="2679" text="diarrhea" modality="FACTUAL" polarity="NEG" type="PROBLEM" />
<EVENT id="E55" start="2683" end="2695" text="constipation" modality="FACTUAL" polarity="NEG" type="PROBLEM" />
<EVENT id="E99" start="2712" end="2722" text="discharged" modality="FACTUAL" polarity="POS" type="OCCURRENCE" />
<EVENT id="E100" start="2726" end="2731" text="rehab" modality="FACTUAL" polarity="POS" type="CLINICAL_DEPT" />
<EVENT id="E101" start="2735" end="2751" text="stable condition" modality="FACTUAL" polarity="POS" type="OCCURRENCE" />
<EVENT id="E102" start="2766" end="2788" text="follow up appointments" modality="PROPOSED" polarity="POS" type="OCCURRENCE" />
<EVENT id="E103" start="2816" end="2829" text="prescriptions" modality="FACTUAL" polarity="POS" type="TREATMENT" />
<EVENT id="E2" start="284" end="295" text="diaphoresis" modality="FACTUAL" polarity="POS" type="PROBLEM" />
<EVENT id="E104" start="2865" end="2872" text="removal" modality="PROPOSED" polarity="POS" type="TREATMENT" />
<EVENT id="E105" start="2876" end="2889" text="biliary stent" modality="FACTUAL" polarity="POS" type="TREATMENT" />
<EVENT id="E62" start="29" end="38" text="Discharge" modality="FACTUAL" polarity="POS" type="OCCURRENCE" />
<EVENT id="E66" start="305" end="313" text="diabetic" modality="FACTUAL" polarity="POS" type="PROBLEM" />
<EVENT id="E60" start="316" end="329" text="Mental status" modality="FACTUAL" polarity="POS" type="PROBLEM" />
<EVENT id="E67" start="330" end="338" text="improved" modality="FACTUAL" polarity="POS" type="OCCURRENCE" />
<EVENT id="E3" start="345" end="367" text="binasal cannula oxygen" modality="FACTUAL" polarity="POS" type="TREATMENT" />
<EVENT id="E68" start="396" end="405" text="localized" modality="FACTUAL" polarity="POS" type="EVIDENTIAL" />
<EVENT id="E69" start="406" end="431" text="right upper quadrant pain" modality="FACTUAL" polarity="POS" type="PROBLEM" />
<EVENT id="E70" start="448" end="460" text="leukocytosis" modality="FACTUAL" polarity="POS" type="PROBLEM" />
<EVENT id="E71" start="465" end="480" text="transaminasemia" modality="FACTUAL" polarity="POS" type="PROBLEM" />
<EVENT id="E61" start="520" end="528" text="admitted" modality="FACTUAL" polarity="POS" type="OCCURRENCE" />
<EVENT id="E4" start="550" end="571" text="altered mental status" modality="FACTUAL" polarity="POS" type="PROBLEM" />
<EVENT id="E5" start="576" end="617" text="acute right upper quadrant abdominal pain" modality="FACTUAL" polarity="POS" type="PROBLEM" />
<EVENT id="E72" start="620" end="643" text="Gallbladder ultra sound" modality="FACTUAL" polarity="POS" type="TEST" />
<EVENT id="E73" start="644" end="652" text="revealed" modality="FACTUAL" polarity="POS" type="EVIDENTIAL" />
<EVENT id="E74" start="673" end="689" text="non mobile stone" modality="FACTUAL" polarity="POS" type="PROBLEM" />
<EVENT id="E75" start="723" end="732" text="monitored" modality="FACTUAL" polarity="POS" type="TEST" />
<EVENT id="E76" start="744" end="752" text="the CMED" modality="FACTUAL" polarity="POS" type="CLINICAL_DEPT" />
<EVENT id="E77" start="786" end="792" text="the OR" modality="FACTUAL" polarity="POS" type="CLINICAL_DEPT" />
<EVENT id="E6" start="797" end="800" text="lap" modality="FACTUAL" polarity="POS" type="TREATMENT" />
<EVENT id="E7" start="814" end="834" text="open cholecystectomy" modality="FACTUAL" polarity="POS" type="TREATMENT" />
<EVENT id="E78" start="841" end="850" text="tolerated" modality="FACTUAL" polarity="POS" type="OCCURRENCE" />
<EVENT id="E8" start="851" end="864" text="the procedure" modality="FACTUAL" polarity="POS" type="TREATMENT" />
<EVENT id="E9" start="908" end="917" text="extubated" modality="FACTUAL" polarity="POS" type="TREATMENT" />
<EVENT id="E79" start="922" end="936" text="recovered well" modality="FACTUAL" polarity="POS" type="OCCURRENCE" />
<EVENT id="E56" start="940" end="944" text="PACU" modality="FACTUAL" polarity="POS" type="CLINICAL_DEPT" />
<EVENT id="E10" start="960" end="963" text="NPO" modality="FACTUAL" polarity="POS" type="TREATMENT" />
<EVENT id="E11" start="969" end="978" text="IV fluids" modality="FACTUAL" polarity="POS" type="TREATMENT" />
<EVENT id="E12" start="981" end="995" text="foley catheter" modality="FACTUAL" polarity="POS" type="TREATMENT" />
<EVENT id="E13" start="1000" end="1011" text="Dilaudid IV" modality="FACTUAL" polarity="POS" type="TREATMENT" />
<TIMEX3 id="T0" start="1199" end="1204" text="POD#1" type="DATE" val="2015-04-18" mod="NA" />
<TIMEX3 id="T7" start="1364" end="1369" text="POD#2" type="DATE" val="2015-04-19" mod="NA" />
<TIMEX3 id="T8" start="1606" end="1611" text="POD#3" type="DATE" val="2015-04-20" mod="NA" />
<TIMEX3 id="T9" start="1684" end="1689" text="POD#4" type="DATE" val="2015-04-21" mod="NA" />
<TIMEX3 id="T1" start="18" end="28" text="2015-04-16" type="DATE" val="2015-04-16" mod="NA" />
<TIMEX3 id="T3" start="186" end="196" text="2015-04-16" type="DATE" val="2015-04-16" mod="NA" />
<TIMEX3 id="T10" start="2002" end="2007" text="POD#5" type="DATE" val="2015-04-22" mod="NA" />
<TIMEX3 id="T11" start="2123" end="2130" text="POD# 05" type="DATE" val="2015-04-22" mod="NA" />
<TIMEX3 id="T12" start="2498" end="2503" text="POD#6" type="DATE" val="2015-04-23" mod="NA" />
<TIMEX3 id="T13" start="2698" end="2703" text="POD#7" type="DATE" val="2015-04-24" mod="NA" />
<TIMEX3 id="T14" start="2853" end="2860" text="6 weeks" type="DURATION" val="p6w" mod="NA" />
<TIMEX3 id="T2" start="46" end="56" text="2015-04-24" type="DATE" val="2015-04-24" mod="NA" />
<TIMEX3 id="T4" start="532" end="542" text="2015-04-16" type="DATE" val="2015-04-16" mod="NA" />
<TIMEX3 id="T6" start="704" end="711" text="HD # 01" type="DATE" val="2015-04-16" mod="NA" />
<TIMEX3 id="T5" start="758" end="768" text="2015-04-17" type="DATE" val="2015-04-17" mod="NA" />
<TLINK id="TL0" fromID="E0" fromText="Admission" toID="T1" toText="2015-04-16" type="SIMULTANEOUS" />
<TLINK id="TL1" fromID="E29" fromText="her JP" toID="E36" toText="JP" type="simultaneous" />
<TLINK id="TL100" fromID="E47" fromText="Her pain" toID="E20" toText="her pain" type="SIMULTANEOUS" />
<TLINK id="TL101" fromID="E48" fromText="Tylenol" toID="E97" toText="well controlled" type="OVERLAP" />
<TLINK id="TL102" fromID="E48" fromText="Tylenol" toID="T11" toText="POD# 05" type="OVERLAP" />
<TLINK id="TL103" fromID="E49" fromText="lantus" toID="T11" toText="POD# 05" type="BEGUN_BY" />
<TLINK id="TL105" fromID="E50" fromText="elevated blood glucose" toID="E49" toText="lantus" type="BEFORE_OVERLAP" />
<TLINK id="TL106" fromID="E44" fromText="clear liquids" toID="E98" toText="advanced to regular" type="ENDED_BY" />
<TLINK id="TL107" fromID="E98" fromText="advanced to regular" toID="T12" toText="POD#6" type="BEGUN_BY" />
<TLINK id="TL108" fromID="E51" fromText="disimpaction" toID="T12" toText="POD#6" type="OVERLAP" />
<TLINK id="TL109" fromID="E52" fromText="hard stool in the rectum" toID="E51" toText="disimpaction" type="ENDED_BY" />
<TLINK id="TL11" fromID="E13" fromText="Dilaudid IV" toID="E14" toText="pain control" type="SIMULTANEOUS" />
<TLINK id="TL110" fromID="E53" fromText="a bowel regimen" toID="E51" toText="disimpaction" type="AFTER" />
<TLINK id="TL111" fromID="E54" fromText="diarrhea" toID="E53" toText="a bowel regimen" type="AFTER" />
<TLINK id="TL112" fromID="E55" fromText="constipation" toID="E53" toText="a bowel regimen" type="AFTER" />
<TLINK id="TL113" fromID="E99" fromText="discharged" toID="T13" toText="POD#7" type="OVERLAP" />
<TLINK id="TL114" fromID="E59" fromText="CC6" toID="E99" toText="discharged" type="ENDED_BY" />
<TLINK id="TL115" fromID="E99" fromText="discharged" toID="E62" toText="Discharge" type="SIMULTANEOUS" />
<TLINK id="TL116" fromID="E100" fromText="rehab" toID="E99" toText="discharged" type="BEGUN_BY" />
<TLINK id="TL117" fromID="E101" fromText="stable condition" toID="E99" toText="discharged" type="BEFORE_OVERLAP" />
<TLINK id="TL118" fromID="E102" fromText="follow up appointments" toID="E99" toText="discharged" type="AFTER" />
<TLINK id="TL119" fromID="E103" fromText="prescriptions" toID="T13" toText="POD#7" type="BEFORE_OVERLAP" />
<TLINK id="TL12" fromID="E15" fromText="Unasyn" toID="E16" toText="antibiotic coverage" type="SIMULTANEOUS" />
<TLINK id="TL120" fromID="E34" fromText="biliary stent" toID="E105" toText="biliary stent" type="simultaneous" />
<TLINK id="TL121" fromID="E105" fromText="biliary stent" toID="E104" toText="removal" type="ENDED_BY" />
<TLINK id="TL122" fromID="T14" fromText="6 weeks" toID="T2" toText="2015-04-24" type="BEGUN_BY" />
<TLINK id="TL123" fromID="T14" fromText="6 weeks" toID="E104" toText="removal" type="ENDED_BY" />
<TLINK id="TL13" fromID="E33" fromText="sphincterotomy" toID="E32" toText="ERCP" type="OVERLAP" />
<TLINK id="TL14" fromID="E39" fromText="straight cathed" toID="E40" toText="bladder scan" type="AFTER" />
<TLINK id="TL15" fromID="E45" fromText="nausea" toID="E46" toText="vomiting" type="OVERLAP" />
<TLINK id="TL16" fromID="E62" fromText="Discharge" toID="T2" toText="2015-04-24" type="SIMULTANEOUS" />
<TLINK id="TL17" fromID="E64" fromText="the emergency department" toID="E63" toText="presented" type="BEGUN_BY" />
<TLINK id="TL18" fromID="E63" fromText="presented" toID="T3" toText="2015-04-16" type="SIMULTANEOUS" />
<TLINK id="TL19" fromID="E65" fromText="stated" toID="E63" toText="presented" type="OVERLAP" />
<TLINK id="TL2" fromID="E7" fromText="open cholecystectomy" toID="E8" toText="the procedure" type="simultaneous" />
<TLINK id="TL20" fromID="E60" fromText="Mental status" toID="E1" toText="altered mental status" type="SIMULTANEOUS" />
<TLINK id="TL21" fromID="E1" fromText="altered mental status" toID="E63" toText="presented" type="BEFORE_OVERLAP" />
<TLINK id="TL22" fromID="E66" fromText="diabetic" toID="E0" toText="Admission" type="BEFORE_OVERLAP" />
<TLINK id="TL23" fromID="E67" fromText="improved" toID="E3" toText="binasal cannula oxygen" type="AFTER" />
<TLINK id="TL24" fromID="E3" fromText="binasal cannula oxygen" toID="E64" toText="the emergency department" type="OVERLAP" />
<TLINK id="TL25" fromID="E68" fromText="localized" toID="E67" toText="improved" type="AFTER" />
<TLINK id="TL26" fromID="E69" fromText="right upper quadrant pain" toID="E68" toText="localized" type="BEFORE_OVERLAP" />
<TLINK id="TL27" fromID="E69" fromText="right upper quadrant pain" toID="E5" toText="acute right upper quadrant abdominal pain" type="simultaneous" />
<TLINK id="TL28" fromID="E70" fromText="leukocytosis" toID="E71" toText="transaminasemia" type="OVERLAP" />
<TLINK id="TL29" fromID="E70" fromText="leukocytosis" toID="E64" toText="the emergency department" type="AFTER" />
<TLINK id="TL3" fromID="E1" fromText="altered mental status" toID="E4" toText="altered mental status" type="simultaneous" />
<TLINK id="TL30" fromID="E61" fromText="admitted" toID="E0" toText="Admission" type="SIMULTANEOUS" />
<TLINK id="TL31" fromID="E61" fromText="admitted" toID="T4" toText="2015-04-16" type="SIMULTANEOUS" />
<TLINK id="TL32" fromID="E72" fromText="Gallbladder ultra sound" toID="E73" toText="revealed" type="OVERLAP" />
<TLINK id="TL33" fromID="E72" fromText="Gallbladder ultra sound" toID="E61" toText="admitted" type="AFTER" />
<TLINK id="TL34" fromID="E74" fromText="non mobile stone" toID="E72" toText="Gallbladder ultra sound" type="BEFORE_OVERLAP" />
<TLINK id="TL35" fromID="E76" fromText="the CMED" toID="T6" toText="HD # 01" type="OVERLAP" />
<TLINK id="TL36" fromID="E75" fromText="monitored" toID="E76" toText="the CMED" type="OVERLAP" />
<TLINK id="TL37" fromID="E77" fromText="the OR" toID="T5" toText="2015-04-17" type="OVERLAP" />
<TLINK id="TL38" fromID="E6" fromText="lap" toID="E77" toText="the OR" type="DURING" />
<TLINK id="TL39" fromID="E78" fromText="tolerated" toID="E8" toText="the procedure" type="OVERLAP" />
<TLINK id="TL40" fromID="E9" fromText="extubated" toID="E56" toText="PACU" type="OVERLAP" />
<TLINK id="TL41" fromID="E79" fromText="recovered well" toID="E9" toText="extubated" type="OVERLAP" />
<TLINK id="TL42" fromID="E56" fromText="PACU" toID="E77" toText="the OR" type="AFTER" />
<TLINK id="TL43" fromID="E10" fromText="NPO" toID="E77" toText="the OR" type="BEFORE_OVERLAP" />
<TLINK id="TL44" fromID="E13" fromText="Dilaudid IV" toID="E77" toText="the OR" type="AFTER" />
<TLINK id="TL45" fromID="E15" fromText="Unasyn" toID="E77" toText="the OR" type="AFTER" />
<TLINK id="TL46" fromID="E56" fromText="PACU" toID="E80" toText="returned" type="ENDED_BY" />
<TLINK id="TL47" fromID="E57" fromText="CMED" toID="E80" toText="returned" type="BEGUN_BY" />
<TLINK id="TL48" fromID="E57" fromText="CMED" toID="E17" toText="further monitoring" type="OVERLAP" />
<TLINK id="TL49" fromID="E81" fromText="low urine output" toID="E57" toText="CMED" type="OVERLAP" />
<TLINK id="TL5" fromID="E12" fromText="foley catheter" toID="E27" toText="foley catheter" type="simultaneous" />
<TLINK id="TL50" fromID="E18" fromText="fluid bolusing" toID="E81" toText="low urine output" type="AFTER" />
<TLINK id="TL51" fromID="E82" fromText="responded well" toID="E18" toText="fluid bolusing" type="AFTER" />
<TLINK id="TL52" fromID="E57" fromText="CMED" toID="E83" toText="transferred" type="ENDED_BY" />
<TLINK id="TL53" fromID="E83" fromText="transferred" toID="T0" toText="POD#1" type="SIMULTANEOUS" />
<TLINK id="TL54" fromID="E58" fromText="CC6" toID="E83" toText="transferred" type="BEGUN_BY" />
<TLINK id="TL55" fromID="E84" fromText="further recovery" toID="E58" toText="CC6" type="BEFORE_OVERLAP" />
<TLINK id="TL56" fromID="E19" fromText="afebrile" toID="E58" toText="CC6" type="BEFORE_OVERLAP" />
<TLINK id="TL57" fromID="E85" fromText="ice chips" toID="E58" toText="CC6" type="DURING" />
<TLINK id="TL58" fromID="E86" fromText="consulted" toID="E58" toText="CC6" type="OVERLAP" />
<TLINK id="TL6" fromID="E1" fromText="altered mental status" toID="E2" toText="diaphoresis" type="OVERLAP" />
<TLINK id="TL60" fromID="E20" fromText="her pain" toID="T7" toText="POD#2" type="BEFORE_OVERLAP" />
<TLINK id="TL61" fromID="E87" fromText="uncontrolled" toID="T7" toText="POD#2" type="OVERLAP" />
<TLINK id="TL63" fromID="E88" fromText="fair effect" toID="E21" toText="Dilaudid PCA" type="OVERLAP" />
<TLINK id="TL65" fromID="E21" fromText="Dilaudid PCA" toID="E87" toText="uncontrolled" type="BEGUN_BY" />
<TLINK id="TL66" fromID="E22" fromText="Urine output" toID="T7" toText="POD#2" type="OVERLAP" />
<TLINK id="TL67" fromID="E89" fromText="monitored" toID="E23" toText="telemetry" type="SIMULTANEOUS" />
<TLINK id="TL68" fromID="E89" fromText="monitored" toID="T7" toText="POD#2" type="OVERLAP" />
<TLINK id="TL69" fromID="E24" fromText="mild tachycardia" toID="E23" toText="telemetry" type="OVERLAP" />
<TLINK id="TL70" fromID="E24" fromText="mild tachycardia" toID="E25" toText="IV beta blockers" type="OVERLAP" />
<TLINK id="TL71" fromID="E90" fromText="ambulated" toID="T7" toText="POD#2" type="OVERLAP" />
<TLINK id="TL72" fromID="E90" fromText="ambulated" toID="E91" toText="assistance" type="SIMULTANEOUS" />
<TLINK id="TL73" fromID="E10" fromText="NPO" toID="E26" toText="sips and clears" type="ENDED_BY" />
<TLINK id="TL74" fromID="E26" fromText="sips and clears" toID="T8" toText="POD#3" type="BEGUN_BY" />
<TLINK id="TL75" fromID="E27" fromText="foley catheter" toID="T8" toText="POD#3" type="ENDED_BY" />
<TLINK id="TL76" fromID="E28" fromText="bilious drainage" toID="T9" toText="POD#4" type="OVERLAP" />
<TLINK id="TL77" fromID="E29" fromText="her JP" toID="E7" toText="open cholecystectomy" type="BEGUN_BY" />
<TLINK id="TL78" fromID="E92" fromText="worsening abdominal pain" toID="E30" toText="exam" type="OVERLAP" />
<TLINK id="TL79" fromID="E30" fromText="exam" toID="T9" toText="POD#4" type="OVERLAP" />
<TLINK id="TL8" fromID="E10" fromText="NPO" toID="E11" toText="IV fluids" type="OVERLAP" />
<TLINK id="TL80" fromID="E31" fromText="NPO" toID="T9" toText="POD#4" type="BEGUN_BY" />
<TLINK id="TL81" fromID="E26" fromText="sips and clears" toID="E31" toText="NPO" type="ENDED_BY" />
<TLINK id="TL82" fromID="E34" fromText="biliary stent" toID="E32" toText="ERCP" type="BEGUN_BY" />
<TLINK id="TL83" fromID="E32" fromText="ERCP" toID="T9" toText="POD#4" type="OVERLAP" />
<TLINK id="TL85" fromID="E35" fromText="the procedure" toID="E32" toText="ERCP" type="SIMULTANEOUS" />
<TLINK id="TL86" fromID="E59" fromText="CC6" toID="E35" toText="the procedure" type="AFTER" />
<TLINK id="TL87" fromID="E37" fromText="serosainguinous drainage" toID="E35" toText="the procedure" type="AFTER" />
<TLINK id="TL88" fromID="E38" fromText="difficulty voiding" toID="T10" toText="POD#5" type="OVERLAP" />
<TLINK id="TL89" fromID="E94" fromText="revealed" toID="E40" toText="bladder scan" type="OVERLAP" />
<TLINK id="TL9" fromID="E11" fromText="IV fluids" toID="E12" toText="foley catheter" type="OVERLAP" />
<TLINK id="TL90" fromID="E40" fromText="bladder scan" toID="E38" toText="difficulty voiding" type="OVERLAP" />
<TLINK id="TL91" fromID="T11" fromText="POD# 05" toID="E95" toText="complaints" type="SIMULTANEOUS" />
<TLINK id="TL92" fromID="E95" fromText="complaints" toID="E39" toText="straight cathed" type="AFTER" />
<TLINK id="TL93" fromID="E41" fromText="urinary retention" toID="E95" toText="complaints" type="OVERLAP" />
<TLINK id="TL94" fromID="E96" fromText="able to void" toID="E41" toText="urinary retention" type="OVERLAP" />
<TLINK id="TL95" fromID="E42" fromText="Renal function" toID="T11" toText="POD# 05" type="BEFORE_OVERLAP" />
<TLINK id="TL96" fromID="E43" fromText="further straight catheterization" toID="E39" toText="straight cathed" type="AFTER" />
<TLINK id="TL97" fromID="E31" fromText="NPO" toID="E44" toText="clear liquids" type="ENDED_BY" />
<TLINK id="TL98" fromID="E44" fromText="clear liquids" toID="E45" toText="nausea" type="OVERLAP" />
<TLINK id="TL99" fromID="E44" fromText="clear liquids" toID="T11" toText="POD# 05" type="OVERLAP" />
<SECTIME id="S0" start="18" end="28" text="2015-04-16" type="ADMISSION" dvalue="2015-04-16" />
<SECTIME id="S1" start="46" end="56" text="2015-04-24" type="DISCHARGE" dvalue="2015-04-24" />
<TLINK id="SECTIME0" fromID="E14" fromText="pain control" toID="T2" toText="2015-04-24" type="BEFORE" />
<TLINK id="SECTIME1" fromID="E15" fromText="Unasyn" toID="T2" toText="2015-04-24" type="BEFORE" />
<TLINK id="SECTIME2" fromID="E16" fromText="antibiotic coverage" toID="T2" toText="2015-04-24" type="BEFORE" />
<TLINK id="SECTIME3" fromID="E80" fromText="returned" toID="T2" toText="2015-04-24" type="BEFORE" />
<TLINK id="SECTIME4" fromID="E57" fromText="CMED" toID="T2" toText="2015-04-24" type="BEFORE" />
<TLINK id="SECTIME5" fromID="E17" fromText="further monitoring" toID="T2" toText="2015-04-24" type="BEFORE" />
<TLINK id="SECTIME6" fromID="E81" fromText="low urine output" toID="T2" toText="2015-04-24" type="BEFORE" />
<TLINK id="SECTIME7" fromID="E82" fromText="responded well" toID="T2" toText="2015-04-24" type="BEFORE" />
<TLINK id="SECTIME8" fromID="E18" fromText="fluid bolusing" toID="T2" toText="2015-04-24" type="BEFORE" />
<TLINK id="SECTIME9" fromID="E83" fromText="transferred" toID="T2" toText="2015-04-24" type="BEFORE" />
<TLINK id="SECTIME10" fromID="E58" fromText="CC6" toID="T2" toText="2015-04-24" type="BEFORE" />
<TLINK id="SECTIME11" fromID="E84" fromText="further recovery" toID="T2" toText="2015-04-24" type="BEFORE" />
<TLINK id="SECTIME12" fromID="E19" fromText="afebrile" toID="T2" toText="2015-04-24" type="BEFORE" />
<TLINK id="SECTIME13" fromID="E85" fromText="ice chips" toID="T2" toText="2015-04-24" type="BEFORE" />
<TLINK id="SECTIME14" fromID="E86" fromText="consulted" toID="T2" toText="2015-04-24" type="BEFORE" />
<TLINK id="SECTIME15" fromID="E20" fromText="her pain" toID="T2" toText="2015-04-24" type="BEFORE" />
<TLINK id="SECTIME16" fromID="E87" fromText="uncontrolled" toID="T2" toText="2015-04-24" type="BEFORE" />
<TLINK id="SECTIME17" fromID="E21" fromText="Dilaudid PCA" toID="T2" toText="2015-04-24" type="BEFORE" />
<TLINK id="SECTIME18" fromID="E88" fromText="fair effect" toID="T2" toText="2015-04-24" type="BEFORE" />
<TLINK id="SECTIME19" fromID="E63" fromText="presented" toID="T1" toText="2015-04-16" type="OVERLAP" />
<TLINK id="SECTIME20" fromID="E22" fromText="Urine output" toID="T2" toText="2015-04-24" type="BEFORE" />
<TLINK id="SECTIME21" fromID="E89" fromText="monitored" toID="T2" toText="2015-04-24" type="BEFORE" />
<TLINK id="SECTIME22" fromID="E23" fromText="telemetry" toID="T2" toText="2015-04-24" type="BEFORE" />
<TLINK id="SECTIME23" fromID="E24" fromText="mild tachycardia" toID="T2" toText="2015-04-24" type="BEFORE" />
<TLINK id="SECTIME24" fromID="E25" fromText="IV beta blockers" toID="T2" toText="2015-04-24" type="BEFORE" />
<TLINK id="SECTIME25" fromID="E90" fromText="ambulated" toID="T2" toText="2015-04-24" type="BEFORE" />
<TLINK id="SECTIME26" fromID="E64" fromText="the emergency department" toID="T1" toText="2015-04-16" type="BEFORE" />
<TLINK id="SECTIME27" fromID="E91" fromText="assistance" toID="T2" toText="2015-04-24" type="BEFORE" />
<TLINK id="SECTIME28" fromID="E26" fromText="sips and clears" toID="T2" toText="2015-04-24" type="BEFORE" />
<TLINK id="SECTIME29" fromID="E27" fromText="foley catheter" toID="T2" toText="2015-04-24" type="BEFORE" />
<TLINK id="SECTIME30" fromID="E28" fromText="bilious drainage" toID="T2" toText="2015-04-24" type="BEFORE" />
<TLINK id="SECTIME31" fromID="E29" fromText="her JP" toID="T2" toText="2015-04-24" type="BEFORE" />
<TLINK id="SECTIME32" fromID="E92" fromText="worsening abdominal pain" toID="T2" toText="2015-04-24" type="BEFORE" />
<TLINK id="SECTIME33" fromID="E30" fromText="exam" toID="T2" toText="2015-04-24" type="BEFORE" />
<TLINK id="SECTIME34" fromID="E31" fromText="NPO" toID="T2" toText="2015-04-24" type="BEFORE" />
<TLINK id="SECTIME35" fromID="E32" fromText="ERCP" toID="T2" toText="2015-04-24" type="BEFORE" />
<TLINK id="SECTIME36" fromID="E33" fromText="sphincterotomy" toID="T2" toText="2015-04-24" type="BEFORE" />
<TLINK id="SECTIME37" fromID="E34" fromText="biliary stent" toID="T2" toText="2015-04-24" type="BEFORE" />
<TLINK id="SECTIME38" fromID="E93" fromText="tolerated" toID="T2" toText="2015-04-24" type="BEFORE" />
<TLINK id="SECTIME39" fromID="E35" fromText="the procedure" toID="T2" toText="2015-04-24" type="BEFORE" />
<TLINK id="SECTIME40" fromID="E59" fromText="CC6" toID="T2" toText="2015-04-24" type="BEFORE" />
<TLINK id="SECTIME41" fromID="E36" fromText="JP" toID="T2" toText="2015-04-24" type="BEFORE" />
<TLINK id="SECTIME42" fromID="E37" fromText="serosainguinous drainage" toID="T2" toText="2015-04-24" type="BEFORE" />
<TLINK id="SECTIME43" fromID="E38" fromText="difficulty voiding" toID="T2" toText="2015-04-24" type="BEFORE" />
<TLINK id="SECTIME44" fromID="E39" fromText="straight cathed" toID="T2" toText="2015-04-24" type="BEFORE" />
<TLINK id="SECTIME45" fromID="E40" fromText="bladder scan" toID="T2" toText="2015-04-24" type="BEFORE" />
<TLINK id="SECTIME46" fromID="E94" fromText="revealed" toID="T2" toText="2015-04-24" type="BEFORE" />
<TLINK id="SECTIME47" fromID="E95" fromText="complaints" toID="T2" toText="2015-04-24" type="BEFORE" />
<TLINK id="SECTIME48" fromID="E41" fromText="urinary retention" toID="T2" toText="2015-04-24" type="BEFORE" />
<TLINK id="SECTIME49" fromID="E65" fromText="stated" toID="T1" toText="2015-04-16" type="OVERLAP" />
<TLINK id="SECTIME50" fromID="E96" fromText="able to void" toID="T2" toText="2015-04-24" type="BEFORE" />
<TLINK id="SECTIME51" fromID="E42" fromText="Renal function" toID="T2" toText="2015-04-24" type="BEFORE" />
<TLINK id="SECTIME52" fromID="E43" fromText="further straight catheterization" toID="T2" toText="2015-04-24" type="BEFORE" />
<TLINK id="SECTIME53" fromID="E44" fromText="clear liquids" toID="T2" toText="2015-04-24" type="BEFORE" />
<TLINK id="SECTIME54" fromID="E45" fromText="nausea" toID="T2" toText="2015-04-24" type="BEFORE" />
<TLINK id="SECTIME55" fromID="E46" fromText="vomiting" toID="T2" toText="2015-04-24" type="BEFORE" />
<TLINK id="SECTIME56" fromID="E47" fromText="Her pain" toID="T2" toText="2015-04-24" type="BEFORE" />
<TLINK id="SECTIME57" fromID="E97" fromText="well controlled" toID="T2" toText="2015-04-24" type="BEFORE" />
<TLINK id="SECTIME58" fromID="E48" fromText="Tylenol" toID="T2" toText="2015-04-24" type="BEFORE" />
<TLINK id="SECTIME59" fromID="E49" fromText="lantus" toID="T2" toText="2015-04-24" type="BEFORE" />
<TLINK id="SECTIME60" fromID="E50" fromText="elevated blood glucose" toID="T2" toText="2015-04-24" type="BEFORE" />
<TLINK id="SECTIME61" fromID="E98" fromText="advanced to regular" toID="T2" toText="2015-04-24" type="BEFORE" />
<TLINK id="SECTIME62" fromID="E51" fromText="disimpaction" toID="T2" toText="2015-04-24" type="BEFORE" />
<TLINK id="SECTIME63" fromID="E1" fromText="altered mental status" toID="T1" toText="2015-04-16" type="BEFORE" />
<TLINK id="SECTIME64" fromID="E52" fromText="hard stool in the rectum" toID="T2" toText="2015-04-24" type="BEFORE" />
<TLINK id="SECTIME65" fromID="E53" fromText="a bowel regimen" toID="T2" toText="2015-04-24" type="BEFORE" />
<TLINK id="SECTIME66" fromID="E54" fromText="diarrhea" toID="T2" toText="2015-04-24" type="BEFORE" />
<TLINK id="SECTIME67" fromID="E55" fromText="constipation" toID="T2" toText="2015-04-24" type="BEFORE" />
<TLINK id="SECTIME68" fromID="E99" fromText="discharged" toID="T2" toText="2015-04-24" type="OVERLAP" />
<TLINK id="SECTIME69" fromID="E100" fromText="rehab" toID="T2" toText="2015-04-24" type="AFTER" />
<TLINK id="SECTIME70" fromID="E101" fromText="stable condition" toID="T2" toText="2015-04-24" type="BEFORE" />
<TLINK id="SECTIME71" fromID="E102" fromText="follow up appointments" toID="T2" toText="2015-04-24" type="AFTER" />
<TLINK id="SECTIME72" fromID="E103" fromText="prescriptions" toID="T2" toText="2015-04-24" type="BEFORE" />
<TLINK id="SECTIME73" fromID="E2" fromText="diaphoresis" toID="T1" toText="2015-04-16" type="BEFORE" />
<TLINK id="SECTIME74" fromID="E104" fromText="removal" toID="T2" toText="2015-04-24" type="AFTER" />
<TLINK id="SECTIME75" fromID="E105" fromText="biliary stent" toID="T2" toText="2015-04-24" type="BEFORE" />
<TLINK id="SECTIME76" fromID="E66" fromText="diabetic" toID="T1" toText="2015-04-16" type="BEFORE" />
<TLINK id="SECTIME77" fromID="E60" fromText="Mental status" toID="T1" toText="2015-04-16" type="BEFORE" />
<TLINK id="SECTIME78" fromID="E67" fromText="improved" toID="T1" toText="2015-04-16" type="BEFORE" />
<TLINK id="SECTIME79" fromID="E3" fromText="binasal cannula oxygen" toID="T1" toText="2015-04-16" type="BEFORE" />
<TLINK id="SECTIME80" fromID="E68" fromText="localized" toID="T1" toText="2015-04-16" type="BEFORE" />
<TLINK id="SECTIME81" fromID="E69" fromText="right upper quadrant pain" toID="T1" toText="2015-04-16" type="BEFORE" />
<TLINK id="SECTIME82" fromID="E70" fromText="leukocytosis" toID="T1" toText="2015-04-16" type="BEFORE" />
<TLINK id="SECTIME83" fromID="E71" fromText="transaminasemia" toID="T1" toText="2015-04-16" type="BEFORE" />
<TLINK id="SECTIME84" fromID="E61" fromText="admitted" toID="T2" toText="2015-04-24" type="BEFORE" />
<TLINK id="SECTIME85" fromID="E4" fromText="altered mental status" toID="T2" toText="2015-04-24" type="BEFORE" />
<TLINK id="SECTIME86" fromID="E5" fromText="acute right upper quadrant abdominal pain" toID="T2" toText="2015-04-24" type="BEFORE" />
<TLINK id="SECTIME87" fromID="E72" fromText="Gallbladder ultra sound" toID="T2" toText="2015-04-24" type="BEFORE" />
<TLINK id="SECTIME88" fromID="E73" fromText="revealed" toID="T2" toText="2015-04-24" type="BEFORE" />
<TLINK id="SECTIME89" fromID="E74" fromText="non mobile stone" toID="T2" toText="2015-04-24" type="BEFORE" />
<TLINK id="SECTIME90" fromID="E75" fromText="monitored" toID="T2" toText="2015-04-24" type="BEFORE" />
<TLINK id="SECTIME91" fromID="E76" fromText="the CMED" toID="T2" toText="2015-04-24" type="BEFORE" />
<TLINK id="SECTIME92" fromID="E77" fromText="the OR" toID="T2" toText="2015-04-24" type="BEFORE" />
<TLINK id="SECTIME93" fromID="E6" fromText="lap" toID="T2" toText="2015-04-24" type="BEFORE" />
<TLINK id="SECTIME94" fromID="E7" fromText="open cholecystectomy" toID="T2" toText="2015-04-24" type="BEFORE" />
<TLINK id="SECTIME95" fromID="E78" fromText="tolerated" toID="T2" toText="2015-04-24" type="BEFORE" />
<TLINK id="SECTIME96" fromID="E8" fromText="the procedure" toID="T2" toText="2015-04-24" type="BEFORE" />
<TLINK id="SECTIME97" fromID="E9" fromText="extubated" toID="T2" toText="2015-04-24" type="BEFORE" />
<TLINK id="SECTIME98" fromID="E79" fromText="recovered well" toID="T2" toText="2015-04-24" type="BEFORE" />
<TLINK id="SECTIME99" fromID="E56" fromText="PACU" toID="T2" toText="2015-04-24" type="BEFORE" />
<TLINK id="SECTIME100" fromID="E10" fromText="NPO" toID="T2" toText="2015-04-24" type="BEFORE" />
<TLINK id="SECTIME101" fromID="E11" fromText="IV fluids" toID="T2" toText="2015-04-24" type="BEFORE" />
<TLINK id="SECTIME102" fromID="E12" fromText="foley catheter" toID="T2" toText="2015-04-24" type="BEFORE" />
<TLINK id="SECTIME103" fromID="E13" fromText="Dilaudid IV" toID="T2" toText="2015-04-24" type="BEFORE" />
</TAGS>
</ClinicalNarrativeTemporalAnnotation>
