<?xml version="1.0" encoding="UTF-8" ?>
<ClinicalNarrativeTemporalAnnotation>
<TEXT><![CDATA[
Admission Date :
2017-08-14
Discharge Date :
2017-08-23
Service :
MEDICINE
History of Present Illness :
Mr. Lockley is a 73 yo male with a complicated past medical history , recently discharged from St. Margaret 's Center for Women & Infants on 08-02 following a prolonged admission for STEMI , respiratory failure felt secondary to pulmonary edema requiring intubation and subsequent tracheostomy 02-22 failure to wean , sepsis and C.difficile colitis treated with Vancomycin and Flagyl with a course of Levophed .
He was discharged to Athol Memorial Hospital for continued weaning .
Per Dr. John C. Corrigan Mental Health Center , patient remained ventilator dependent , intermittently on PS 20/5 and back on AC 15/5/500/0.35 on 08-08 .
At OSH , sputum cultures grew Pseudomonas and MRSA , and he was restarted on Zosyn ( 08-08 ) and Vancomycin ( 08-09 ).
He completed his course of Vancomycin on 2017-08-10 .
However , today around 17:45 , while being moved by the nursing staff , Mr. Lockley Bosche started coughing .
Suctioned X 1 , mucus not cleared .
He then became dusky and cyanotic , and stopped breathing on his own .
A code was called , + pulse .
Patient placed on FiO2 100% .
Vitals reportedly HR 88-98 , BP 150/80 .
ABG done on FiO2 100% 7.36/66/417/98% .
At Vencor Hospital , BP dropped to 90 , and patient was started on NS IVF , with improvement in BP .
EKG without acute changes .
He was transferred to St. Margaret 's Center for Women & Infants John for further management on AC , RR 15 , PEEP 5 , Vt 500 , Fi02 1.0 .
In John , BP 80/60 , HR 80 .
Continued on IVF ( received total 2300 cc ) , with improved BP to SBP 105-118 .
Stool sent for C.diff and given Flagyl 500 mg PO X 1 dose .
Brief Hospital Course :
Mr. Lockley was admitted with respiratory failure , thought to be related to mucus plugging as well as a pseudomonal pneumonia .
Both of these etiologies were treated , and he continued to oxygenate and ventilate well on his usual ventilator settings .
However , the issue that dominated the admission was his recent acute decline in mental status .
He was thoroughly evaluated by neurology and underwent head CT , MRI , LP , and EEG .
This work-up demonstrated a small left basal ganglia infarct , likely cardioembolic .
However , they felt this event could not account for his new , severe global deficit ; this was thought to be secondary to a more pervasive process , likely anoxic encephalopathy , for which the prognosis is extremely grim .
This was discussed at length in several family meetings involving the patient 's wife , son , primary care doctor , ICU attending , and neurology consultant in the presence of a Asian interpreter .
The end result of these discussion was that the patient 's wishes would not be consistent with this new level of functioning from which he had little hope of recovery ; the family decided to make him comfort measures only .
He was disconnected from the ventilator and all medications beyond a morphine drip were stopped , and he expired shortly thereafter .
The family was present .
]]></TEXT>
<TAGS>
<EVENT id="E0" start="1" end="10" text="Admission" modality="FACTUAL" polarity="POS" type="OCCURRENCE" />
<EVENT id="E21" start="1012" end="1020" text="coughing" modality="FACTUAL" polarity="POS" type="PROBLEM" />
<EVENT id="E75" start="1023" end="1032" text="Suctioned" modality="FACTUAL" polarity="POS" type="TREATMENT" />
<EVENT id="E76" start="1039" end="1044" text="mucus" modality="FACTUAL" polarity="POS" type="PROBLEM" />
<EVENT id="E78" start="1049" end="1056" text="cleared" modality="FACTUAL" polarity="NEG" type="OCCURRENCE" />
<EVENT id="E22" start="1074" end="1079" text="dusky" modality="FACTUAL" polarity="POS" type="PROBLEM" />
<EVENT id="E23" start="1084" end="1092" text="cyanotic" modality="FACTUAL" polarity="POS" type="PROBLEM" />
<EVENT id="E24" start="1099" end="1116" text="stopped breathing" modality="FACTUAL" polarity="POS" type="PROBLEM" />
<EVENT id="E77" start="1130" end="1136" text="A code" modality="FACTUAL" polarity="POS" type="PROBLEM" />
<EVENT id="E25" start="1152" end="1157" text="pulse" modality="FACTUAL" polarity="POS" type="TREATMENT" />
<EVENT id="E26" start="1178" end="1182" text="FiO2" modality="FACTUAL" polarity="POS" type="TREATMENT" />
<EVENT id="E27" start="1190" end="1196" text="Vitals" modality="FACTUAL" polarity="POS" type="TEST" />
<EVENT id="E28" start="1208" end="1210" text="HR" modality="FACTUAL" polarity="POS" type="TEST" />
<EVENT id="E29" start="1219" end="1221" text="BP" modality="FACTUAL" polarity="POS" type="TEST" />
<EVENT id="E30" start="1231" end="1234" text="ABG" modality="FACTUAL" polarity="POS" type="TEST" />
<EVENT id="E31" start="1243" end="1247" text="FiO2" modality="FACTUAL" polarity="POS" type="TREATMENT" />
<EVENT id="E79" start="1274" end="1289" text="Vencor Hospital" modality="FACTUAL" polarity="POS" type="CLINICAL_DEPT" />
<EVENT id="E32" start="1292" end="1302" text="BP dropped" modality="FACTUAL" polarity="POS" type="PROBLEM" />
<EVENT id="E33" start="1338" end="1344" text="NS IVF" modality="FACTUAL" polarity="POS" type="TREATMENT" />
<EVENT id="E80" start="1352" end="1363" text="improvement" modality="FACTUAL" polarity="POS" type="OCCURRENCE" />
<EVENT id="E81" start="1367" end="1369" text="BP" modality="FACTUAL" polarity="POS" type="TREATMENT" />
<EVENT id="E34" start="1372" end="1375" text="EKG" modality="FACTUAL" polarity="POS" type="TEST" />
<EVENT id="E82" start="1384" end="1397" text="acute changes" modality="FACTUAL" polarity="NEG" type="PROBLEM" />
<EVENT id="E65" start="1407" end="1418" text="transferred" modality="FACTUAL" polarity="POS" type="OCCURRENCE" />
<EVENT id="E83" start="1422" end="1469" text="St. Margaret 's Center for Women & Infants John" modality="FACTUAL" polarity="POS" type="CLINICAL_DEPT" />
<EVENT id="E35" start="1474" end="1492" text="further management" modality="FACTUAL" polarity="POS" type="TREATMENT" />
<EVENT id="E36" start="1496" end="1498" text="AC" modality="FACTUAL" polarity="POS" type="TREATMENT" />
<EVENT id="E37" start="1501" end="1503" text="RR" modality="FACTUAL" polarity="POS" type="TREATMENT" />
<EVENT id="E38" start="1509" end="1513" text="PEEP" modality="FACTUAL" polarity="POS" type="TREATMENT" />
<EVENT id="E39" start="1518" end="1520" text="Vt" modality="FACTUAL" polarity="POS" type="TREATMENT" />
<EVENT id="E40" start="1527" end="1531" text="Fi02" modality="FACTUAL" polarity="POS" type="TREATMENT" />
<EVENT id="E84" start="1541" end="1545" text="John" modality="FACTUAL" polarity="POS" type="CLINICAL_DEPT" />
<EVENT id="E41" start="1548" end="1550" text="BP" modality="FACTUAL" polarity="POS" type="TEST" />
<EVENT id="E42" start="1559" end="1561" text="HR" modality="FACTUAL" polarity="POS" type="TEST" />
<EVENT id="E43" start="1580" end="1583" text="IVF" modality="FACTUAL" polarity="POS" type="TREATMENT" />
<EVENT id="E44" start="1627" end="1629" text="BP" modality="FACTUAL" polarity="POS" type="TEST" />
<EVENT id="E45" start="1633" end="1636" text="SBP" modality="FACTUAL" polarity="POS" type="TEST" />
<EVENT id="E46" start="1647" end="1652" text="Stool" modality="FACTUAL" polarity="POS" type="TEST" />
<EVENT id="E47" start="1662" end="1668" text="C.diff" modality="FACTUAL" polarity="POS" type="PROBLEM" />
<EVENT id="E48" start="1679" end="1685" text="Flagyl" modality="FACTUAL" polarity="POS" type="TREATMENT" />
<EVENT id="E85" start="1747" end="1755" text="admitted" modality="FACTUAL" polarity="POS" type="OCCURRENCE" />
<EVENT id="E49" start="1761" end="1780" text="respiratory failure" modality="FACTUAL" polarity="POS" type="PROBLEM" />
<EVENT id="E50" start="1808" end="1822" text="mucus plugging" modality="POSSIBLE" polarity="POS" type="PROBLEM" />
<EVENT id="E86" start="1834" end="1857" text="a pseudomonal pneumonia" modality="POSSIBLE" polarity="POS" type="PROBLEM" />
<EVENT id="E66" start="184" end="194" text="discharged" modality="FACTUAL" polarity="POS" type="OCCURRENCE" />
<EVENT id="E87" start="1890" end="1897" text="treated" modality="FACTUAL" polarity="POS" type="TREATMENT" />
<EVENT id="E88" start="1920" end="1929" text="oxygenate" modality="FACTUAL" polarity="POS" type="OCCURRENCE" />
<EVENT id="E89" start="1934" end="1943" text="ventilate" modality="FACTUAL" polarity="POS" type="OCCURRENCE" />
<EVENT id="E51" start="1952" end="1981" text="his usual ventilator settings" modality="FACTUAL" polarity="POS" type="TREATMENT" />
<EVENT id="E70" start="200" end="242" text="St. Margaret 's Center for Women & Infants" modality="FACTUAL" polarity="POS" type="CLINICAL_DEPT" />
<EVENT id="E90" start="2019" end="2032" text="the admission" modality="FACTUAL" polarity="POS" type="OCCURRENCE" />
<EVENT id="E91" start="2048" end="2078" text="acute decline in mental status" modality="FACTUAL" polarity="POS" type="PROBLEM" />
<EVENT id="E92" start="2099" end="2108" text="evaluated" modality="FACTUAL" polarity="POS" type="TEST" />
<EVENT id="E93" start="2112" end="2121" text="neurology" modality="FACTUAL" polarity="POS" type="CLINICAL_DEPT" />
<EVENT id="E53" start="2136" end="2143" text="head CT" modality="FACTUAL" polarity="POS" type="TEST" />
<EVENT id="E54" start="2146" end="2149" text="MRI" modality="FACTUAL" polarity="POS" type="TEST" />
<EVENT id="E55" start="2152" end="2154" text="LP" modality="FACTUAL" polarity="POS" type="TEST" />
<EVENT id="E56" start="2161" end="2164" text="EEG" modality="FACTUAL" polarity="POS" type="TEST" />
<EVENT id="E57" start="2167" end="2179" text="This work-up" modality="FACTUAL" polarity="POS" type="TEST" />
<EVENT id="E94" start="2180" end="2192" text="demonstrated" modality="FACTUAL" polarity="POS" type="EVIDENTIAL" />
<EVENT id="E58" start="2193" end="2227" text="a small left basal ganglia infarct" modality="FACTUAL" polarity="POS" type="PROBLEM" />
<EVENT id="E59" start="2237" end="2250" text="cardioembolic" modality="POSSIBLE" polarity="POS" type="PROBLEM" />
<EVENT id="E107" start="2273" end="2283" text="this event" modality="FACTUAL" polarity="POS" type="PROBLEM" />
<EVENT id="E95" start="2294" end="2305" text="account for" modality="FACTUAL" polarity="NEG" type="OCCURRENCE" />
<EVENT id="E96" start="2316" end="2337" text="severe global deficit" modality="FACTUAL" polarity="POS" type="PROBLEM" />
<EVENT id="E97" start="2376" end="2400" text="a more pervasive process" modality="POSSIBLE" polarity="POS" type="PROBLEM" />
<EVENT id="E60" start="2410" end="2431" text="anoxic encephalopathy" modality="POSSIBLE" polarity="POS" type="PROBLEM" />
<EVENT id="E98" start="2444" end="2457" text="the prognosis" modality="FACTUAL" polarity="POS" type="OCCURRENCE" />
<EVENT id="E99" start="2461" end="2475" text="extremely grim" modality="FACTUAL" polarity="POS" type="OCCURRENCE" />
<EVENT id="E100" start="2487" end="2496" text="discussed" modality="FACTUAL" polarity="POS" type="OCCURRENCE" />
<EVENT id="E101" start="2518" end="2533" text="family meetings" modality="FACTUAL" polarity="POS" type="OCCURRENCE" />
<EVENT id="E71" start="262" end="283" text="a prolonged admission" modality="FACTUAL" polarity="POS" type="OCCURRENCE" />
<EVENT id="E102" start="2720" end="2741" text="the patient 's wishes" modality="FACTUAL" polarity="POS" type="OCCURRENCE" />
<EVENT id="E103" start="2780" end="2800" text="level of functioning" modality="FACTUAL" polarity="POS" type="OCCURRENCE" />
<EVENT id="E104" start="2826" end="2830" text="hope" modality="CONDITIONAL" polarity="POS" type="OCCURRENCE" />
<EVENT id="E105" start="2834" end="2842" text="recovery" modality="POSSIBLE" polarity="POS" type="OCCURRENCE" />
<EVENT id="E1" start="288" end="293" text="STEMI" modality="FACTUAL" polarity="POS" type="PROBLEM" />
<EVENT id="E61" start="2876" end="2897" text="comfort measures only" modality="FACTUAL" polarity="POS" type="TREATMENT" />
<EVENT id="E69" start="29" end="38" text="Discharge" modality="FACTUAL" polarity="POS" type="OCCURRENCE" />
<EVENT id="E62" start="2925" end="2939" text="the ventilator" modality="FACTUAL" polarity="POS" type="TREATMENT" />
<EVENT id="E63" start="2944" end="2959" text="all medications" modality="FACTUAL" polarity="POS" type="TREATMENT" />
<EVENT id="E2" start="296" end="315" text="respiratory failure" modality="FACTUAL" polarity="POS" type="PROBLEM" />
<EVENT id="E64" start="2967" end="2982" text="a morphine drip" modality="FACTUAL" polarity="POS" type="TREATMENT" />
<EVENT id="E106" start="3005" end="3012" text="expired" modality="FACTUAL" polarity="POS" type="OCCURRENCE" />
<EVENT id="E3" start="334" end="349" text="pulmonary edema" modality="FACTUAL" polarity="POS" type="PROBLEM" />
<EVENT id="E67" start="360" end="370" text="intubation" modality="FACTUAL" polarity="POS" type="TREATMENT" />
<EVENT id="E4" start="386" end="398" text="tracheostomy" modality="FACTUAL" polarity="POS" type="TREATMENT" />
<EVENT id="E5" start="405" end="420" text="failure to wean" modality="FACTUAL" polarity="POS" type="PROBLEM" />
<EVENT id="E6" start="423" end="429" text="sepsis" modality="FACTUAL" polarity="POS" type="PROBLEM" />
<EVENT id="E7" start="434" end="453" text="C.difficile colitis" modality="FACTUAL" polarity="POS" type="PROBLEM" />
<EVENT id="E8" start="467" end="477" text="Vancomycin" modality="FACTUAL" polarity="POS" type="TREATMENT" />
<EVENT id="E9" start="482" end="488" text="Flagyl" modality="FACTUAL" polarity="POS" type="TREATMENT" />
<EVENT id="E10" start="506" end="514" text="Levophed" modality="FACTUAL" polarity="POS" type="TREATMENT" />
<EVENT id="E68" start="524" end="534" text="discharged" modality="FACTUAL" polarity="POS" type="OCCURRENCE" />
<EVENT id="E72" start="538" end="561" text="Athol Memorial Hospital" modality="FACTUAL" polarity="POS" type="CLINICAL_DEPT" />
<EVENT id="E11" start="566" end="583" text="continued weaning" modality="FACTUAL" polarity="POS" type="TREATMENT" />
<EVENT id="E73" start="602" end="631" text="Corrigan Mental Health Center" modality="FACTUAL" polarity="POS" type="CLINICAL_DEPT" />
<EVENT id="E12" start="651" end="671" text="ventilator dependent" modality="FACTUAL" polarity="POS" type="PROBLEM" />
<EVENT id="E13" start="692" end="694" text="PS" modality="FACTUAL" polarity="POS" type="TREATMENT" />
<EVENT id="E14" start="712" end="714" text="AC" modality="FACTUAL" polarity="POS" type="TREATMENT" />
<EVENT id="E74" start="743" end="746" text="OSH" modality="FACTUAL" polarity="POS" type="CLINICAL_DEPT" />
<EVENT id="E15" start="749" end="764" text="sputum cultures" modality="FACTUAL" polarity="POS" type="TEST" />
<EVENT id="E16" start="770" end="781" text="Pseudomonas" modality="FACTUAL" polarity="POS" type="PROBLEM" />
<EVENT id="E17" start="786" end="790" text="MRSA" modality="FACTUAL" polarity="POS" type="PROBLEM" />
<EVENT id="E18" start="817" end="822" text="Zosyn" modality="FACTUAL" polarity="POS" type="TREATMENT" />
<EVENT id="E19" start="837" end="847" text="Vancomycin" modality="FACTUAL" polarity="POS" type="TREATMENT" />
<EVENT id="E20" start="886" end="896" text="Vancomycin" modality="FACTUAL" polarity="POS" type="TREATMENT" />
<TIMEX3 id="T10" start="1033" end="1036" text="X 1" type="FREQUENCY" val="R1" mod="NA" />
<TIMEX3 id="T9" start="1696" end="1699" text="X 1" type="FREQUENCY" val="R1" mod="NA" />
<TIMEX3 id="T1" start="18" end="28" text="2017-08-14" type="DATE" val="2017-08-14" mod="NA" />
<TIMEX3 id="T3" start="246" end="251" text="08-02" type="DATE" val="2017-08-02" mod="NA" />
<TIMEX3 id="T0" start="399" end="404" text="02-22" type="DATE" val="2017-02-22" mod="NA" />
<TIMEX3 id="T2" start="46" end="56" text="2017-08-23" type="DATE" val="2017-08-23" mod="NA" />
<TIMEX3 id="T4" start="732" end="737" text="08-08" type="DATE" val="2017-08-08" mod="NA" />
<TIMEX3 id="T5" start="825" end="830" text="08-08" type="DATE" val="2017-08-08" mod="NA" />
<TIMEX3 id="T6" start="850" end="855" text="08-09" type="DATE" val="2017-08-09" mod="NA" />
<TIMEX3 id="T7" start="900" end="910" text="2017-08-10" type="DATE" val="2017-08-10" mod="NA" />
<TIMEX3 id="T8" start="923" end="941" text="today around 17:45" type="TIME" val="2017-08-14T17:45" mod="APPROX" />
<TLINK id="TL0" fromID="E0" fromText="Admission" toID="T1" toText="2017-08-14" type="SIMULTANEOUS" />
<TLINK id="TL1" fromID="E3" fromText="pulmonary edema" toID="E67" toText="intubation" type="BEFORE_OVERLAP" />
<TLINK id="TL10" fromID="E33" fromText="NS IVF" toID="E32" toText="BP dropped" type="AFTER" />
<TLINK id="TL100" fromID="E50" fromText="mucus plugging" toID="E49" toText="respiratory failure" type="BEFORE_OVERLAP" />
<TLINK id="TL101" fromID="E86" fromText="a pseudomonal pneumonia" toID="E50" toText="mucus plugging" type="OVERLAP" />
<TLINK id="TL102" fromID="E87" fromText="treated" toID="E85" toText="admitted" type="AFTER" />
<TLINK id="TL103" fromID="E88" fromText="oxygenate" toID="E87" toText="treated" type="BEFORE_OVERLAP" />
<TLINK id="TL104" fromID="E89" fromText="ventilate" toID="E88" toText="oxygenate" type="OVERLAP" />
<TLINK id="TL105" fromID="E51" fromText="his usual ventilator settings" toID="E89" toText="ventilate" type="SIMULTANEOUS" />
<TLINK id="TL106" fromID="E90" fromText="the admission" toID="E85" toText="admitted" type="SIMULTANEOUS" />
<TLINK id="TL107" fromID="E91" fromText="acute decline in mental status" toID="E90" toText="the admission" type="BEFORE" />
<TLINK id="TL108" fromID="E92" fromText="evaluated" toID="E90" toText="the admission" type="AFTER" />
<TLINK id="TL109" fromID="E93" fromText="neurology" toID="E92" toText="evaluated" type="SIMULTANEOUS" />
<TLINK id="TL11" fromID="E41" fromText="BP" toID="E42" toText="HR" type="OVERLAP" />
<TLINK id="TL110" fromID="E53" fromText="head CT" toID="E92" toText="evaluated" type="AFTER" />
<TLINK id="TL111" fromID="E54" fromText="MRI" toID="E53" toText="head CT" type="OVERLAP" />
<TLINK id="TL112" fromID="E55" fromText="LP" toID="E54" toText="MRI" type="OVERLAP" />
<TLINK id="TL113" fromID="E56" fromText="EEG" toID="E55" toText="LP" type="OVERLAP" />
<TLINK id="TL114" fromID="E57" fromText="This work-up" toID="E53" toText="head CT" type="SIMULTANEOUS" />
<TLINK id="TL115" fromID="E94" fromText="demonstrated" toID="E57" toText="This work-up" type="SIMULTANEOUS" />
<TLINK id="TL117" fromID="E59" fromText="cardioembolic" toID="E58" toText="a small left basal ganglia infarct" type="SIMULTANEOUS" />
<TLINK id="TL118" fromID="E58" fromText="a small left basal ganglia infarct" toID="E94" toText="demonstrated" type="BEFORE" />
<TLINK id="TL119" fromID="E58" fromText="a small left basal ganglia infarct" toID="E107" toText="this event" type="SIMULTANEOUS" />
<TLINK id="TL12" fromID="E46" fromText="Stool" toID="E47" toText="C.diff" type="OVERLAP" />
<TLINK id="TL120" fromID="E95" fromText="account for" toID="E107" toText="this event" type="SIMULTANEOUS" />
<TLINK id="TL121" fromID="E96" fromText="severe global deficit" toID="E107" toText="this event" type="AFTER" />
<TLINK id="TL122" fromID="E97" fromText="a more pervasive process" toID="E96" toText="severe global deficit" type="BEFORE_OVERLAP" />
<TLINK id="TL123" fromID="E60" fromText="anoxic encephalopathy" toID="E97" toText="a more pervasive process" type="SIMULTANEOUS" />
<TLINK id="TL124" fromID="E60" fromText="anoxic encephalopathy" toID="E98" toText="the prognosis" type="BEFORE_OVERLAP" />
<TLINK id="TL125" fromID="E99" fromText="extremely grim" toID="E98" toText="the prognosis" type="SIMULTANEOUS" />
<TLINK id="TL126" fromID="E100" fromText="discussed" toID="E98" toText="the prognosis" type="OVERLAP" />
<TLINK id="TL127" fromID="E100" fromText="discussed" toID="E101" toText="family meetings" type="OVERLAP" />
<TLINK id="TL128" fromID="E102" fromText="the patient 's wishes" toID="E103" toText="level of functioning" type="OVERLAP" />
<TLINK id="TL129" fromID="E103" fromText="level of functioning" toID="E96" toText="severe global deficit" type="SIMULTANEOUS" />
<TLINK id="TL13" fromID="E62" fromText="the ventilator" toID="E61" toText="comfort measures only" type="ENDED_BY" />
<TLINK id="TL130" fromID="E104" fromText="hope" toID="E103" toText="level of functioning" type="OVERLAP" />
<TLINK id="TL131" fromID="E105" fromText="recovery" toID="E104" toText="hope" type="AFTER" />
<TLINK id="TL132" fromID="E61" fromText="comfort measures only" toID="E105" toText="recovery" type="OVERLAP" />
<TLINK id="TL134" fromID="E63" fromText="all medications" toID="E61" toText="comfort measures only" type="ENDED_BY" />
<TLINK id="TL135" fromID="E64" fromText="a morphine drip" toID="E61" toText="comfort measures only" type="BEFORE_OVERLAP" />
<TLINK id="TL136" fromID="E64" fromText="a morphine drip" toID="E106" toText="expired" type="ENDED_BY" />
<TLINK id="TL137" fromID="E106" fromText="expired" toID="E69" toText="Discharge" type="SIMULTANEOUS" />
<TLINK id="TL15" fromID="E85" fromText="admitted" toID="E0" toText="Admission" type="SIMULTANEOUS" />
<TLINK id="TL16" fromID="E69" fromText="Discharge" toID="T2" toText="2017-08-23" type="SIMULTANEOUS" />
<TLINK id="TL17" fromID="E71" fromText="a prolonged admission" toID="E66" toText="discharged" type="ENDED_BY" />
<TLINK id="TL18" fromID="E70" fromText="St. Margaret 's Center for Women & Infants" toID="E71" toText="a prolonged admission" type="SIMULTANEOUS" />
<TLINK id="TL19" fromID="E66" fromText="discharged" toID="T3" toText="08-02" type="SIMULTANEOUS" />
<TLINK id="TL2" fromID="E6" fromText="sepsis" toID="E7" toText="C.difficile colitis" type="OVERLAP" />
<TLINK id="TL20" fromID="E66" fromText="discharged" toID="E0" toText="Admission" type="BEFORE" />
<TLINK id="TL21" fromID="E1" fromText="STEMI" toID="E71" toText="a prolonged admission" type="BEFORE_OVERLAP" />
<TLINK id="TL22" fromID="E2" fromText="respiratory failure" toID="E1" toText="STEMI" type="OVERLAP" />
<TLINK id="TL23" fromID="E3" fromText="pulmonary edema" toID="E2" toText="respiratory failure" type="BEFORE_OVERLAP" />
<TLINK id="TL25" fromID="E67" fromText="intubation" toID="E71" toText="a prolonged admission" type="BEGUN_BY" />
<TLINK id="TL26" fromID="T8" fromText="today around 17:45" toID="E0" toText="Admission" type="SIMULTANEOUS" />
<TLINK id="TL27" fromID="E67" fromText="intubation" toID="E4" toText="tracheostomy" type="BEFORE_OVERLAP" />
<TLINK id="TL28" fromID="E4" fromText="tracheostomy" toID="T0" toText="02-22" type="SIMULTANEOUS" />
<TLINK id="TL29" fromID="E5" fromText="failure to wean" toID="E4" toText="tracheostomy" type="AFTER" />
<TLINK id="TL3" fromID="E15" fromText="sputum cultures" toID="E16" toText="Pseudomonas" type="OVERLAP" />
<TLINK id="TL30" fromID="E6" fromText="sepsis" toID="E3" toText="pulmonary edema" type="OVERLAP" />
<TLINK id="TL31" fromID="E7" fromText="C.difficile colitis" toID="E6" toText="sepsis" type="OVERLAP" />
<TLINK id="TL32" fromID="E7" fromText="C.difficile colitis" toID="E8" toText="Vancomycin" type="ENDED_BY" />
<TLINK id="TL33" fromID="E9" fromText="Flagyl" toID="E8" toText="Vancomycin" type="OVERLAP" />
<TLINK id="TL34" fromID="E10" fromText="Levophed" toID="E9" toText="Flagyl" type="OVERLAP" />
<TLINK id="TL35" fromID="E68" fromText="discharged" toID="E66" toText="discharged" type="SIMULTANEOUS" />
<TLINK id="TL36" fromID="E72" fromText="Athol Memorial Hospital" toID="E68" toText="discharged" type="BEGUN_BY" />
<TLINK id="TL37" fromID="E11" fromText="continued weaning" toID="E72" toText="Athol Memorial Hospital" type="BEFORE_OVERLAP" />
<TLINK id="TL38" fromID="E73" fromText="Corrigan Mental Health Center" toID="E0" toText="Admission" type="BEFORE" />
<TLINK id="TL39" fromID="E12" fromText="ventilator dependent" toID="E73" toText="Corrigan Mental Health Center" type="BEFORE_OVERLAP" />
<TLINK id="TL4" fromID="E18" fromText="Zosyn" toID="T5" toText="08-08" type="BEGUN_BY" />
<TLINK id="TL40" fromID="E13" fromText="PS" toID="E12" toText="ventilator dependent" type="OVERLAP" />
<TLINK id="TL41" fromID="E14" fromText="AC" toID="E13" toText="PS" type="AFTER" />
<TLINK id="TL42" fromID="E14" fromText="AC" toID="T4" toText="08-08" type="BEGUN_BY" />
<TLINK id="TL43" fromID="E74" fromText="OSH" toID="E73" toText="Corrigan Mental Health Center" type="OVERLAP" />
<TLINK id="TL44" fromID="E15" fromText="sputum cultures" toID="E74" toText="OSH" type="DURING" />
<TLINK id="TL46" fromID="E17" fromText="MRSA" toID="E16" toText="Pseudomonas" type="OVERLAP" />
<TLINK id="TL47" fromID="E18" fromText="Zosyn" toID="E15" toText="sputum cultures" type="AFTER" />
<TLINK id="TL49" fromID="E19" fromText="Vancomycin" toID="T6" toText="08-09" type="BEGUN_BY" />
<TLINK id="TL50" fromID="T6" fromText="08-09" toID="T5" toText="08-08" type="AFTER" />
<TLINK id="TL51" fromID="E20" fromText="Vancomycin" toID="T7" toText="2017-08-10" type="ENDED_BY" />
<TLINK id="TL52" fromID="E20" fromText="Vancomycin" toID="E8" toText="Vancomycin" type="SIMULTANEOUS" />
<TLINK id="TL53" fromID="T7" fromText="2017-08-10" toID="T6" toText="08-09" type="AFTER" />
<TLINK id="TL54" fromID="T7" fromText="2017-08-10" toID="E0" toText="Admission" type="BEFORE" />
<TLINK id="TL55" fromID="E21" fromText="coughing" toID="T8" toText="today around 17:45" type="BEGUN_BY" />
<TLINK id="TL56" fromID="E75" fromText="Suctioned" toID="T10" toText="X 1" type="OVERLAP" />
<TLINK id="TL57" fromID="E75" fromText="Suctioned" toID="T8" toText="today around 17:45" type="AFTER" />
<TLINK id="TL58" fromID="E76" fromText="mucus" toID="E75" toText="Suctioned" type="BEFORE_OVERLAP" />
<TLINK id="TL6" fromID="E22" fromText="dusky" toID="E23" toText="cyanotic" type="OVERLAP" />
<TLINK id="TL60" fromID="E78" fromText="cleared" toID="E75" toText="Suctioned" type="DURING" />
<TLINK id="TL61" fromID="E22" fromText="dusky" toID="E75" toText="Suctioned" type="AFTER" />
<TLINK id="TL62" fromID="E23" fromText="cyanotic" toID="E22" toText="dusky" type="OVERLAP" />
<TLINK id="TL63" fromID="E24" fromText="stopped breathing" toID="E23" toText="cyanotic" type="OVERLAP" />
<TLINK id="TL64" fromID="E77" fromText="A code" toID="E24" toText="stopped breathing" type="AFTER" />
<TLINK id="TL65" fromID="E25" fromText="pulse" toID="E77" toText="A code" type="OVERLAP" />
<TLINK id="TL66" fromID="E26" fromText="FiO2" toID="E25" toText="pulse" type="AFTER" />
<TLINK id="TL67" fromID="E26" fromText="FiO2" toID="E27" toText="Vitals" type="OVERLAP" />
<TLINK id="TL68" fromID="E29" fromText="BP" toID="E28" toText="HR" type="SIMULTANEOUS" />
<TLINK id="TL69" fromID="E30" fromText="ABG" toID="E27" toText="Vitals" type="OVERLAP" />
<TLINK id="TL7" fromID="E23" fromText="cyanotic" toID="E24" toText="stopped breathing" type="OVERLAP" />
<TLINK id="TL70" fromID="E30" fromText="ABG" toID="E31" toText="FiO2" type="DURING" />
<TLINK id="TL71" fromID="E79" fromText="Vencor Hospital" toID="E27" toText="Vitals" type="AFTER" />
<TLINK id="TL72" fromID="E32" fromText="BP dropped" toID="E79" toText="Vencor Hospital" type="DURING" />
<TLINK id="TL74" fromID="E81" fromText="BP" toID="E32" toText="BP dropped" type="AFTER" />
<TLINK id="TL75" fromID="E80" fromText="improvement" toID="E81" toText="BP" type="SIMULTANEOUS" />
<TLINK id="TL76" fromID="E33" fromText="NS IVF" toID="E80" toText="improvement" type="BEFORE_OVERLAP" />
<TLINK id="TL77" fromID="E34" fromText="EKG" toID="E33" toText="NS IVF" type="OVERLAP" />
<TLINK id="TL78" fromID="E82" fromText="acute changes" toID="E34" toText="EKG" type="BEFORE_OVERLAP" />
<TLINK id="TL8" fromID="E27" fromText="Vitals" toID="E28" toText="HR" type="SIMULTANEOUS" />
<TLINK id="TL80" fromID="E79" fromText="Vencor Hospital" toID="E65" toText="transferred" type="ENDED_BY" />
<TLINK id="TL81" fromID="E83" fromText="St. Margaret 's Center for Women & Infants John" toID="E65" toText="transferred" type="BEGUN_BY" />
<TLINK id="TL82" fromID="E35" fromText="further management" toID="E83" toText="St. Margaret 's Center for Women & Infants John" type="BEGUN_BY" />
<TLINK id="TL83" fromID="E36" fromText="AC" toID="E35" toText="further management" type="SIMULTANEOUS" />
<TLINK id="TL84" fromID="E37" fromText="RR" toID="E36" toText="AC" type="SIMULTANEOUS" />
<TLINK id="TL85" fromID="E38" fromText="PEEP" toID="E37" toText="RR" type="SIMULTANEOUS" />
<TLINK id="TL86" fromID="E39" fromText="Vt" toID="E38" toText="PEEP" type="SIMULTANEOUS" />
<TLINK id="TL87" fromID="E40" fromText="Fi02" toID="E39" toText="Vt" type="SIMULTANEOUS" />
<TLINK id="TL88" fromID="E84" fromText="John" toID="E83" toText="St. Margaret 's Center for Women & Infants John" type="SIMULTANEOUS" />
<TLINK id="TL89" fromID="E41" fromText="BP" toID="E84" toText="John" type="DURING" />
<TLINK id="TL90" fromID="E42" fromText="HR" toID="E41" toText="BP" type="OVERLAP" />
<TLINK id="TL91" fromID="E43" fromText="IVF" toID="E33" toText="NS IVF" type="SIMULTANEOUS" />
<TLINK id="TL93" fromID="E44" fromText="BP" toID="E41" toText="BP" type="AFTER" />
<TLINK id="TL94" fromID="E45" fromText="SBP" toID="E44" toText="BP" type="SIMULTANEOUS" />
<TLINK id="TL95" fromID="E46" fromText="Stool" toID="E44" toText="BP" type="OVERLAP" />
<TLINK id="TL96" fromID="E47" fromText="C.diff" toID="E46" toText="Stool" type="AFTER" />
<TLINK id="TL97" fromID="E48" fromText="Flagyl" toID="E46" toText="Stool" type="AFTER" />
<TLINK id="TL98" fromID="E48" fromText="Flagyl" toID="T9" toText="X 1" type="OVERLAP" />
<TLINK id="TL99" fromID="E49" fromText="respiratory failure" toID="E2" toText="respiratory failure" type="SIMULTANEOUS" />
<SECTIME id="S0" start="18" end="28" text="2017-08-14" type="ADMISSION" dvalue="2017-08-14" />
<SECTIME id="S1" start="46" end="56" text="2017-08-23" type="DISCHARGE" dvalue="2017-08-23" />
<TLINK id="SECTIME0" fromID="E21" fromText="coughing" toID="T1" toText="2017-08-14" type="OVERLAP" />
<TLINK id="SECTIME1" fromID="E75" fromText="Suctioned" toID="T1" toText="2017-08-14" type="OVERLAP" />
<TLINK id="SECTIME2" fromID="E76" fromText="mucus" toID="T1" toText="2017-08-14" type="OVERLAP" />
<TLINK id="SECTIME3" fromID="E78" fromText="cleared" toID="T1" toText="2017-08-14" type="OVERLAP" />
<TLINK id="SECTIME4" fromID="E22" fromText="dusky" toID="T1" toText="2017-08-14" type="OVERLAP" />
<TLINK id="SECTIME5" fromID="E23" fromText="cyanotic" toID="T1" toText="2017-08-14" type="OVERLAP" />
<TLINK id="SECTIME6" fromID="E24" fromText="stopped breathing" toID="T1" toText="2017-08-14" type="OVERLAP" />
<TLINK id="SECTIME7" fromID="E77" fromText="A code" toID="T1" toText="2017-08-14" type="BEFORE" />
<TLINK id="SECTIME8" fromID="E25" fromText="pulse" toID="T1" toText="2017-08-14" type="OVERLAP" />
<TLINK id="SECTIME9" fromID="E26" fromText="FiO2" toID="T1" toText="2017-08-14" type="OVERLAP" />
<TLINK id="SECTIME10" fromID="E27" fromText="Vitals" toID="T1" toText="2017-08-14" type="OVERLAP" />
<TLINK id="SECTIME11" fromID="E28" fromText="HR" toID="T1" toText="2017-08-14" type="OVERLAP" />
<TLINK id="SECTIME12" fromID="E29" fromText="BP" toID="T1" toText="2017-08-14" type="OVERLAP" />
<TLINK id="SECTIME13" fromID="E30" fromText="ABG" toID="T1" toText="2017-08-14" type="OVERLAP" />
<TLINK id="SECTIME14" fromID="E31" fromText="FiO2" toID="T1" toText="2017-08-14" type="OVERLAP" />
<TLINK id="SECTIME15" fromID="E79" fromText="Vencor Hospital" toID="T1" toText="2017-08-14" type="OVERLAP" />
<TLINK id="SECTIME16" fromID="E32" fromText="BP dropped" toID="T1" toText="2017-08-14" type="OVERLAP" />
<TLINK id="SECTIME17" fromID="E33" fromText="NS IVF" toID="T1" toText="2017-08-14" type="OVERLAP" />
<TLINK id="SECTIME18" fromID="E80" fromText="improvement" toID="T1" toText="2017-08-14" type="OVERLAP" />
<TLINK id="SECTIME19" fromID="E81" fromText="BP" toID="T1" toText="2017-08-14" type="OVERLAP" />
<TLINK id="SECTIME20" fromID="E34" fromText="EKG" toID="T1" toText="2017-08-14" type="OVERLAP" />
<TLINK id="SECTIME21" fromID="E82" fromText="acute changes" toID="T1" toText="2017-08-14" type="BEFORE" />
<TLINK id="SECTIME22" fromID="E65" fromText="transferred" toID="T1" toText="2017-08-14" type="OVERLAP" />
<TLINK id="SECTIME23" fromID="E83" fromText="St. Margaret 's Center for Women & Infants John" toID="T1" toText="2017-08-14" type="OVERLAP" />
<TLINK id="SECTIME24" fromID="E35" fromText="further management" toID="T1" toText="2017-08-14" type="OVERLAP" />
<TLINK id="SECTIME25" fromID="E36" fromText="AC" toID="T1" toText="2017-08-14" type="OVERLAP" />
<TLINK id="SECTIME26" fromID="E37" fromText="RR" toID="T1" toText="2017-08-14" type="OVERLAP" />
<TLINK id="SECTIME27" fromID="E38" fromText="PEEP" toID="T1" toText="2017-08-14" type="OVERLAP" />
<TLINK id="SECTIME28" fromID="E39" fromText="Vt" toID="T1" toText="2017-08-14" type="OVERLAP" />
<TLINK id="SECTIME29" fromID="E40" fromText="Fi02" toID="T1" toText="2017-08-14" type="OVERLAP" />
<TLINK id="SECTIME30" fromID="E84" fromText="John" toID="T1" toText="2017-08-14" type="OVERLAP" />
<TLINK id="SECTIME31" fromID="E41" fromText="BP" toID="T1" toText="2017-08-14" type="OVERLAP" />
<TLINK id="SECTIME32" fromID="E42" fromText="HR" toID="T1" toText="2017-08-14" type="OVERLAP" />
<TLINK id="SECTIME33" fromID="E43" fromText="IVF" toID="T1" toText="2017-08-14" type="OVERLAP" />
<TLINK id="SECTIME34" fromID="E44" fromText="BP" toID="T1" toText="2017-08-14" type="OVERLAP" />
<TLINK id="SECTIME35" fromID="E45" fromText="SBP" toID="T1" toText="2017-08-14" type="OVERLAP" />
<TLINK id="SECTIME36" fromID="E46" fromText="Stool" toID="T1" toText="2017-08-14" type="OVERLAP" />
<TLINK id="SECTIME37" fromID="E47" fromText="C.diff" toID="T1" toText="2017-08-14" type="OVERLAP" />
<TLINK id="SECTIME38" fromID="E48" fromText="Flagyl" toID="T1" toText="2017-08-14" type="OVERLAP" />
<TLINK id="SECTIME39" fromID="E85" fromText="admitted" toID="T2" toText="2017-08-23" type="BEFORE" />
<TLINK id="SECTIME40" fromID="E49" fromText="respiratory failure" toID="T2" toText="2017-08-23" type="BEFORE" />
<TLINK id="SECTIME41" fromID="E50" fromText="mucus plugging" toID="T2" toText="2017-08-23" type="BEFORE" />
<TLINK id="SECTIME42" fromID="E86" fromText="a pseudomonal pneumonia" toID="T2" toText="2017-08-23" type="BEFORE" />
<TLINK id="SECTIME43" fromID="E66" fromText="discharged" toID="T1" toText="2017-08-14" type="BEFORE" />
<TLINK id="SECTIME44" fromID="E87" fromText="treated" toID="T2" toText="2017-08-23" type="BEFORE" />
<TLINK id="SECTIME45" fromID="E88" fromText="oxygenate" toID="T2" toText="2017-08-23" type="BEFORE" />
<TLINK id="SECTIME46" fromID="E89" fromText="ventilate" toID="T2" toText="2017-08-23" type="BEFORE" />
<TLINK id="SECTIME47" fromID="E51" fromText="his usual ventilator settings" toID="T2" toText="2017-08-23" type="BEFORE" />
<TLINK id="SECTIME48" fromID="E70" fromText="St. Margaret 's Center for Women & Infants" toID="T1" toText="2017-08-14" type="BEFORE" />
<TLINK id="SECTIME49" fromID="E90" fromText="the admission" toID="T2" toText="2017-08-23" type="BEFORE" />
<TLINK id="SECTIME50" fromID="E91" fromText="acute decline in mental status" toID="T2" toText="2017-08-23" type="BEFORE" />
<TLINK id="SECTIME51" fromID="E92" fromText="evaluated" toID="T2" toText="2017-08-23" type="BEFORE" />
<TLINK id="SECTIME52" fromID="E93" fromText="neurology" toID="T2" toText="2017-08-23" type="BEFORE" />
<TLINK id="SECTIME53" fromID="E53" fromText="head CT" toID="T2" toText="2017-08-23" type="BEFORE" />
<TLINK id="SECTIME54" fromID="E54" fromText="MRI" toID="T2" toText="2017-08-23" type="BEFORE" />
<TLINK id="SECTIME55" fromID="E55" fromText="LP" toID="T2" toText="2017-08-23" type="BEFORE" />
<TLINK id="SECTIME56" fromID="E56" fromText="EEG" toID="T2" toText="2017-08-23" type="BEFORE" />
<TLINK id="SECTIME57" fromID="E57" fromText="This work-up" toID="T2" toText="2017-08-23" type="BEFORE" />
<TLINK id="SECTIME58" fromID="E94" fromText="demonstrated" toID="T2" toText="2017-08-23" type="BEFORE" />
<TLINK id="SECTIME59" fromID="E58" fromText="a small left basal ganglia infarct" toID="T2" toText="2017-08-23" type="BEFORE" />
<TLINK id="SECTIME60" fromID="E59" fromText="cardioembolic" toID="T2" toText="2017-08-23" type="BEFORE" />
<TLINK id="SECTIME61" fromID="E107" fromText="this event" toID="T2" toText="2017-08-23" type="BEFORE" />
<TLINK id="SECTIME62" fromID="E95" fromText="account for" toID="T2" toText="2017-08-23" type="BEFORE" />
<TLINK id="SECTIME63" fromID="E96" fromText="severe global deficit" toID="T2" toText="2017-08-23" type="BEFORE" />
<TLINK id="SECTIME64" fromID="E97" fromText="a more pervasive process" toID="T2" toText="2017-08-23" type="BEFORE" />
<TLINK id="SECTIME65" fromID="E60" fromText="anoxic encephalopathy" toID="T2" toText="2017-08-23" type="BEFORE" />
<TLINK id="SECTIME66" fromID="E98" fromText="the prognosis" toID="T2" toText="2017-08-23" type="BEFORE" />
<TLINK id="SECTIME67" fromID="E99" fromText="extremely grim" toID="T2" toText="2017-08-23" type="BEFORE" />
<TLINK id="SECTIME68" fromID="E100" fromText="discussed" toID="T2" toText="2017-08-23" type="BEFORE" />
<TLINK id="SECTIME69" fromID="E101" fromText="family meetings" toID="T2" toText="2017-08-23" type="BEFORE" />
<TLINK id="SECTIME70" fromID="E71" fromText="a prolonged admission" toID="T1" toText="2017-08-14" type="BEFORE" />
<TLINK id="SECTIME71" fromID="E102" fromText="the patient 's wishes" toID="T2" toText="2017-08-23" type="BEFORE" />
<TLINK id="SECTIME72" fromID="E103" fromText="level of functioning" toID="T2" toText="2017-08-23" type="BEFORE" />
<TLINK id="SECTIME73" fromID="E104" fromText="hope" toID="T2" toText="2017-08-23" type="BEFORE" />
<TLINK id="SECTIME74" fromID="E105" fromText="recovery" toID="T2" toText="2017-08-23" type="BEFORE" />
<TLINK id="SECTIME75" fromID="E1" fromText="STEMI" toID="T1" toText="2017-08-14" type="BEFORE" />
<TLINK id="SECTIME76" fromID="E61" fromText="comfort measures only" toID="T2" toText="2017-08-23" type="BEFORE" />
<TLINK id="SECTIME77" fromID="E62" fromText="the ventilator" toID="T2" toText="2017-08-23" type="BEFORE" />
<TLINK id="SECTIME78" fromID="E63" fromText="all medications" toID="T2" toText="2017-08-23" type="BEFORE" />
<TLINK id="SECTIME79" fromID="E2" fromText="respiratory failure" toID="T1" toText="2017-08-14" type="BEFORE" />
<TLINK id="SECTIME80" fromID="E64" fromText="a morphine drip" toID="T2" toText="2017-08-23" type="BEFORE" />
<TLINK id="SECTIME81" fromID="E106" fromText="expired" toID="T2" toText="2017-08-23" type="OVERLAP" />
<TLINK id="SECTIME82" fromID="E3" fromText="pulmonary edema" toID="T1" toText="2017-08-14" type="BEFORE" />
<TLINK id="SECTIME83" fromID="E67" fromText="intubation" toID="T1" toText="2017-08-14" type="BEFORE" />
<TLINK id="SECTIME84" fromID="E4" fromText="tracheostomy" toID="T1" toText="2017-08-14" type="BEFORE" />
<TLINK id="SECTIME85" fromID="E5" fromText="failure to wean" toID="T1" toText="2017-08-14" type="BEFORE" />
<TLINK id="SECTIME86" fromID="E6" fromText="sepsis" toID="T1" toText="2017-08-14" type="BEFORE" />
<TLINK id="SECTIME87" fromID="E7" fromText="C.difficile colitis" toID="T1" toText="2017-08-14" type="BEFORE" />
<TLINK id="SECTIME88" fromID="E8" fromText="Vancomycin" toID="T1" toText="2017-08-14" type="BEFORE" />
<TLINK id="SECTIME89" fromID="E9" fromText="Flagyl" toID="T1" toText="2017-08-14" type="BEFORE" />
<TLINK id="SECTIME90" fromID="E10" fromText="Levophed" toID="T1" toText="2017-08-14" type="BEFORE" />
<TLINK id="SECTIME91" fromID="E68" fromText="discharged" toID="T1" toText="2017-08-14" type="BEFORE" />
<TLINK id="SECTIME92" fromID="E72" fromText="Athol Memorial Hospital" toID="T1" toText="2017-08-14" type="BEFORE" />
<TLINK id="SECTIME93" fromID="E11" fromText="continued weaning" toID="T1" toText="2017-08-14" type="BEFORE" />
<TLINK id="SECTIME94" fromID="E73" fromText="Corrigan Mental Health Center" toID="T1" toText="2017-08-14" type="BEFORE" />
<TLINK id="SECTIME95" fromID="E12" fromText="ventilator dependent" toID="T1" toText="2017-08-14" type="BEFORE" />
<TLINK id="SECTIME96" fromID="E13" fromText="PS" toID="T1" toText="2017-08-14" type="BEFORE" />
<TLINK id="SECTIME97" fromID="E14" fromText="AC" toID="T1" toText="2017-08-14" type="BEFORE" />
<TLINK id="SECTIME98" fromID="E74" fromText="OSH" toID="T1" toText="2017-08-14" type="BEFORE" />
<TLINK id="SECTIME99" fromID="E15" fromText="sputum cultures" toID="T1" toText="2017-08-14" type="BEFORE" />
<TLINK id="SECTIME100" fromID="E16" fromText="Pseudomonas" toID="T1" toText="2017-08-14" type="BEFORE" />
<TLINK id="SECTIME101" fromID="E17" fromText="MRSA" toID="T1" toText="2017-08-14" type="BEFORE" />
<TLINK id="SECTIME102" fromID="E18" fromText="Zosyn" toID="T1" toText="2017-08-14" type="BEFORE" />
<TLINK id="SECTIME103" fromID="E19" fromText="Vancomycin" toID="T1" toText="2017-08-14" type="BEFORE" />
<TLINK id="SECTIME104" fromID="E20" fromText="Vancomycin" toID="T1" toText="2017-08-14" type="BEFORE" />
</TAGS>
</ClinicalNarrativeTemporalAnnotation>
