<?xml version="1.0" encoding="UTF-8" ?>
<ClinicalNarrativeTemporalAnnotation>
<TEXT><![CDATA[
Admission Date :
2015-09-16
Discharge Date :
2015-09-21
Service :
CARDIOTHOR
HISTORY OF PRESENT ILLNESS :
The patient is a 52 year old Czech speaking gentleman with a history of severe mitral regurgitation .
For the past several years , the patient has continued to have significant exercise intolerance which has limited his ability to work .
He reports severe dyspnea on exertion .
The patient had a recent admission earlier in the month and he was discharged on 2015-09-10 , after undergoing cardiac catheterization .
This was significant for demonstrating no flow-limited disease in the coronaries but several fistulae
from the left anterior descending to the PA .
Several of these were coil embolized during this admission .
He tolerated this well , was sent home , and now returns for his mitral valve repair .
HOSPITAL COURSE :
On the day of admission , the patient went to the Operating Room and underwent a minimally invasive
mitral valve repair .
He tolerated this procedure well .
The patient was brought to the cardiothoracic Intensive Care Unit in stable condition on minimal pressor support .
He was successfully weaned off this support .
The patient was fully weaned from ventilatory support secondary to a persistent acidemia .
This was treated with sodium bicarbonate and a Swan-Ganz was placed to provide close hemodynamic monitoring .
The patient was found to have stable hemodynamics with appropriate mixed venous saturations in the 70% range .
The patient was corrected to a normal pH of 7.41 by the first postoperative night and remained stable .
He was then weaned off of ventilatory support and was successfully extubated .
The patient did have a slight bit of confusion early in post-extubation course which cleared .
This was also compounded by a language barrier since the patient cannot speak English .
In addition , the patient 's early postoperative course had a tremendous urine output .
It was equally up to 700 cc. an hour and a renal consultation was obtained .
He underwent a head CT scan to rule out intracranial pathology leading to diabetes insipidus .
This was negative .
The patient 's serum and urine electrolytes indicated that this diuresis was appropriate .
The patient 's urine output has decreased and his BUN and creatinine remained normal .
The patient 's Foley was discontinued .
He had developed some hematuria which has resolved .
The patient has remained stable and is now ready for discharge to home with follow-up in approximately four weeks .
]]></TEXT>
<TAGS>
<EVENT id="E25" start="1" end="10" text="Admission" modality="FACTUAL" polarity="POS" type="OCCURRENCE" />
<EVENT id="E41" start="1020" end="1058" text="the cardiothoracic Intensive Care Unit" modality="FACTUAL" polarity="POS" type="CLINICAL_DEPT" />
<EVENT id="E42" start="1062" end="1078" text="stable condition" modality="FACTUAL" polarity="POS" type="OCCURRENCE" />
<EVENT id="E8" start="1082" end="1105" text="minimal pressor support" modality="FACTUAL" polarity="POS" type="TREATMENT" />
<EVENT id="E58" start="1128" end="1138" text="weaned off" modality="FACTUAL" polarity="POS" type="OCCURRENCE" />
<EVENT id="E9" start="1139" end="1151" text="this support" modality="FACTUAL" polarity="POS" type="TREATMENT" />
<EVENT id="E59" start="1176" end="1182" text="weaned" modality="FACTUAL" polarity="POS" type="OCCURRENCE" />
<EVENT id="E10" start="1188" end="1207" text="ventilatory support" modality="FACTUAL" polarity="POS" type="TREATMENT" />
<EVENT id="E11" start="1221" end="1242" text="a persistent acidemia" modality="FACTUAL" polarity="POS" type="PROBLEM" />
<EVENT id="E12" start="1267" end="1285" text="sodium bicarbonate" modality="FACTUAL" polarity="POS" type="TREATMENT" />
<EVENT id="E13" start="1290" end="1301" text="a Swan-Ganz" modality="FACTUAL" polarity="POS" type="TREATMENT" />
<EVENT id="E14" start="1324" end="1352" text="close hemodynamic monitoring" modality="FACTUAL" polarity="POS" type="TEST" />
<EVENT id="E43" start="1371" end="1376" text="found" modality="FACTUAL" polarity="POS" type="EVIDENTIAL" />
<EVENT id="E44" start="1385" end="1404" text="stable hemodynamics" modality="FACTUAL" polarity="POS" type="TEST" />
<EVENT id="E15" start="1428" end="1446" text="venous saturations" modality="FACTUAL" polarity="POS" type="TEST" />
<EVENT id="E27" start="1504" end="1506" text="pH" modality="FACTUAL" polarity="POS" type="TEST" />
<EVENT id="E45" start="1552" end="1567" text="remained stable" modality="FACTUAL" polarity="POS" type="OCCURRENCE" />
<EVENT id="E46" start="1596" end="1615" text="ventilatory support" modality="FACTUAL" polarity="POS" type="TREATMENT" />
<EVENT id="E28" start="1637" end="1646" text="extubated" modality="FACTUAL" polarity="POS" type="TREATMENT" />
<EVENT id="E47" start="1686" end="1695" text="confusion" modality="FACTUAL" polarity="POS" type="PROBLEM" />
<EVENT id="E48" start="1734" end="1741" text="cleared" modality="FACTUAL" polarity="POS" type="OCCURRENCE" />
<EVENT id="E49" start="1772" end="1790" text="a language barrier" modality="FACTUAL" polarity="POS" type="PROBLEM" />
<EVENT id="E1" start="179" end="206" text="severe mitral regurgitation" modality="FACTUAL" polarity="POS" type="PROBLEM" />
<EVENT id="E50" start="1905" end="1917" text="urine output" modality="FACTUAL" polarity="POS" type="TEST" />
<EVENT id="E17" start="1961" end="1981" text="a renal consultation" modality="FACTUAL" polarity="POS" type="OCCURRENCE" />
<EVENT id="E18" start="2010" end="2024" text="a head CT scan" modality="FACTUAL" polarity="POS" type="TEST" />
<EVENT id="E51" start="2037" end="2059" text="intracranial pathology" modality="POSSIBLE" polarity="POS" type="PROBLEM" />
<EVENT id="E19" start="2071" end="2089" text="diabetes insipidus" modality="CONDITIONAL" polarity="POS" type="PROBLEM" />
<EVENT id="E20" start="2112" end="2132" text="The patient 's serum" modality="FACTUAL" polarity="POS" type="TEST" />
<EVENT id="E21" start="2137" end="2155" text="urine electrolytes" modality="FACTUAL" polarity="POS" type="TEST" />
<EVENT id="E52" start="2171" end="2184" text="this diuresis" modality="FACTUAL" polarity="POS" type="TREATMENT" />
<EVENT id="E53" start="2203" end="2230" text="The patient 's urine output" modality="FACTUAL" polarity="POS" type="TEST" />
<EVENT id="E60" start="2235" end="2244" text="decreased" modality="FACTUAL" polarity="POS" type="OCCURRENCE" />
<EVENT id="E22" start="2249" end="2256" text="his BUN" modality="FACTUAL" polarity="POS" type="TEST" />
<EVENT id="E23" start="2261" end="2271" text="creatinine" modality="FACTUAL" polarity="POS" type="TEST" />
<EVENT id="E54" start="2290" end="2310" text="The patient 's Foley" modality="FACTUAL" polarity="POS" type="TREATMENT" />
<EVENT id="E55" start="2352" end="2361" text="hematuria" modality="FACTUAL" polarity="POS" type="PROBLEM" />
<EVENT id="E56" start="2399" end="2414" text="remained stable" modality="FACTUAL" polarity="POS" type="OCCURRENCE" />
<EVENT id="E29" start="2436" end="2445" text="discharge" modality="FACTUAL" polarity="POS" type="OCCURRENCE" />
<EVENT id="E57" start="2459" end="2468" text="follow-up" modality="FACTUAL" polarity="POS" type="TREATMENT" />
<EVENT id="E0" start="272" end="304" text="significant exercise intolerance" modality="FACTUAL" polarity="POS" type="PROBLEM" />
<EVENT id="E26" start="29" end="38" text="Discharge" modality="FACTUAL" polarity="POS" type="OCCURRENCE" />
<EVENT id="E30" start="323" end="342" text="his ability to work" modality="FACTUAL" polarity="POS" type="OCCURRENCE" />
<EVENT id="E31" start="348" end="355" text="reports" modality="FACTUAL" polarity="POS" type="EVIDENTIAL" />
<EVENT id="E2" start="356" end="370" text="severe dyspnea" modality="FACTUAL" polarity="POS" type="PROBLEM" />
<EVENT id="E32" start="410" end="419" text="admission" modality="FACTUAL" polarity="POS" type="OCCURRENCE" />
<EVENT id="E33" start="452" end="462" text="discharged" modality="FACTUAL" polarity="POS" type="OCCURRENCE" />
<EVENT id="E3" start="496" end="519" text="cardiac catheterization" modality="FACTUAL" polarity="POS" type="TEST" />
<EVENT id="E34" start="547" end="560" text="demonstrating" modality="FACTUAL" polarity="POS" type="EVIDENTIAL" />
<EVENT id="E35" start="564" end="602" text="flow-limited disease in the coronaries" modality="FACTUAL" polarity="NEG" type="PROBLEM" />
<EVENT id="E4" start="607" end="623" text="several fistulae" modality="FACTUAL" polarity="POS" type="PROBLEM" />
<EVENT id="E5" start="692" end="706" text="coil embolized" modality="FACTUAL" polarity="POS" type="TREATMENT" />
<EVENT id="E36" start="714" end="728" text="this admission" modality="FACTUAL" polarity="POS" type="OCCURRENCE" />
<EVENT id="E37" start="780" end="787" text="returns" modality="FACTUAL" polarity="POS" type="OCCURRENCE" />
<EVENT id="E38" start="792" end="815" text="his mitral valve repair" modality="FACTUAL" polarity="POS" type="TREATMENT" />
<EVENT id="E39" start="850" end="859" text="admission" modality="FACTUAL" polarity="POS" type="OCCURRENCE" />
<EVENT id="E40" start="882" end="900" text="the Operating Room" modality="FACTUAL" polarity="POS" type="CLINICAL_DEPT" />
<EVENT id="E6" start="936" end="955" text="mitral valve repair" modality="FACTUAL" polarity="POS" type="TREATMENT" />
<EVENT id="E7" start="971" end="985" text="this procedure" modality="FACTUAL" polarity="POS" type="TREATMENT" />
<TIMEX3 id="T8" start="1518" end="1547" text="the first postoperative night" type="DATE" val="2015-09-16" mod="END" />
<TIMEX3 id="T9" start="1705" end="1727" text="post-extubation course" type="DATE" val="2015-09-17" mod="APPROX" />
<TIMEX3 id="T0" start="18" end="28" text="2015-09-16" type="DATE" val="2015-09-16" mod="NA" />
<TIMEX3 id="T10" start="1861" end="1887" text="early postoperative course" type="DATE" val="2015-09-17" mod="APPROX" />
<TIMEX3 id="T13" start="1949" end="1956" text="an hour" type="FREQUENCY" val="RPT1H" mod="NA" />
<TIMEX3 id="T3" start="222" end="235" text="several years" type="DURATION" val="P4Y" mod="APPROX" />
<TIMEX3 id="T11" start="2422" end="2425" text="now" type="DATE" val="2015-09-21" mod="NA" />
<TIMEX3 id="T12" start="2486" end="2496" text="four weeks" type="DATE" val="2015-10-19" mod="APPROX" />
<TIMEX3 id="T4" start="420" end="440" text="earlier in the month" type="DATE" val="2015-09" mod="START" />
<TIMEX3 id="T1" start="46" end="56" text="2015-09-21" type="DATE" val="2015-09-21" mod="NA" />
<TIMEX3 id="T5" start="466" end="476" text="2015-09-10" type="DATE" val="2015-09-10" mod="NA" />
<TIMEX3 id="T6" start="776" end="779" text="now" type="DATE" val="2015-09-16" mod="NA" />
<TIMEX3 id="T7" start="839" end="846" text="the day" type="DATE" val="2015-09-16" mod="NA" />
<TLINK id="TL0" fromID="E25" fromText="Admission" toID="T0" toText="2015-09-16" type="SIMULTANEOUS" />
<TLINK id="TL1" fromID="E6" fromText="mitral valve repair" toID="E7" toText="this procedure" type="SIMULTANEOUS" />
<TLINK id="TL10" fromID="E32" fromText="admission" toID="T4" toText="earlier in the month" type="SIMULTANEOUS" />
<TLINK id="TL11" fromID="E33" fromText="discharged" toID="T5" toText="2015-09-10" type="SIMULTANEOUS" />
<TLINK id="TL12" fromID="T5" fromText="2015-09-10" toID="E25" toText="Admission" type="BEFORE" />
<TLINK id="TL14" fromID="E33" fromText="discharged" toID="E3" toText="cardiac catheterization" type="AFTER" />
<TLINK id="TL15" fromID="E34" fromText="demonstrating" toID="E3" toText="cardiac catheterization" type="DURING" />
<TLINK id="TL16" fromID="E35" fromText="flow-limited disease in the coronaries" toID="E34" toText="demonstrating" type="BEFORE_OVERLAP" />
<TLINK id="TL17" fromID="E4" fromText="several fistulae" toID="E35" toText="flow-limited disease in the coronaries" type="OVERLAP" />
<TLINK id="TL18" fromID="E4" fromText="several fistulae" toID="E5" toText="coil embolized" type="ENDED_BY" />
<TLINK id="TL19" fromID="E5" fromText="coil embolized" toID="E36" toText="this admission" type="DURING" />
<TLINK id="TL2" fromID="E26" fromText="Discharge" toID="T1" toText="2015-09-21" type="SIMULTANEOUS" />
<TLINK id="TL20" fromID="E36" fromText="this admission" toID="E32" toText="admission" type="SIMULTANEOUS" />
<TLINK id="TL21" fromID="E32" fromText="admission" toID="E33" toText="discharged" type="ENDED_BY" />
<TLINK id="TL23" fromID="T6" fromText="now" toID="T0" toText="2015-09-16" type="SIMULTANEOUS" />
<TLINK id="TL24" fromID="E37" fromText="returns" toID="T6" toText="now" type="SIMULTANEOUS" />
<TLINK id="TL25" fromID="E38" fromText="his mitral valve repair" toID="T6" toText="now" type="AFTER" />
<TLINK id="TL26" fromID="T7" fromText="the day" toID="E39" toText="admission" type="SIMULTANEOUS" />
<TLINK id="TL27" fromID="E39" fromText="admission" toID="E25" toText="Admission" type="SIMULTANEOUS" />
<TLINK id="TL28" fromID="E40" fromText="the Operating Room" toID="T7" toText="the day" type="SIMULTANEOUS" />
<TLINK id="TL29" fromID="E6" fromText="mitral valve repair" toID="E40" toText="the Operating Room" type="DURING" />
<TLINK id="TL3" fromID="E1" fromText="severe mitral regurgitation" toID="E25" toText="Admission" type="BEFORE_OVERLAP" />
<TLINK id="TL30" fromID="E7" fromText="this procedure" toID="E6" toText="mitral valve repair" type="SIMULTANEOUS" />
<TLINK id="TL32" fromID="E41" fromText="the cardiothoracic Intensive Care Unit" toID="E40" toText="the Operating Room" type="AFTER" />
<TLINK id="TL33" fromID="E42" fromText="stable condition" toID="E41" toText="the cardiothoracic Intensive Care Unit" type="BEFORE_OVERLAP" />
<TLINK id="TL34" fromID="E8" fromText="minimal pressor support" toID="E42" toText="stable condition" type="OVERLAP" />
<TLINK id="TL35" fromID="E9" fromText="this support" toID="E8" toText="minimal pressor support" type="SIMULTANEOUS" />
<TLINK id="TL36" fromID="E58" fromText="weaned off" toID="E41" toText="the cardiothoracic Intensive Care Unit" type="DURING" />
<TLINK id="TL37" fromID="E9" fromText="this support" toID="E58" toText="weaned off" type="ENDED_BY" />
<TLINK id="TL38" fromID="E59" fromText="weaned" toID="E58" toText="weaned off" type="OVERLAP" />
<TLINK id="TL39" fromID="E10" fromText="ventilatory support" toID="E59" toText="weaned" type="ENDED_BY" />
<TLINK id="TL4" fromID="E0" fromText="significant exercise intolerance" toID="T3" toText="several years" type="SIMULTANEOUS" />
<TLINK id="TL40" fromID="E59" fromText="weaned" toID="E11" toText="a persistent acidemia" type="AFTER" />
<TLINK id="TL41" fromID="E11" fromText="a persistent acidemia" toID="E12" toText="sodium bicarbonate" type="ENDED_BY" />
<TLINK id="TL42" fromID="E13" fromText="a Swan-Ganz" toID="E12" toText="sodium bicarbonate" type="AFTER" />
<TLINK id="TL43" fromID="E14" fromText="close hemodynamic monitoring" toID="E13" toText="a Swan-Ganz" type="SIMULTANEOUS" />
<TLINK id="TL44" fromID="E43" fromText="found" toID="E13" toText="a Swan-Ganz" type="DURING" />
<TLINK id="TL45" fromID="E44" fromText="stable hemodynamics" toID="E43" toText="found" type="OVERLAP" />
<TLINK id="TL46" fromID="E15" fromText="venous saturations" toID="E44" toText="stable hemodynamics" type="SIMULTANEOUS" />
<TLINK id="TL47" fromID="T8" fromText="the first postoperative night" toID="E40" toText="the Operating Room" type="AFTER" />
<TLINK id="TL48" fromID="T8" fromText="the first postoperative night" toID="E26" toText="Discharge" type="BEFORE" />
<TLINK id="TL49" fromID="E27" fromText="pH" toID="T8" toText="the first postoperative night" type="BEGUN_BY" />
<TLINK id="TL5" fromID="T3" fromText="several years" toID="E25" toText="Admission" type="ENDED_BY" />
<TLINK id="TL50" fromID="E45" fromText="remained stable" toID="E27" toText="pH" type="SIMULTANEOUS" />
<TLINK id="TL51" fromID="E46" fromText="ventilatory support" toID="E10" toText="ventilatory support" type="SIMULTANEOUS" />
<TLINK id="TL52" fromID="E28" fromText="extubated" toID="E46" toText="ventilatory support" type="AFTER" />
<TLINK id="TL53" fromID="T9" fromText="post-extubation course" toID="E28" toText="extubated" type="AFTER" />
<TLINK id="TL54" fromID="E47" fromText="confusion" toID="T9" toText="post-extubation course" type="DURING" />
<TLINK id="TL55" fromID="E47" fromText="confusion" toID="E48" toText="cleared" type="ENDED_BY" />
<TLINK id="TL56" fromID="E49" fromText="a language barrier" toID="E47" toText="confusion" type="OVERLAP" />
<TLINK id="TL57" fromID="E50" fromText="urine output" toID="T10" toText="early postoperative course" type="SIMULTANEOUS" />
<TLINK id="TL58" fromID="T10" fromText="early postoperative course" toID="E40" toText="the Operating Room" type="AFTER" />
<TLINK id="TL59" fromID="E50" fromText="urine output" toID="T13" toText="an hour" type="OVERLAP" />
<TLINK id="TL6" fromID="E30" fromText="his ability to work" toID="E0" toText="significant exercise intolerance" type="SIMULTANEOUS" />
<TLINK id="TL60" fromID="E50" fromText="urine output" toID="E17" toText="a renal consultation" type="BEFORE_OVERLAP" />
<TLINK id="TL61" fromID="E18" fromText="a head CT scan" toID="E17" toText="a renal consultation" type="AFTER" />
<TLINK id="TL62" fromID="E51" fromText="intracranial pathology" toID="E18" toText="a head CT scan" type="BEFORE_OVERLAP" />
<TLINK id="TL63" fromID="E51" fromText="intracranial pathology" toID="E19" toText="diabetes insipidus" type="BEFORE_OVERLAP" />
<TLINK id="TL64" fromID="E20" fromText="The patient 's serum" toID="E18" toText="a head CT scan" type="OVERLAP" />
<TLINK id="TL65" fromID="E21" fromText="urine electrolytes" toID="E20" toText="The patient 's serum" type="OVERLAP" />
<TLINK id="TL66" fromID="E52" fromText="this diuresis" toID="E50" toText="urine output" type="SIMULTANEOUS" />
<TLINK id="TL67" fromID="E52" fromText="this diuresis" toID="E21" toText="urine electrolytes" type="BEFORE_OVERLAP" />
<TLINK id="TL68" fromID="E53" fromText="The patient 's urine output" toID="E50" toText="urine output" type="SIMULTANEOUS" />
<TLINK id="TL69" fromID="E53" fromText="The patient 's urine output" toID="E60" toText="decreased" type="BEFORE_OVERLAP" />
<TLINK id="TL7" fromID="E31" fromText="reports" toID="E25" toText="Admission" type="SIMULTANEOUS" />
<TLINK id="TL70" fromID="E22" fromText="his BUN" toID="E60" toText="decreased" type="OVERLAP" />
<TLINK id="TL71" fromID="E23" fromText="creatinine" toID="E22" toText="his BUN" type="OVERLAP" />
<TLINK id="TL72" fromID="E54" fromText="The patient 's Foley" toID="E60" toText="decreased" type="ENDED_BY" />
<TLINK id="TL73" fromID="E55" fromText="hematuria" toID="E54" toText="The patient 's Foley" type="OVERLAP" />
<TLINK id="TL74" fromID="E56" fromText="remained stable" toID="E55" toText="hematuria" type="OVERLAP" />
<TLINK id="TL75" fromID="E29" fromText="discharge" toID="E26" toText="Discharge" type="SIMULTANEOUS" />
<TLINK id="TL76" fromID="T11" fromText="now" toID="E29" toText="discharge" type="SIMULTANEOUS" />
<TLINK id="TL77" fromID="E57" fromText="follow-up" toID="E29" toText="discharge" type="AFTER" />
<TLINK id="TL78" fromID="E57" fromText="follow-up" toID="T12" toText="four weeks" type="SIMULTANEOUS" />
<TLINK id="TL8" fromID="E2" fromText="severe dyspnea" toID="E31" toText="reports" type="BEFORE_OVERLAP" />
<TLINK id="TL9" fromID="E32" fromText="admission" toID="E25" toText="Admission" type="BEFORE" />
<SECTIME id="S0" start="18" end="28" text="2015-09-16" type="ADMISSION" dvalue="2015-09-16" />
<SECTIME id="S1" start="46" end="56" text="2015-09-21" type="DISCHARGE" dvalue="2015-09-21" />
<TLINK id="SECTIME0" fromID="E41" fromText="the cardiothoracic Intensive Care Unit" toID="T1" toText="2015-09-21" type="BEFORE" />
<TLINK id="SECTIME1" fromID="E42" fromText="stable condition" toID="T1" toText="2015-09-21" type="BEFORE" />
<TLINK id="SECTIME2" fromID="E8" fromText="minimal pressor support" toID="T1" toText="2015-09-21" type="BEFORE" />
<TLINK id="SECTIME3" fromID="E58" fromText="weaned off" toID="T1" toText="2015-09-21" type="BEFORE" />
<TLINK id="SECTIME4" fromID="E9" fromText="this support" toID="T1" toText="2015-09-21" type="BEFORE" />
<TLINK id="SECTIME5" fromID="E59" fromText="weaned" toID="T1" toText="2015-09-21" type="BEFORE" />
<TLINK id="SECTIME6" fromID="E10" fromText="ventilatory support" toID="T1" toText="2015-09-21" type="BEFORE" />
<TLINK id="SECTIME7" fromID="E11" fromText="a persistent acidemia" toID="T1" toText="2015-09-21" type="BEFORE" />
<TLINK id="SECTIME8" fromID="E12" fromText="sodium bicarbonate" toID="T1" toText="2015-09-21" type="BEFORE" />
<TLINK id="SECTIME9" fromID="E13" fromText="a Swan-Ganz" toID="T1" toText="2015-09-21" type="BEFORE" />
<TLINK id="SECTIME10" fromID="E14" fromText="close hemodynamic monitoring" toID="T1" toText="2015-09-21" type="BEFORE" />
<TLINK id="SECTIME11" fromID="E43" fromText="found" toID="T1" toText="2015-09-21" type="BEFORE" />
<TLINK id="SECTIME12" fromID="E44" fromText="stable hemodynamics" toID="T1" toText="2015-09-21" type="BEFORE" />
<TLINK id="SECTIME13" fromID="E15" fromText="venous saturations" toID="T1" toText="2015-09-21" type="BEFORE" />
<TLINK id="SECTIME14" fromID="E27" fromText="pH" toID="T1" toText="2015-09-21" type="BEFORE" />
<TLINK id="SECTIME15" fromID="E45" fromText="remained stable" toID="T1" toText="2015-09-21" type="BEFORE" />
<TLINK id="SECTIME16" fromID="E46" fromText="ventilatory support" toID="T1" toText="2015-09-21" type="BEFORE" />
<TLINK id="SECTIME17" fromID="E28" fromText="extubated" toID="T1" toText="2015-09-21" type="BEFORE" />
<TLINK id="SECTIME18" fromID="E47" fromText="confusion" toID="T1" toText="2015-09-21" type="BEFORE" />
<TLINK id="SECTIME19" fromID="E48" fromText="cleared" toID="T1" toText="2015-09-21" type="BEFORE" />
<TLINK id="SECTIME20" fromID="E49" fromText="a language barrier" toID="T1" toText="2015-09-21" type="BEFORE" />
<TLINK id="SECTIME21" fromID="E1" fromText="severe mitral regurgitation" toID="T0" toText="2015-09-16" type="BEFORE" />
<TLINK id="SECTIME22" fromID="E50" fromText="urine output" toID="T1" toText="2015-09-21" type="BEFORE" />
<TLINK id="SECTIME23" fromID="E17" fromText="a renal consultation" toID="T1" toText="2015-09-21" type="BEFORE" />
<TLINK id="SECTIME24" fromID="E18" fromText="a head CT scan" toID="T1" toText="2015-09-21" type="BEFORE" />
<TLINK id="SECTIME25" fromID="E51" fromText="intracranial pathology" toID="T1" toText="2015-09-21" type="BEFORE" />
<TLINK id="SECTIME26" fromID="E19" fromText="diabetes insipidus" toID="T1" toText="2015-09-21" type="BEFORE" />
<TLINK id="SECTIME27" fromID="E20" fromText="The patient 's serum" toID="T1" toText="2015-09-21" type="BEFORE" />
<TLINK id="SECTIME28" fromID="E21" fromText="urine electrolytes" toID="T1" toText="2015-09-21" type="BEFORE" />
<TLINK id="SECTIME29" fromID="E52" fromText="this diuresis" toID="T1" toText="2015-09-21" type="BEFORE" />
<TLINK id="SECTIME30" fromID="E53" fromText="The patient 's urine output" toID="T1" toText="2015-09-21" type="BEFORE" />
<TLINK id="SECTIME31" fromID="E60" fromText="decreased" toID="T1" toText="2015-09-21" type="BEFORE" />
<TLINK id="SECTIME32" fromID="E22" fromText="his BUN" toID="T1" toText="2015-09-21" type="BEFORE" />
<TLINK id="SECTIME33" fromID="E23" fromText="creatinine" toID="T1" toText="2015-09-21" type="BEFORE" />
<TLINK id="SECTIME34" fromID="E54" fromText="The patient 's Foley" toID="T1" toText="2015-09-21" type="BEFORE" />
<TLINK id="SECTIME35" fromID="E55" fromText="hematuria" toID="T1" toText="2015-09-21" type="BEFORE" />
<TLINK id="SECTIME36" fromID="E56" fromText="remained stable" toID="T1" toText="2015-09-21" type="BEFORE" />
<TLINK id="SECTIME37" fromID="E29" fromText="discharge" toID="T1" toText="2015-09-21" type="OVERLAP" />
<TLINK id="SECTIME38" fromID="E57" fromText="follow-up" toID="T1" toText="2015-09-21" type="AFTER" />
<TLINK id="SECTIME39" fromID="E0" fromText="significant exercise intolerance" toID="T0" toText="2015-09-16" type="BEFORE" />
<TLINK id="SECTIME40" fromID="E30" fromText="his ability to work" toID="T0" toText="2015-09-16" type="BEFORE" />
<TLINK id="SECTIME41" fromID="E31" fromText="reports" toID="T0" toText="2015-09-16" type="OVERLAP" />
<TLINK id="SECTIME42" fromID="E2" fromText="severe dyspnea" toID="T0" toText="2015-09-16" type="BEFORE" />
<TLINK id="SECTIME43" fromID="E32" fromText="admission" toID="T0" toText="2015-09-16" type="BEFORE" />
<TLINK id="SECTIME44" fromID="E33" fromText="discharged" toID="T0" toText="2015-09-16" type="BEFORE" />
<TLINK id="SECTIME45" fromID="E3" fromText="cardiac catheterization" toID="T0" toText="2015-09-16" type="BEFORE" />
<TLINK id="SECTIME46" fromID="E34" fromText="demonstrating" toID="T0" toText="2015-09-16" type="BEFORE" />
<TLINK id="SECTIME47" fromID="E35" fromText="flow-limited disease in the coronaries" toID="T0" toText="2015-09-16" type="BEFORE" />
<TLINK id="SECTIME48" fromID="E4" fromText="several fistulae" toID="T0" toText="2015-09-16" type="BEFORE" />
<TLINK id="SECTIME49" fromID="E5" fromText="coil embolized" toID="T0" toText="2015-09-16" type="BEFORE" />
<TLINK id="SECTIME50" fromID="E36" fromText="this admission" toID="T0" toText="2015-09-16" type="BEFORE" />
<TLINK id="SECTIME51" fromID="E37" fromText="returns" toID="T0" toText="2015-09-16" type="OVERLAP" />
<TLINK id="SECTIME52" fromID="E38" fromText="his mitral valve repair" toID="T0" toText="2015-09-16" type="AFTER" />
<TLINK id="SECTIME53" fromID="E39" fromText="admission" toID="T1" toText="2015-09-21" type="BEFORE" />
<TLINK id="SECTIME54" fromID="E40" fromText="the Operating Room" toID="T1" toText="2015-09-21" type="BEFORE" />
<TLINK id="SECTIME55" fromID="E6" fromText="mitral valve repair" toID="T1" toText="2015-09-21" type="BEFORE" />
<TLINK id="SECTIME56" fromID="E7" fromText="this procedure" toID="T1" toText="2015-09-21" type="BEFORE" />
</TAGS>
</ClinicalNarrativeTemporalAnnotation>